p,n,D,T,He3,He4,Be7,Li7,T9,Tnu9,time
0.5027867782698077,0.4972132217301924,1.101543870044077e-10,5.4409109029108356e-21,5.404362156549963e-21,1.6870404434607335e-31,6.203433842767503e-62,6.118473175938358e-62,116.02274045712961,116.02274045712961,0.0
0.5325670051157009,0.4674329951013029,1.6793358279301094e-12,2.0680799396991373e-24,2.42242555338674e-24,8.432603842620473e-36,5.4753227037002725e-71,5.107069959823265e-71,114.9828451981677,114.9827196012663,0.0001340307549617476
0.5328603736326724,0.46713962658436997,1.6600478832267108e-12,2.0277073461281985e-24,2.375661597215897e-24,8.308911160457247e-36,5.227448756600567e-71,4.878707792968971e-71,113.95227037195325,113.95201916838127,0.0002704988306721556
0.5331563588116378,0.4668436414054426,1.641009309950321e-12,1.9882509574296816e-24,2.32995628432141e-24,8.18892957046935e-36,4.99235199655712e-71,4.662031796128419e-71,112.93093244077821,112.93055561062069,0.0004094484083078119
0.5334549845238129,0.4665450156933052,1.622216832019332e-12,1.9496889794345104e-24,2.285284522285782e-24,8.07256692929592e-36,4.769327506669268e-71,4.456401127758139e-71,111.918748615671,111.91824612921934,0.0005509220392334863
0.5337562735667944,0.4662437266503608,1.6036672216991765e-12,1.912000183348363e-24,2.241621857099565e-24,7.959734435500124e-36,4.557711826046808e-71,4.261212479549792e-71,110.91563684968584,110.91500866720578,0.0006949646462719013
0.534060249035083,0.46593975118210895,1.5853572908214895e-12,1.8751638511164695e-24,2.1989444236254444e-24,7.850346388608402e-36,4.356879623918906e-71,4.075897044608944e-71,109.92151583125197,109.92076190281487,0.0008416231156754515
0.534366933849419,0.465633066367809,1.567283898462827e-12,1.8391597924772368e-24,2.1572289614612784e-24,7.744320214151208e-36,4.166241951797149e-71,3.8999189548166145e-71,108.93630497758258,108.93542524295925,0.000990945888725965
0.5346763515403801,0.46532364867688375,1.5494439396074304e-12,1.803968298606117e-24,2.116452767544001e-24,7.641576266456337e-36,3.985243604130275e-71,3.732772885504564e-71,107.959924428143,107.95891881675558,0.0011429825822214723
0.5349885258454136,0.46501147437188534,1.5318343567176877e-12,1.769570164364359e-24,2.0765937192356817e-24,7.542037868745502e-36,3.813361555374525e-71,3.5739826579535846e-71,106.992295038177,106.99116346910435,0.0012977836363375049
0.5353034791384449,0.46469652107888887,1.5144521298764182e-12,1.735946658828084e-24,2.037630226449864e-24,7.445631160005053e-36,3.65010275715433e-71,3.4230992714019436e-71,106.0333383722916,106.03208075432373,0.0014553999884188696
0.5356212394234933,0.4643787607938748,1.4972942554437814e-12,1.703079447228567e-24,1.9995411960154247e-24,7.352284882278557e-36,3.4950021081798736e-71,3.2796989771805353e-71,105.08297669809899,105.08159292983693,0.0016158827713236023
0.5359418139607077,0.4640581862566942,1.480357862067036e-12,1.6709508877341856e-24,1.962306180323937e-24,7.261930993510081e-36,3.3476217260271148e-71,3.1433829622204172e-71,104.14113297991567,104.13962294991258,0.001779283035003778
0.5362653059643411,0.4637346942530944,1.4636399604158736e-12,1.6395431795102459e-24,1.9259052720340808e-24,7.174503128633362e-36,3.207548184021174e-71,3.0137734126019137e-71,103.20773087251798,103.20609445721658,0.0019456863509005782
0.5365918158031172,0.4634081844143513,1.4471376799557092e-12,1.608839124341292e-24,1.8903192027743493e-24,7.089937890568303e-36,3.074392005904169e-71,2.8905144197085426e-71,102.2826947149536,102.28093169923991,0.0021164426943827185
0.5369212042175477,0.4630787959999533,1.430848255673481e-12,1.578822830441655e-24,1.855528393888809e-24,7.008175048169593e-36,2.9477847678898755e-71,2.7732719600711027e-71,101.36594952440856,101.36405966942395,0.0022919144637254247
0.537253466714931,0.4627465335026021,1.4147689272983763e-12,1.5494782996127476e-24,1.8215142137101166e-24,6.929156449751143e-36,2.8273795225612854e-71,2.661729758176201e-71,100.45742099012904,100.45540408056588,0.002471721349952572
0.537588643646172,0.4624113565713928,1.3988969361403415e-12,1.5207897270226813e-24,1.7882585826914254e-24,6.852826084959241e-36,2.7128488983956413e-71,2.5555888087862745e-71,99.55703546739801,99.55489130678419,0.0026555370980469515
0.5379267610487912,0.46207323916880494,1.3832295742650897e-12,1.4927417683147455e-24,1.7557438425521144e-24,6.779130368500976e-36,2.6038839690402037e-71,2.454567027320039e-71,98.66471997156549,98.66244837792992,0.0028430855653593413
0.5382678487782285,0.46173215143939866,1.367764157627728e-12,1.4653194203937462e-24,1.7239527506374834e-24,6.708017902947892e-36,2.5001929651146063e-71,2.358397883080006e-71,97.78040217213243,97.77800297403044,0.003034136993345417
0.538611935163744,0.4613880650539137,1.3524980557548981e-12,1.438508094382864e-24,1.692868528537484e-24,6.639439655365639e-36,2.4015007173941583e-71,2.266829954357554e-71,96.90401038688786,96.90148341976544,0.00322850448273539
0.5389590484839611,0.46104095173372656,1.3374286568053196e-12,1.4122935218803219e-24,1.6624747622006055e-24,6.573348642815462e-36,2.3075470704119798e-71,2.179625470120585e-71,96.0354735760981,96.03281867897566,0.003426040662661021
0.5393092175718304,0.46069078264588725,1.322553395582864e-12,1.3866618154507882e-24,1.632755477613824e-24,6.50970013903688e-36,2.2180866255878684e-71,2.0965600798576556e-71,95.17472133674852,95.17193834920545,0.0036266345446671414
0.5396624707240988,0.4603375294936481,1.3078697362207646e-12,1.3615994169699842e-24,1.6036950735989076e-24,6.448451470402293e-36,2.1328874457241335e-71,2.017421683417391e-71,94.32168389683666,94.31877265627878,0.0038302085529217985
0.5400188366651649,0.4599811635526109,1.2933751755765151e-12,1.337093099849418e-24,1.575278330739192e-24,6.389562032811183e-36,2.0517304307962737e-71,1.9420098602452323e-71,93.47629210971655,93.4732524489098,0.004036715722309955
0.5403783437040384,0.45962165651376613,1.2790672509508449e-12,1.3131299773369057e-24,1.5474904169232657e-24,6.332993298070848e-36,1.9744086416694552e-71,1.870135263260157e-71,92.63847744849369,92.63530919334781,0.004246137056451941
0.5407410211104834,0.45925897910734936,1.2649435237645677e-12,1.2896974612109688e-24,1.5203168463217026e-24,6.278708697703768e-36,1.90072644405335e-71,1.8016188319922224e-71,91.80817200047045,91.80487496805726,0.004458479038029518
0.5411068977433389,0.4588931024745217,1.2510015928032606e-12,1.2667832824683859e-24,1.493743496670672e-24,6.226673666376851e-36,1.830498980103584e-71,1.7362913247381629e-71,90.98530846164095,90.98188245843308,0.004673771284130501
0.541476002442529,0.4585239977753591,1.23723909097691e-12,1.2443754773636397e-24,1.4677565954809654e-24,6.17685560083885e-36,1.7635515279196477e-71,1.6739927347346705e-71,90.1698201312355,90.1662649515513,0.004892064339637405
0.5418483648753725,0.4581516353425427,1.223653677344025e-12,1.2224623641574499e-24,1.44234269720436e-24,6.129223799394531e-36,1.699718851199354e-71,1.6145716944138007e-71,89.3616409063139,89.35795633095576,0.005113427601987596
0.5422240139088232,0.45777598630911887,1.2102430488752311e-12,1.2010325621764291e-24,1.4174886974886208e-24,6.083749504263175e-36,1.6388447753538276e-71,1.5578851028729536e-71,88.56070527640718,88.55689107148048,0.005337947370922107
0.5426029795723709,0.45739702064559756,1.1970049271943614e-12,1.1800749557853259e-24,1.3931818013289717e-24,6.040405815341835e-36,1.580781538081412e-71,1.503797523005355e-71,87.76694831820733,87.76300423410856,0.0055657250171180315
0.5429852910235334,0.4570147091944613,1.1839370693520997e-12,1.1595787137958895e-24,1.3694095354379928e-24,5.9991677372428614e-36,1.5253894362585521e-71,1.4521808749430672e-71,86.9803056903047,86.97623146086714,0.005796875263866125
0.5433709781571796,0.456629022060841,1.1710372595551632e-12,1.1395332630898674e-24,1.3461597260526912e-24,5.960012120171063e-36,1.4725362713826894e-71,1.4029139221075345e-71,86.20071362797249,86.19650896975898,0.006031524576210762
0.5437600707360072,0.4562399294820388,1.1583033131060973e-12,1.1199282933853677e-24,1.3234205001424748e-24,5.922917678541158e-36,1.4220969912313754e-71,1.3558819519271868e-71,85.42810893799806,85.42377354973081,0.00626980965221472
0.544152598478069,0.4558474017400021,1.1457330744366857e-12,1.1007537467667375e-24,1.3011802738430078e-24,5.887864972317212e-36,1.3739532561372608e-71,1.3109763811014887e-71,84.66242899356051,84.65796255567811,0.006511876011246348
0.5445485912765408,0.45545140894155517,1.1333244168232918e-12,1.0819998113423932e-24,1.2794277464340371e-24,5.854836403854741e-36,1.3279930685074835e-71,1.2680944179885016e-71,83.90361172915418,83.89901390348709,0.00675787667441228
0.5449480790084169,0.45505192120970356,1.121075242235775e-12,1.0636569161583304e-24,1.2581518935801496e-24,5.8238162187442387e-36,1.284110422455943e-71,1.227138745565871e-71,83.15159563555768,83.14686606511319,0.0070079709324750135
0.5453510914695114,0.4546489087486331,1.108983480845766e-12,1.0457157248274865e-24,1.2373419598044795e-24,5.794790505415041e-36,1.242204963430235e-71,1.1880172123987177e-71,82.40631975484801,82.40145806369675,0.007262323196802042
0.5457576586313485,0.45424234158681986,1.0970470906241741e-12,1.0281671293304903e-24,1.2169874527408539e-24,5.767747199662719e-36,1.2021816778405807e-71,1.1506425494373837e-71,81.66772367545931,81.66272946871565,0.007521101929092009
0.5461678103090379,0.4538321899091541,1.0852640570899889e-12,1.0110022451535199e-24,1.197078135986883e-24,5.7426760927953054e-36,1.1639505956950354e-71,1.114932101318096e-71,80.93574752728598,80.93062039117483,0.007784478645813894
0.5465815764348323,0.453418423783383,1.0736323928384822e-12,9.94212405067721e-25,1.1776040233904371e-24,5.719568841172733e-36,1.1274265128328447e-71,1.0808075726327766e-71,80.21033197682961,80.20507147883274,0.00805262699347789
0.5469989869330911,0.4530010132851471,1.0621501371449097e-12,9.77789153786687e-25,1.1585553723732373e-24,5.6984189790781865e-36,1.092528726039296e-71,1.04819478775018e-71,79.49141822238948,79.48602391146501,0.008325721891031708
0.5474200714549413,0.4525799287633196,1.0508153560377566e-12,9.617242444303293e-25,1.1399226787431257e-24,5.679221940236951e-36,1.0591807942117614e-71,1.0170234747008283e-71,78.7789479892961,78.77341939616483,0.008603938735843803
0.5478448599784638,0.4521551402398195,1.039626141175013e-12,9.460096302061188e-25,1.121696669990865e-24,5.661975069706043e-36,1.0273102930906803e-71,9.872270394840714e-72,78.07286352518753,78.06720016268021,0.008887452669895842
0.5482733823550935,0.45172661786321194,1.0285806100448155e-12,9.306374617540014e-25,1.1038683001999903e-24,5.646677653243346e-36,9.96848605152987e-72,9.587423774666854e-72,77.37310759532805,77.36730895878833,0.009176437902960743
0.5487056682408534,0.45129433197747376,1.0176769058576856e-12,9.156000828869561e-25,1.0864287449757113e-24,5.6333309461115715e-36,9.677307152773553e-72,9.31509686764829e-72,76.67962347796862,76.6736890457064,0.009471067089690303
0.5491417475003214,0.4508582527180273,1.006913196402327e-12,9.008900233136265e-25,1.0693693949017725e-24,5.621938197485918e-36,9.398950073207245e-72,9.054722823976124e-72,75.9923549597492,75.9862841935393,0.009771510757677728
0.5495816499007309,0.4504183503176391,9.962876744013636e-13,8.864999960557664e-25,1.0526818513217793e-24,5.612504690059225e-36,9.132830880981103e-72,8.805764374781858e-72,75.31124633114209,75.30503867676389,0.010077936783695961
0.5500254052145127,0.4499745950038782,9.857985567852126e-13,8.724228919802312e-25,1.0363579205366215e-24,5.605037776402232e-36,8.878396113571986e-72,8.567712216453947e-72,74.63624238193606,74.62989726974972,0.010390509915442396
0.5504730431306667,0.44952695708774487,9.754440849145738e-13,8.586517768963711e-25,1.020389610166089e-24,5.599546926651598e-36,8.635121221030986e-72,8.340083609140713e-72,73.96728839676116,73.96080524231627,0.010709391336244795
0.5509245934384792,0.44907540677995283,9.652225235530614e-13,8.451798852439584e-25,1.0047691227086108e-24,5.59604376940218e-36,8.402508943855342e-72,8.122420886333004e-72,73.30433015065351,73.29770835532626,0.011034738270302335
0.5513800859031585,0.44861991431529386,9.551321607181989e-13,8.320006166806795e-25,9.89488851131877e-25,5.59454214605562e-36,8.180087902272041e-72,7.91429018425592e-72,72.6473139046598,72.64055285631542,0.011366703626149503
0.5518395501018178,0.4481604501166544,9.451713083846073e-13,8.191075342135498e-25,9.7454137622109e-25,5.595058173074592e-36,7.967411310307436e-72,7.715280264288748e-72,71.99618640148132,71.98928547515794,0.011705435676139802
0.5523030158815967,0.44769698433689525,9.353383002294172e-13,8.06494355930754e-25,9.599194587656195e-25,5.597610293546421e-36,7.764055563003541e-72,7.525001224521843e-72,71.35089486115692,71.343853419768,0.012051077769850555
0.5527705128143399,0.4472294874041715,9.2563149346432e-13,7.941549558258901e-25,9.45616038617873e-25,5.6022193546531474e-36,7.569619160517109e-72,7.34308353374443e-72,70.71138697678467,70.70420437183698,0.01240376807941009
0.5532420706899277,0.4467579295286029,9.160492665183694e-13,7.8208335587426535e-25,9.316242273223877e-25,5.6089086718962965e-36,7.383721463199677e-72,7.169176882967925e-72,70.07761091028199,70.07028648260633,0.012763639374844303
0.5537177191229122,0.44628228109563717,9.065900205661795e-13,7.702737261635417e-25,9.179373069815989e-25,5.617704116024006e-36,7.206001723557548e-72,7.002949320863309e-72,69.44951528818359,69.44204836867556,0.013130818827631095
0.5541974877611527,0.4458025124574154,8.9725217791076e-13,7.587203786298691e-25,9.045487237865359e-25,5.6286341913011524e-36,7.036117994870234e-72,6.844086248313212e-72,68.82704919747724,68.81943910784584,0.013505427840738759
0.5546814061660998,0.44531859405248675,8.880341826219212e-13,7.474177654458742e-25,8.914520858393698e-25,5.6417301313802706e-36,6.873746238344734e-72,6.692289620780158e-72,68.21016218147676,68.20240823499839,0.01388758190350837
0.5551695039096955,0.4448304963089092,8.789344995643717e-13,7.363604744269584e-25,8.786411581887404e-25,5.6570259956758475e-36,6.718579397336841e-72,6.547277094931879e-72,67.59880423573205,67.59090573800788,0.014277390469820217
0.5556618105247577,0.44433818969386496,8.699516143283998e-13,7.255432260606958e-25,8.661098593206847e-25,5.6745587747577584e-36,6.570326558345777e-72,6.408781270391896e-72,66.99292580397575,66.98488205369044,0.01467495685806104
0.5561583554056901,0.4438416448129502,8.610840334104632e-13,7.149608713606783e-25,8.538522584060018e-25,5.694368507339821e-36,6.428712189468184e-72,6.276549006421046e-72,66.39247777410625,66.38428806378637,0.015080378171482339
0.5566591679730258,0.4433408322456321,8.523302831380196e-13,7.046083871413982e-25,8.41862570423763e-25,5.716498398143222e-36,6.293475353531943e-72,6.150340697091018e-72,65.79741147420671,65.78907509097685,0.015493745237609949
0.5571642774585028,0.44283572276017236,8.436889102588406e-13,6.944808746469147e-25,8.30135153984471e-25,5.740994951520005e-36,6.16436904245021e-72,6.029929678952906e-72,65.20767866859973,65.19919489493513,0.015915142565432177
0.557673713073122,0.44232628714557015,8.351584810799152e-13,6.845735555364328e-25,8.186645072532525e-25,5.767908110257515e-36,6.041159500350933e-72,5.915101611232499e-72,64.62323155393736,64.61459966841134,0.01634464831915806
0.5581875039202321,0.44181249629847696,8.26737581153581e-13,6.748817689891733e-25,8.074452643800498e-25,5.7972914048012896e-36,5.92362559724744e-72,5.805653909797152e-72,64.04402275532627,64.03524203335118,0.01678233430739829
0.5587056788470794,0.4412943213716463,8.184248157745835e-13,6.654009702721375e-25,7.964721935081152e-25,5.829202116001987e-36,5.811558276834862e-72,5.701395254195628e-72,63.47000532248755,63.46107503704811,0.017228265986680088
0.5592282666747868,0.44077173354395544,8.102188089599983e-13,6.561267266249822e-25,7.857401927460764e-25,5.8637014449507975e-36,5.704759987770717e-72,5.602145071941186e-72,62.901132725950916,62.892052148328744,0.017682502478263248
0.5597552960274674,0.440244704191291,8.021182034523275e-13,6.470547151401725e-25,7.752442872723173e-25,5.9008546966158716e-36,5.603044175384033e-72,5.507733086966216e-72,62.33735885328308,62.32812725377139,0.018145096597277945
0.5602867952953657,0.4397132049234088,7.941216605933381e-13,6.381807204832262e-25,7.6497962665994155e-25,5.9407314774834324e-36,5.506234810714563e-72,5.417998881675087e-72,61.778638005349904,61.76925465395749,0.018616094893255948
0.560822792610047,0.4391772076087434,7.862278605026014e-13,6.295006328323644e-25,7.549414825923161e-25,5.983405902942857e-36,5.414165947066773e-72,5.332791514909575e-72,61.22492489261208,61.21538905975564,0.01909553770117571
0.5613633160260736,0.43863668419273233,7.784355002160061e-13,6.210104433233355e-25,7.451252439416792e-25,6.028956825918466e-36,5.326681271561777e-72,5.251969121459718e-72,60.67617463145398,60.66648558863808,0.019583459202188257
0.5619083931326788,0.4380916070861425,7.707432959924503e-13,6.127062451867478e-25,7.355264174078932e-25,6.077468071275392e-36,5.243633764376173e-72,5.175398603267856e-72,60.132342740545404,60.12249976102943,0.020079887493235502
0.5624580514557166,0.4375419487631199,7.631499802662131e-13,6.045842275797068e-25,7.261406212123503e-25,6.129028698310817e-36,5.164885280476879e-72,5.102955258859879e-72,59.59338513723598,59.583387496687315,0.020584844664814497
0.5630123179321358,0.4369876822867157,7.556543041479333e-13,5.966406772855695e-25,7.169635860209724e-25,6.183733270366584e-36,5.090306266612224e-72,5.034522543150059e-72,59.059258133981785,59.04910511111474,0.021098346886182364
0.5635712194251495,0.4364287807937168,7.482550355251502e-13,5.888719737457561e-25,7.079911505674907e-25,6.241682146563728e-36,5.019775412094998e-72,4.96999174843132e-72,58.52991843480419,58.51960931200424,0.021620404497334527
0.56413478171022,0.4358652185086609,7.409509588733256e-13,5.8127458844210915e-25,6.992192580540181e-25,6.302981807611068e-36,4.953179363301841e-72,4.909261782171996e-72,58.005323131780195,57.99485719571301,0.022151022107126384
0.5647030334101918,0.43529696680870367,7.337408750925384e-13,5.7384507799882e-25,6.90643959457365e-25,6.367745155765462e-36,4.890412484767821e-72,4.85223887657217e-72,57.485429701564414,57.47480624376934,0.022690198696943185
0.5652759884784466,0.43472401174046316,7.266236059783499e-13,5.665801083966561e-25,6.822613933654096e-25,6.43609199596702e-36,4.831376564449437e-72,4.79883669312782e-72,56.97019600194209,56.959414319409774,0.02323792772935685
0.565854002203271,0.4341459980156528,7.195978598963536e-13,5.594758894668769e-25,6.740680846327177e-25,6.508147107306057e-36,4.77598104759973e-72,4.748969639497168e-72,56.459580268413184,56.44863962793894,0.023794674166558814
0.5664377396633373,0.43356226055560027,7.126622403837456e-13,5.525282453252782e-25,6.660608871012165e-25,6.584040624787268e-36,4.724142585726722e-72,4.702553485774449e-72,55.953541110806846,55.94244056976847,0.0243631664228465
0.5670262215746442,0.43297377864430703,7.058160003473139e-13,5.457356808272191e-25,6.582353959437407e-25,6.663921459447017e-36,4.675782902984858e-72,4.659540436916809e-72,55.45203750992648,55.440776108164236,0.024943464397278868
0.5676194639798757,0.432380536239089,6.990580256083032e-13,5.390951844021412e-25,6.505881426588249e-25,6.747940713745972e-36,4.630831660680416e-72,4.61987108020077e-72,54.95502881422462,54.943605607476265,0.025535201118955284
0.5682174909474993,0.43178250927147876,6.923872134342125e-13,5.326038087405582e-25,6.431157556703755e-25,6.836258450642048e-36,4.589225079023073e-72,4.583492255593184e-72,54.46247473650789,54.450888791507666,0.0261380980758766
0.5688203630212234,0.43117963719776775,6.858024621620637e-13,5.262586272993523e-25,6.3581498051451105e-25,6.929044015457594e-36,4.550905843736308e-72,4.550356521732409e-72,53.97433535067124,53.96258574069815,0.026751957870850118
0.5694281299827763,0.4305718702362279,6.793026904755594e-13,5.2005680729714975e-25,6.286826419367998e-25,7.026476913851085e-36,4.515822973965637e-72,4.520422945542454e-72,53.49057108846159,53.478656889310244,0.027376657296287195
0.5700408432301,0.429959156988917,6.728868293641751e-13,5.139955860071794e-25,6.2171564801782245e-25,7.128747381375858e-36,4.4839317260929865e-72,4.493656780939305e-72,53.01114273627049,52.999063022618905,0.028012140807934426
0.5706585519815167,0.42934144823751286,6.665538261169467e-13,5.08072277373215e-25,6.1491098915289545e-25,7.236057036871555e-36,4.4551935550712916e-72,4.4700295445691474e-72,52.53601143195543,52.523765274105735,0.028658414378438888
0.5712813046822827,0.42871869553675945,6.603026429957929e-13,5.022842677717758e-25,6.082657368720173e-25,7.348619590130553e-36,4.4295760729599585e-72,4.4495190010804443e-72,52.06513866168979,52.052725122658686,0.029315539712472697
0.5719091485299596,0.42809085168909494,6.541322568821383e-13,4.966290147375434e-25,6.017770414677634e-25,7.466661607279125e-36,4.4070530224578835e-72,4.4321091281504613e-72,51.59848625684082,51.585904389778044,0.029983628805934116
0.5725421298770568,0.4274578703420098,6.480416590694021e-13,4.911040450281625e-25,5.954421310483118e-25,7.590423323113411e-36,4.3876042804550824e-72,4.417790198528122e-72,51.1360163908758,51.12326523678964,0.030662838832500924
0.5731802941280423,0.4268197060910363,6.420298544931744e-13,4.857069526918312e-25,5.892583092067229e-25,7.720159528124582e-36,4.37121587214279e-72,4.406558793524442e-72,50.67769157629586,50.664770162066056,0.03135336734154088
0.5738236857270507,0.4261763144920399,6.360958622600369e-13,4.804353983203429e-25,5.8322295454832305e-25,7.856140497818863e-36,4.357880019021202e-72,4.3984179403992604e-72,50.22347466159716,50.21038199825653,0.03205544775208263
0.574472347844501,0.42552765237460116,6.302387162516853e-13,4.752871087878592e-25,5.773335200549977e-25,7.998652993942743e-36,4.347595209600103e-72,4.393377151748989e-72,49.77332882825953,49.760063909526345,0.0327693451282203
0.5751263229012717,0.42487367731784187,6.244574628018272e-13,4.702598732596889e-25,5.715875295669939e-25,8.148001380597171e-36,4.34036626608457e-72,4.391452588373983e-72,49.32721758776193,49.313779388806296,0.03349535222196816
0.5757856516882102,0.4242143485309148,6.187511635626547e-13,4.653515458731527e-25,5.659825796319342e-25,8.3045087519209e-36,4.336204482549414e-72,4.3926672288510634e-72,48.885104778624736,48.87149225505289,0.03423378577019789
0.5764503743654414,0.4235496258536948,6.131188916910083e-13,4.605600397117737e-25,5.605163344783324e-25,8.46851823780199e-36,4.335127721742425e-72,4.3970510047688577e-72,48.44695456347848,48.43316665051981,0.03498498303288238
0.57712052949453,0.42287947072461746,6.07559734774621e-13,4.558833298092421e-25,5.551865280298838e-25,8.640394317213399e-36,4.3371606064382155e-72,4.404641035542529e-72,48.01273142615894,47.99876703804138,0.0357492985604363
0.5777961543817662,0.4222038458373921,6.020727934217817e-13,4.513194503558087e-25,5.499909615049103e-25,8.820524291664085e-36,4.3423346931364625e-72,4.4154818936213167e-72,47.58240016882819,47.5682581983283,0.03652710117848765
0.578477285007683,0.42152271521148627,5.966571812322727e-13,4.468664937456984e-25,5.449275024321715e-25,9.009319851335838e-36,4.3506886865673383e-72,4.42962582827451e-72,47.155925909121514,47.141605227276386,0.03731877117893494
0.5791639560515907,0.42083604416758924,5.913120242887097e-13,4.425226091537084e-25,5.399940832270653e-25,9.207218775182315e-36,4.3622686823632534e-72,4.447133094835545e-72,46.73327407731985,46.71877353328851,0.038124697706644825
0.5798562005309784,0.420143799688212,5.860364620965738e-13,4.382860029786285e-25,5.35188701328442e-25,9.414686737227094e-36,4.3771284532105533e-72,4.4680723045533743e-72,46.31441041354756,46.29972883461046,0.03894527633162268
0.5805540502701143,0.4194459499490867,5.808296460020664e-13,4.341549359043531e-25,5.3050941683348665e-25,9.632219295537458e-36,4.3953297463756375e-72,4.4925207751642927e-72,45.89930096499544,45.88443715668089,0.03978090679694832
0.5812575355077919,0.41874246471141924,5.756907401485122e-13,4.301277234816508e-25,5.259543527104881e-25,9.860343998876687e-36,4.4169426404263733e-72,4.520564996589156e-72,45.48791208316841,45.47286482949579,0.040631990933208566
0.5819666848166457,0.4180333154025756,5.706189213005359e-13,4.262027352466239e-25,5.215216938330205e-25,1.0099622681656029e-35,4.442045929928312e-72,4.552301053271206e-72,45.08021042115807,45.06497848498793,0.041498930730579364
0.5826815254850326,0.41731847473419886,5.656133777014578e-13,4.223783924892295e-25,5.172096852689121e-25,1.0350653957385775e-35,4.4707275457081133e-72,4.587835155178431e-72,44.67616293093963,44.66074505442156,0.04238212656011426
0.5834020831944461,0.4165979170247953,5.606733099500541e-13,4.186531687596404e-25,5.130166325480046e-25,1.0614075878635402e-35,4.5030850348136984e-72,4.627284229778148e-72,44.27573686069298,44.260131765802385,0.04328197553618308
0.5841283818929628,0.41587161832628833,5.557979308562442e-13,4.150255891442129e-25,5.089409007824616e-25,1.0890568833507348e-35,4.539226079389719e-72,4.670776501985996e-72,43.87889975214793,43.863106141303625,0.04419887001237445
0.584860444146075,0.4151395560731858,5.509864644941931e-13,4.1149422845866606e-25,5.049809133600066e-25,1.1180858697512303e-35,4.579269066836831e-72,4.718452207211608e-72,43.4856194379531,43.469635994707964,0.045133196203531775
0.5855982909592299,0.41440170926004033,5.462381465994428e-13,4.0805771117681827e-25,5.011351517856015e-25,1.1485720212377866e-35,4.623343720937473e-72,4.770464308273128e-72,43.09586403906852,43.079689428865855,0.0460853329269313
0.5863419416056725,0.4136580586136071,5.415522246592498e-13,4.0471471114460456e-25,4.974021552227871e-25,1.1805980660700306e-35,4.671591794230784e-72,4.826979400743648e-72,42.709601962181495,42.69323483317024,0.047055650455937695
0.5870914137454959,0.41290858647379297,5.369279575627593e-13,4.0146395059173905e-25,4.9378051976217395e-25,1.2142523849283087e-35,4.724167822979825e-72,4.888178497269002e-72,42.326801897145664,42.31024088104807,0.04804450947978295
0.5878467235900212,0.41215327662927675,5.323646149623274e-13,3.983041990157196e-25,4.902688975241576e-25,1.249629445112219e-35,4.781239958685934e-72,4.954258096491882e-72,41.94743281444307,41.93067652746863,0.04905226016341436
0.5886078854647728,0.41139211475453424,5.278614782024901e-13,3.952342738483004e-25,4.868659969637597e-25,1.286830265355945e-35,4.842990874871515e-72,5.025431248474856e-72,41.57146396266886,41.55451100646896,0.050079241301642166
0.5893749121552405,0.4106250880640754,5.234178394702039e-13,3.9225303907359977e-25,4.835705819835115e-25,1.3259629274686982e-35,4.909618763585035e-72,5.101928700051878e-72,41.19886486603866,41.18171382869643,0.051125779562091786
0.5901478146807363,0.40985218553858827,5.190330017720272e-13,3.8935940499016556e-25,4.803814714214036e-25,1.367143128572386e-35,4.981338421640766e-72,5.184000240255717e-72,40.829605321918194,40.81225477896867,0.052192188811726915
0.5909266024033324,0.4090733978160009,5.147062786447238e-13,3.865523276097271e-25,4.7729753868928e-25,1.4104947835321447e-35,5.058382445218273e-72,5.271916073633231e-72,40.463655398375074,40.44610391385085,0.053278769521960895
0.5917112828647098,0.40828871735463207,5.104369947761066e-13,3.8383080891446324e-25,4.743177121039183e-25,1.456150673908637e-35,5.141002527924235e-72,5.365968415150658e-72,40.100985431752555,40.08323155925063,0.05438580824761331
0.5925018617036157,0.4074981385157346,5.06224485430611e-13,3.811938962314968e-25,4.7144097407674825e-25,1.5042531618255956e-35,5.229470888986113e-72,5.466473133300512e-72,39.741566024265026,39.72360830803064,0.05551357717519847
0.5932983428378918,0.4067016573814667,5.020680959014197e-13,3.786406814641317e-25,4.686663606448837e-25,1.5549549667201307e-35,5.324081837769019e-72,5.573771638918837e-72,39.38536804161501,39.367205017638746,0.05666233373625202
0.5941007280872578,0.405899272132109,4.97967182644325e-13,3.7617030199342775e-25,4.659929622631861e-25,1.608420001014527e-35,5.425153472732073e-72,5.688232942375656e-72,39.03236261063159,39.01399280775599,0.05783232028161181
0.5949090175102709,0.40509098270910404,4.939211114568882e-13,3.7378193900290776e-25,4.6341992226848375e-25,1.6648243012832012e-35,5.533029567945407e-72,5.810255841006255e-72,38.682521116929955,38.66394305796244,0.059023763812770344
0.5957232089007846,0.40427679131859817,4.899292595271035e-13,3.7147481912032323e-25,4.609464385341863e-25,1.7243570154122685e-35,5.648081601223418e-72,5.9402714161048e-72,38.33581520259195,38.317027405420916,0.060236875766607856
0.5965432980290746,0.40345670219031593,4.859910130105422e-13,3.692482126326759e-25,4.585717614394972e-25,1.7872215173424836e-35,5.770711030308376e-72,6.078745679081568e-72,37.992216763867376,37.97321774257851,0.06147185184999917
0.597369279024991,0.40263072119440735,4.821057692923296e-13,3.6710143428062107e-25,4.562951963570517e-25,1.8536365737216302e-35,5.901351710923367e-72,6.226182534901029e-72,37.65169794889594,37.6324862148862,0.06272887192096299
0.5982011406235637,0.40179885959584244,4.782729353970246e-13,3.6503384635322907e-25,4.541160997770172e-25,1.9238376997779464e-35,6.040472677989948e-72,6.383127104834056e-72,37.314231155449605,37.29480521853624,0.06400809991319008
0.5990388829953569,0.40096111722405686,4.744919248226039e-13,3.6304483966356367e-25,4.5203388868856585e-25,1.9980784905719086e-35,6.188580972066061e-72,6.550168870097859e-72,36.97978902869516,36.96014739821765,0.06530968380094725
0.5998824463726254,0.40011755384679576,4.707621820458155e-13,3.611339184961422e-25,4.50048011118876e-25,2.07663240345126e-35,6.346225124614433e-72,6.727947518466428e-72,36.648344458976844,36.62848564488947,0.06663375560150782
0.6007320124978909,0.3992679877215378,4.670830653993871e-13,3.5930033833466208e-25,4.481580603690618e-25,2.1597937692273e-35,6.513998220393628e-72,6.917148412409398e-72,36.31987057961889,36.29979309324732,0.0679804445680596
0.601592188202266,0.39840781201717,4.634522062854843e-13,3.575380859595486e-25,4.463652914058108e-25,2.2478637220436155e-35,6.692517462121003e-72,7.118356225381641e-72,35.99434076474771,35.97404286396572,0.06936017619851369
0.6024629472255318,0.3975370529939113,4.598690502188851e-13,3.558467632946666e-25,4.446692437935088e-25,2.3411827542616304e-35,6.882472712987368e-72,7.332363653953803e-72,35.6717286271336,35.651208408897375,0.07077942147297527
0.6033402328205946,0.39665976739885567,4.563346473719615e-13,3.5423084113562385e-25,4.430681029460576e-25,2.4401349259596115e-35,7.084636168773259e-72,7.560183816057436e-72,35.35200801605185,35.331263654911844,0.07223486918082786
0.604222568481466,0.39577743173799107,4.5284904205290446e-13,3.52691725248831e-25,4.4156109576449995e-25,2.54512680035403e-35,7.299832783273724e-72,7.802824211346199e-72,35.03515301516295,35.0141827500154,0.07372366805809819
0.6051093795737635,0.3948906206457006,4.4941193576458064e-13,3.512297818068247e-25,4.401478477036077e-25,2.656594750494105e-35,7.528952012278236e-72,8.06134519021966e-72,34.721137940411836,34.69994006231273,0.07524339348866708
0.6060005516515932,0.39399944856787783,4.460228573895737e-13,3.4984486993379395e-25,4.388282077593238e-25,2.775009323663804e-35,7.772956338581433e-72,8.336880829824007e-72,34.40993733794598,34.38851017892729,0.0767920160020824
0.6068961417630401,0.3931038584564375,4.4268127668342656e-13,3.485366889378214e-25,4.376021412248392e-25,2.9008794210736044e-35,8.032889575070749e-72,8.630657159433948e-72,34.1015259820521,34.079867904883045,0.07836787148477634
0.6077962790316368,0.39220372118784746,4.3938664254230085e-13,3.4730489756279013e-25,4.36469693052761e-25,3.034756255574481e-35,8.309885178540267e-72,8.944004427517814e-72,33.79587887311136,33.77398826195003,0.07996963302501416
0.6087011143220598,0.3912988858974309,4.361384032868583e-13,3.461491746432047e-25,4.354309711848094e-25,3.177237496098899e-35,8.605175098895029e-72,9.27836972067679e-72,33.49297123557296,33.47084648745633,0.08159628431528484
0.6096108018742346,0.39038919834526253,4.329360133781046e-13,3.4506924101855662e-25,4.3448614082072e-25,3.3289717187487034e-35,8.920099405686468e-72,9.635328923832557e-72,33.19277851594581,33.170418033068785,0.08324709453909203
0.6105254917467687,0.38947450847273474,4.2977893667206794e-13,3.440648688894003e-25,4.336354232973204e-25,3.4906632590983937e-35,9.256116860035946e-72,1.0016599943817124e-71,32.895276380808255,32.87267856354457,0.0849215946722208
0.6114453278598354,0.38855467235967417,4.2666664674715366e-13,3.4313588435704204e-25,4.32879096503741e-25,3.663077560973821e-35,9.61481663171571e-72,1.0424057081768614e-71,32.60044071483565,32.57760395545593,0.08661955513154773
0.6123704475642454,0.38762955265527044,4.2359862729295354e-13,3.4228216832480845e-25,4.322174962632963e-25,3.8470470535225005e-35,9.997931239359545e-72,1.0859746659282573e-71,32.30824761884553,32.28517029588995,0.08834096470733255
0.6133009821960245,0.3866990180234973,4.2057437156512114e-13,3.4150365621296166e-25,4.316510177889828e-25,4.0434776571375765e-35,1.0407350940399514e-71,1.1325904799640615e-71,32.0186734078604,31.995353881125435,0.09008601071768477
0.6142370572713147,0.385762942948213,4.175933829148794e-13,3.408003382196011e-25,4.31180117516788e-25,4.253355940697581e-35,1.0845139644548775e-71,1.1824976800385025e-71,31.73169460918784,31.708131215288674,0.09185506032654292
0.6151787929975092,0.38482120722202445,4.146551732323897e-13,3.4017225925822366e-25,4.308053142694853e-25,4.477757142011097e-35,1.1313552807957992e-71,1.2359639023800623e-71,31.447287960517823,31.423479008989812,0.09364864296904021
0.6161263041207744,0.38387369609876504,4.117592641356521e-13,3.3961951979287937e-25,4.3052719135515665e-25,4.717853922755379e-35,1.1815057094516101e-71,1.2932823166660057e-71,31.165430408037096,31.141374177941714,0.09546743383056394
0.6170796998707266,0.38292030034881847,4.089051863919207e-13,3.391422766166771e-25,4.3034639804430475e-25,4.974926174524596e-35,1.2352352483134727e-71,1.3547743186559123e-71,30.886099104560422,30.86179384156252,0.09731223832815201
0.6180390835684897,0.3819609166510611,4.0609248008064213e-13,3.387407441391783e-25,4.3026365131190305e-25,5.250371846631614e-35,1.2928396815842322e-71,1.4207925978228845e-71,30.609271407678627,30.584715321563934,0.09918397754510687
0.6190045522570686,0.38099544796248774,4.033206946983078e-13,3.384151957671886e-25,4.3027973769029355e-25,5.545719006394802e-35,1.354643328301626e-71,1.4917245029849762e-71,30.334924877923235,30.310116140526237,0.10108367457185885
0.6199761961368582,0.3800238040827036,4.0058938933883297e-13,3.381659655833181e-25,4.303955151497654e-25,5.862639208971645e-35,1.4210021062774634e-71,1.5679958542967802e-71,30.063037276947504,30.03797402046166,0.10301244170816912
0.6209540980076496,0.3790459022119176,3.9789813282272887e-13,3.3799345016039645e-25,4.3061191511025725e-25,6.202962387276521e-35,1.492306963185557e-71,1.6500751817855497e-71,29.793586565723825,29.76826688136733,0.10497146848373909
0.6219383327653405,0.37806166745423186,3.9524650394488175e-13,3.378981104814446e-25,4.309299446784831e-25,6.568693424572278e-35,1.568987719064867e-71,1.7384785401751735e-71,29.526550902757254,29.500972839769133,0.10696201045618858
0.6229289667072665,0.3770710335123112,3.9263409160713345e-13,3.378804740318017e-25,4.313506887740873e-25,6.96203058563348e-35,1.6515173625420752e-71,1.833774796829149e-71,29.26190864231503,29.2360702072575,0.1089853787471826
0.6239260571932762,0.37607394302630665,3.9006049503096687e-13,3.3794113689884295e-25,4.318753127754267e-25,7.385386114967923e-35,1.7404168856815763e-71,1.9365917609520247e-71,28.99963833267203,28.973537489016458,0.1110429302792276
0.6249296521532012,0.3750703480663867,3.875253238939057e-13,3.3808076601460364e-25,4.325050651011115e-25,7.84140919112846e-35,1.836260703494056e-71,2.0476229071627614e-71,28.739718714371865,28.713353382346842,0.11313605867733054
0.6259397896093294,0.3740602106102635,3.8502819846221197e-13,3.383001013386009e-25,4.3324127979803765e-25,8.333011501285373e-35,1.939682730445776e-71,2.1676349702531638e-71,28.482128718503617,28.455496775184752,0.11526618580131404
0.6269564975806923,0.37304350263890557,3.8256874971298457e-13,3.3859995828378695e-25,4.340853798477801e-25,8.863395953317444e-35,2.0513832528589405e-71,2.2974766886617297e-71,28.226847464994012,28.1999467446163,0.11743475387611683
0.6279797937085647,0.372020206511038,3.8014661934807563e-13,3.3898122992801497e-25,4.350388799530307e-25,9.436088618423581e-35,2.172136620829045e-71,2.438088347920493e-71,27.973854260914894,27.946682555389362,0.11964321818888021
0.6290096851414297,0.37099031507817776,3.777614601127373e-13,3.3944489001917144e-25,4.361033904218776e-25,1.0054974726285877e-34,2.3027999868160894e-71,2.5905129928792605e-71,27.723128598805868,27.695683658423388,0.121893040323031
0.6300461686373514,0.36995383158226086,3.754129353574242e-13,3.399919945575738e-25,4.372806200321996e-25,1.0724338611633696e-34,2.444323061301857e-71,2.7559086074810196e-71,27.47465015501197,27.446929689318008,0.1241856819009238
0.6310892304384578,0.36891076978115916,3.731007194540226e-13,3.406236852483466e-25,4.385723803795913e-25,1.1448908939329803e-34,2.597759253390161e-71,2.9355623246365303e-71,27.228398788036277,27.200400466861236,0.12652259880789957
0.6321388464429615,0.36786115377666,3.708244975927861e-13,3.413411918380358e-25,4.399805895992204e-25,1.223390913234317e-34,2.764278181455183e-71,3.1309063629419193e-71,26.984354536907194,26.956075991537958,0.12890523587185926
0.6331949822975782,0.3668050179220478,3.685839658010513e-13,3.4214583510357774e-25,4.415072766227926e-25,1.308511413628949e-34,2.9451798692466906e-71,3.3435360612225317e-71,26.742497619560496,26.71393644403947,0.13133502197363905
0.6342575936699814,0.365742406549649,3.663788308236633e-13,3.4303902967829505e-25,4.431545855702997e-25,1.400891431261512e-34,3.141910849119589e-71,3.5752303871272577e-71,26.50280843123575,26.473962183774667,0.13381336556461432
0.6353266264393993,0.36467337378023534,3.6420881014674627e-13,3.4402228736632323e-25,4.449247805178662e-25,1.5012386969137418e-34,3.3560823572901063e-71,3.827975530161043e-71,26.26526754288721,26.23613374738358,0.13634165056904768
0.6364020170665527,0.3635979831530861,3.620736318434144e-13,3.4509722025489214e-25,4.468202503877543e-25,1.6103377428295763e-34,3.589491107350107e-71,4.103991258242974e-71,26.029855699608888,26.00043184725373,0.13892123264974446
0.6374836926771671,0.362516307542476,3.5997303454520676e-13,3.4626554449531694e-25,4.488435140679958e-25,1.7290589902324995e-34,3.844142799752508e-71,4.405761321515889e-71,25.796553819073765,25.766837370039937,0.1415534358165766
0.6385715716334632,0.361428428586184,3.5790676726465947e-13,3.4752908371860974e-25,4.509972259796846e-25,1.8583690460562064e-34,4.1222789835474165e-71,4.736067998522002e-71,25.565342989987005,25.535331375188147,0.14423954935839606
0.6396655636526007,0.36033443656705055,3.558745895824512e-13,3.4888977332356017e-25,4.532841818975106e-25,1.9993422627306887e-34,4.426407528319876e-71,5.098031914548242e-71,25.336204470552993,25.305895093463594,0.14698082507977556
0.64076557026636,0.3592344299532952,3.538762711342339e-13,3.503496644722428e-25,4.55707324909079e-25,2.1531738744716753e-34,4.759337519385925e-71,5.495156876764006e-71,25.109119686956163,25.078509925484017,0.14977847482489154
0.6418714849957177,0.3581285152239415,3.519115919660217e-13,3.519109287358952e-25,4.582697518552098e-25,2.3211947993738895e-34,5.124219020279016e-71,5.9313818499793936e-71,24.884070231855404,24.85315744025807,0.15263366827170785
0.6429831937511193,0.35701680646854367,3.4998034219080977e-13,3.5357586291748654e-25,4.6097472014554385e-25,2.5048884085622086e-34,5.5245885367354455e-71,6.411140312617284e-71,24.661037862891977,24.629819373729628,0.1555475309804195
0.6441005750869164,0.3558994251327504,3.48082321989753e-13,3.5534689426542915e-25,4.638256549111651e-25,2.705909543492458e-34,5.964421103562369e-71,6.9394282626845784e-71,24.4400045012108,24.408477627328143,0.15852114268088935
0.6452235004002782,0.3547764998193924,3.462173419293048e-13,3.57226585682906e-25,4.668261562404784e-25,2.926106026071397e-34,6.448189869102196e-71,7.521882732468803e-71,24.22095222999498,24.189114266525504,0.1615555357845449
0.6463518343165572,0.35364816590311704,3.4438522216260695e-13,3.5921764222713415e-25,4.69980007650823e-25,3.167543114192152e-34,6.980934474132214e-71,8.164871601078762e-71,24.003863293013513,23.971711519399776,0.16465169410690858
0.6474854347800527,0.352514565439625,3.4258579315885223e-13,3.6132291672720235e-25,4.73291183866508e-25,3.4325312538495337e-34,7.568339612142214e-71,8.875597305487475e-71,23.788720093181933,23.756251775206024,0.16781055178761017
0.6486241533385847,0.3513758468810966,3.408188953037707e-13,3.6354541723541744e-25,4.767638603698892e-25,3.7236577989830496e-34,8.216825687931787e-71,9.662216877993255e-71,23.575505191135957,23.542717582954676,0.17103299239537204
0.6497678352840127,0.35023216493567205,3.3908437929849167e-13,3.658883131388484e-25,4.804024217538101e-25,4.043822449327033e-34,8.93365172221138e-71,1.0533979648395695e-70,23.36420130381782,23.33109164999743,0.17431984820607954
0.6509163198560435,0.34908368036364473,3.373821053560025e-13,3.683549440849085e-25,4.842114726533781e-25,4.3962785732209984e-34,9.727035972417103e-71,1.1501386575771813e-70,23.154791303075335,23.12135684062131,0.17767189964263447
0.652069440289291,0.34793055993040045,3.357119445529446e-13,3.7094882724822876e-25,4.881958476246462e-25,4.784679660616675e-34,1.0606294074525658e-70,1.2576376328693135e-70,22.947258214273504,22.913496174650803,0.18108987486585584
0.6532270241494825,0.3467729760702123,3.3407377724341835e-13,3.7367366628832083e-25,4.923606221995386e-25,5.213132157728152e-34,1.1581997430396688e-70,1.3772536769796e-70,22.741585214918558,22.707492826058456,0.18457444950623272
0.6543888932233837,0.3456111069963143,3.324674948577703e-13,3.765333608070753e-25,4.96711125047685e-25,5.686256342996651e-34,1.2666158823216932e-70,1.510535673152906e-70,22.53775563329433,22.50333012158412,0.1881262465268459
0.6555548636889392,0.3444451365307619,3.308929985122325e-13,3.795320161091381e-25,5.012529498055951e-25,6.209255234961614e-34,1.3872444426205989e-70,1.659251032151345e-70,22.335752947110883,22.300991539362943,0.1917458362082711
0.656724746233398,0.34327525398630626,3.2935020026016135e-13,3.8267395329436884e-25,5.059919682727172e-25,6.787993740353561e-34,1.5216421708547856e-70,1.8254195726673216e-70,22.135560782165182,22.100460707562398,0.19543373624674654
0.657898346108924,0.34210165411078336,3.278390221480635e-13,3.8596372142996823e-25,5.109343448196541e-25,7.429088865962269e-34,1.6715844922301158e-70,2.011352164694499e-70,21.937162911013857,21.90172140302843,0.19919041195733533
0.6590754632291147,0.34092453699059555,3.2635939711711526e-13,3.894061088089755e-25,5.160865508080805e-25,8.140013021407612e-34,1.8390987916510395e-70,2.2196964242872203e-70,21.740543251657783,21.704757549940844,0.20301627657424623
0.6602558921006564,0.33974410811905675,3.249112689851819e-13,3.930061554231485e-25,5.214553796490138e-25,8.929212321098372e-34,2.0265030220640113e-70,2.453489613915538e-70,21.545685866238504,21.509553218478203,0.20691169164088385
0.6614394220639681,0.33856057815574786,3.2349459206453735e-13,3.967691675956589e-25,5.270479645844421e-25,9.806241888910653e-34,2.2364505301594606e-70,2.7162203580678184e-70,21.35257495974631,21.316092623492132,0.21087696748259382
0.6626258372915963,0.3373741629281224,3.221093319387815e-13,4.0070073133951244e-25,5.328717953488476e-25,1.0781920558580237e-33,2.4719822861189145e-70,3.011901002505002e-70,21.161194878739913,21.124360123191362,0.21491236375543904
0.6638149167150762,0.3361850835046453,3.2075546553351147e-13,4.0480672757200594e-25,5.389347363409821e-25,1.1868508889739318e-33,2.736587799700759e-70,3.34515223845376e-70,20.97153011007758,20.93434021783543,0.21901809006470532
0.6650064342062393,0.33499356601348473,3.1943298066978954e-13,4.090933504912115e-25,5.452450484361459e-25,1.3079912799510988e-33,3.0342759645942785e-70,3.72130177520279e-70,20.78356527965966,20.74601754843827,0.22319430664717047
0.6662001586401298,0.33379984157959686,3.181418769750771e-13,4.135671221266243e-25,5.518114073446505e-25,1.4431914333319936e-33,3.3696572557532235e-70,4.146499946847303e-70,20.597285151182344,20.55937689548161,0.22744112511150077
0.6673958538334969,0.33260414638623237,3.168821657311973e-13,4.182349134778802e-25,5.586429281618585e-25,1.594244213581294e-33,3.74804102323952e-70,4.627856322690529e-70,20.412674624902664,20.37440317763842,0.2317586092314445
0.6685932790909923,0.33140672112873926,3.156538698509369e-13,4.231039621898433e-25,5.657491877603908e-25,1.763187707231772e-33,4.1755479509938704e-70,5.173598919355159e-70,20.229718736414473,20.191081450506292,0.2361467757867941
0.6697921872887104,0.3302078129310238,3.1445702506622847e-13,4.28181897805037e-25,5.731402503176044e-25,1.952338512912872e-33,4.6592374747776986e-70,5.793256118870964e-70,20.048402655435467,20.009396905350957,0.24060559544736393
0.6709923332193037,0.3290076670004326,3.132916761124678e-13,4.334767487056657e-25,5.8082669445235955e-25,2.164340454755328e-33,5.207282064796983e-70,6.497901734040985e-70,19.86871168460505,19.82933486785983,0.24513499369550676
0.6721956256485855,0.3278043745711532,3.1215682709489643e-13,4.389926041175263e-25,5.888195434058713e-25,2.4022695420879005e-33,5.829289938974181e-70,7.300521055532402e-70,19.690631258292964,19.650880600497306,0.24974350898509964
0.6734071333557092,0.3265928668640316,3.110499196652179e-13,4.447271639713855e-25,5.971301332747674e-25,2.6695509848516053e-33,6.536188385327488e-70,8.215824100813833e-70,19.51414694141861,19.474019134139713,0.2544542925725426
0.6746249213006749,0.32537507891906803,3.0997180310513996e-13,4.5069246881805635e-25,6.0577062105864385e-25,2.9699701439123066e-33,7.340345291816411e-70,9.260780970658721e-70,19.339244428280974,19.298736185740697,0.2592646782842628
0.6758471826907629,0.3241528175289822,3.089232894006153e-13,4.56901002955128e-25,6.147538592936109e-25,3.3080163513265136e-33,8.256527969094363e-70,1.0455698777603063e-69,19.165909541398978,19.1250176254546,0.2641711083482575
0.6770725344217862,0.3229274657979609,3.0790500623475203e-13,4.633650562253138e-25,6.240933856947217e-25,3.688762943590905e-33,9.30175749643169e-70,1.1824096765479754e-69,18.9941282303623,18.95284943772234,0.26917082995007563
0.6782999487691654,0.3217000514505837,3.0691742479711335e-13,4.700968626755058e-25,6.3380347469818235e-25,4.118013243500689e-33,1.0495840770180454e-69,1.3393456122663173e-69,18.823886570692427,18.782217721308875,0.2742618293522009
0.6795286731317692,0.3204713270879818,3.0596089983807985e-13,4.771087027362002e-25,6.438991180553278e-25,4.602384637629175e-33,1.1861793205353063e-69,1.5195854547009843e-69,18.655170762713958,18.61310868928051,0.2794427697498301
0.6807581730281471,0.31924182719160565,3.050356880799269e-13,4.844131014959563e-25,6.543961442902683e-25,5.149424128345015e-33,1.3426363324220342e-69,1.7268740364241738e-69,18.48796713043603,18.445508668925495,0.2847129326855291
0.6819880830314865,0.31801191718826816,3.041419777241022e-13,4.920228549679465e-25,6.65311175929413e-25,5.7677413803082135e-33,1.5220679708450628e-69,1.9655900032256242e-69,18.322262120443714,18.279404101620973,0.2900721628528874
0.6832181686288779,0.3167818315908785,3.0327990175604607e-13,4.999511711264861e-25,6.76661720433335e-25,6.467151587774326e-33,1.7280960618964498e-69,2.2408523007299306e-69,18.158042300799416,18.114781542649464,0.2955208161266123
0.684448295079671,0.31555170514008696,3.024495538468808e-13,5.082117436185673e-25,6.8846620543412005e-25,7.258838738173474e-33,1.9649363010442606e-69,2.558648782440798e-69,17.99529435995407,17.95162766096769,0.30105971066353615
0.6856784026061816,0.314321597613578,3.0165099930835544e-13,5.168188354602469e-25,7.0074403398573e-25,8.155537451422393e-33,2.2374954685421893e-69,2.9259841667727597e-69,17.834005105668137,17.789929238930643,0.30669008092574834
0.686908486273779,0.31309151394598217,3.0088428493902007e-13,5.25787355194718e-25,7.135156408998684e-25,9.171734747565006e-33,2.5514845938350135e-69,3.351053819440275e-69,17.674161463942227,17.629673171973394,0.31241353448353626
0.6881385801818034,0.31186142003795925,3.001494465243058e-13,5.351329320105883e-25,7.268025557244349e-25,1.0323889204993445e-32,2.9135480906111156e-69,3.843443663469959e-69,17.515750477957347,17.470846468253363,0.31823201146202207
0.689368744181806,0.3106312560379579,2.9944651550914015e-13,5.448719877325818e-25,7.406274669698837e-25,1.1630676845623772e-32,3.3314143475361755e-69,4.414365039783883e-69,17.358759307024627,17.313436248255282,0.32414774650133604
0.6905990537441205,0.3094009464756448,2.9877552397875214e-13,5.550218121232182e-25,7.5501429584587815e-25,1.3113249975820062e-32,3.814065210203429e-69,5.076921722014424e-69,17.20317522554444,17.15742974436133,0.3301632331058745
0.6918295913248822,0.30817040889488434,2.981365093060866e-13,5.656006346846581e-25,7.699882694481188e-25,1.4795521541807983e-32,4.3719320008198447e-69,5.846421548824439e-69,17.04898562197491,17.002814300388547,0.33628119026366626
0.6930604397366865,0.3069395604830812,2.975295176505379e-13,5.766277031011035e-25,7.8557600464303e-25,1.6704462091661365e-32,5.017115834969712e-69,6.740730158640687e-69,16.89617799780961,16.84957737109559,0.3425045312221234
0.6942916766217311,0.3057083235980378,2.9695460714902365e-13,5.881233623857726e-25,8.0180559590033645e-25,1.88704131090833e-32,5.763637620374948e-69,7.780677285397958e-69,16.744739966564417,16.697706521660987,0.34883633431148453
0.6955233701461978,0.3044766300735722,2.9641185051399703e-13,6.0010913576409155e-25,8.1870670653277265e-25,2.1327408266907307e-32,6.627718436925634e-69,8.990517298804812e-69,16.59465925277353,16.547189427134576,0.3552798157120882
0.6967555755313162,0.3032444246884548,2.9590133726396135e-13,6.126078137295792e-25,8.363106719119347e-25,2.4113498078881654e-32,7.628092533825829e-69,1.0398450356395261e-68,16.445923690994377,16.398013871864205,0.3618383040662423
0.6979883324125035,0.3020116678072686,2.9542317563386636e-13,6.256435444409488e-25,8.546506052648314e-25,2.727106961650467e-32,8.786355027262944e-69,1.2037208978690924e-68,16.298521224821513,16.25016774889916,0.3685152168398915
0.6992216627261246,0.3007783374936484,2.9497749421923763e-13,6.392419328373363e-25,8.73761515178632e-25,3.0847152001243146e-32,1.0127344325882294e-68,1.3944713563170894e-68,16.15243990590934,16.103639059372192,0.37531403834353994
0.7004555692407985,0.2995444309789752,2.9456444341782387e-13,6.534301431850175e-25,8.936804279581336e-25,3.48936967544232e-32,1.1679562072142089e-68,1.616480330438206e-68,16.007667893003568,15.95841591186156,0.382238299325961
0.7016900344658444,0.29830996575393004,2.941841964997889e-13,6.682370087672532e-25,9.14446519324014e-25,3.9467820170817995e-32,1.3475626347538127e-68,1.8748039232950953e-68,15.86419345098138,15.814486521734704,0.3892915580581362
0.7029250200411639,0.2970749801786112,2.9383695095830115e-13,6.83693153423066e-25,9.361012610352768e-25,4.4631994727217296e-32,1.5552766978701482e-68,2.17525995939557e-68,15.722004949900194,15.671839210474861,0.3964773828286069
0.7041604662471156,0.29583953397266016,2.9352292920950963e-13,6.99831115556363e-25,9.586885701680307e-25,5.045417487009391e-32,1.795334762604425e-68,2.5245242375738413e-68,15.581090864054945,15.530462404992052,0.4037993357750127
0.7053962921390179,0.2946037080807585,2.9324237938192233e-13,7.166854841516912e-25,9.822549740179368e-25,5.70078448283777e-32,2.0725425335113466e-68,2.9302361892252913e-68,15.441439771043806,15.390344636919721,0.41126095798003004
0.7066323955975037,0.2933676046222731,2.929955762281179e-13,7.342930482711637e-25,1.0068497909296472e-24,6.437197333142152e-32,2.3923343556795414e-68,3.4011134382502112e-68,15.303040350842313,15.251474541898187,0.4188657557632122
0.7078686537692789,0.2921313464504983,2.9278282146190074e-13,7.526929471168399e-25,1.0325253113658134e-24,7.263086690653016e-32,2.76083466315619e-68,3.947073798053521e-68,15.165881384885774,15.113840858846189,0.42661718810339433
0.7091049236048763,0.2908950766149013,2.926044446948036e-13,7.71926846702064e-25,1.0593370112325579e-24,8.187391259220294e-32,3.184923344264559e-68,4.579368889103343e-68,15.029951755159871,14.977432429221476,0.4345186551293476
0.7103410426166584,0.2896589576031194,2.924608035465024e-13,7.920391180713349e-25,1.0873437669326883e-24,9.219520379606277e-32,3.672302145704927e-68,5.310723390877872e-68,14.895240443299482,14.842238196271657,0.4425734876192571
0.7115768296511371,0.288423170568641,2.9235228444187906e-13,8.130770347795119e-25,1.1166080928084765e-24,1.0369306012070763e-31,4.231565659768947e-68,6.155488828251006e-68,14.761736529695506,14.708247204276153,0.4507849374523768
0.712812085846646,0.28718791437313207,2.9227930286807e-13,8.350909847400804e-25,1.1471963952196555e-24,1.1646943001477657e-31,4.872273424348808e-68,7.1298044510724574e-68,14.629429192609742,14.575448597780316,0.4591561689588657
0.7140465956246441,0.285953404595134,2.922423037251018e-13,8.581346984710798e-25,1.17917924578845e-24,1.3062920318447119e-31,5.60502571696041e-68,8.25177125650462e-68,14.498307707297682,14.443831620822527,0.4676902511163511
0.7152801277771792,0.2847198724425989,2.922417619931184e-13,8.822655003887188e-25,1.2126316810002251e-24,1.4627945189582536e-31,6.441544413085124e-68,9.541642458895025e-68,14.368361445139179,14.313385616155209,0.4763901505441998
0.7165124365009325,0.28348756371884554,2.9227818286592575e-13,9.075445743627664e-25,1.2476335181209957e-24,1.6352859872665144e-31,7.3947563973890656e-68,1.1022025214984316e-67,14.239579872776885,14.184100024460447,0.48525872524880675
0.717743262601774,0.2822567376180039,2.9235210227651667e-13,9.340372535054736e-25,1.284269698210676e-24,1.8248557953550198e-31,8.478885218480416e-68,1.2718105828321442e-67,14.111952551262426,14.055964383561083,0.49429871907543893
0.7189723346081704,0.2810276656116073,2.9246408729053114e-13,9.618133375374467e-25,1.322630661129879e-24,2.032589948017773e-31,9.709549505579137e-68,1.4657895426088435e-67,13.985469135210243,13.928968327627972,0.5035127568243078
0.7201993699017524,0.279800630318025,2.926147364790176e-13,9.90947430824786e-25,1.3628127429950659e-24,2.259562972260961e-31,1.1103871600156345e-67,1.6872503765542064e-67,13.860119371958982,13.80310158638404,0.5129033399905845
0.7214240759137315,0.2785759243060455,2.928046805382949e-13,1.021519319537547e-24,1.4049186179870981e-24,2.5068305498133966e-31,1.2680598758116345e-67,1.9396445436404415e-67,13.735893100740432,13.67835398430587,0.5224728430900226
0.7226461512094207,0.27735384901035576,2.9303458244226603e-13,1.0536143586458142e-24,1.4490577491958485e-24,2.7754230408811874e-31,1.4460239319455854e-67,2.22679858160305e-67,13.6127802518559,13.554715439823356,0.5322235105337306
0.723865286612552,0.27613471360722386,2.9330513836458283e-13,1.0873239292400099e-24,1.4953469208271064e-24,3.0663402705776695e-31,1.6465217560925567e-67,2.552953183448157e-67,13.49077084585996,13.432175964518049,0.54215745401741
0.7250811663477758,0.27491883387199956,2.9361707782757197e-13,1.122745892137702e-24,1.5439107622803155e-24,3.3805479405063583e-31,1.8720051635820405e-67,2.9228081419419785e-67,13.369854992751526,13.310725662320708,0.5522766503921005
0.7262934689829027,0.27370653123687194,2.939711648214191e-13,1.1599851335149689e-24,1.5948823787980611e-24,3.718975411269454e-31,2.1251557710769992e-67,3.3415735605857384e-67,13.250022891172197,13.190354728708614,0.5625829399850916
0.7275018686069052,0.27249813161286857,2.9436819765646753e-13,1.1991540814111354e-24,1.648403938508826e-24,4.082515615100328e-31,2.4089081044143137e-67,3.815028023819092e-67,13.131264827611734,13.07105344990305,0.573078025341244
0.72870603567665,0.271293964543123,2.948090105427527e-13,1.240373369171822e-24,1.704627436384918e-24,4.472026415537326e-31,2.726477027689807e-67,4.3495869348400576e-67,13.013571175620703,12.952812202067499,0.5837634703564338
0.7299056380942791,0.270094362125493,2.952944734566715e-13,1.2837724561509672e-24,1.7637153946207476e-24,4.888334127068726e-31,3.0813884625185634e-67,4.952379571645604e-67,12.896932395030166,12.835621450506938,0.5946406997762832
0.7311003420089744,0.2688996582107966,2.958254942030577e-13,1.3294904135586716e-24,1.8258417553010625e-24,5.332238156062615e-31,3.477515070703753e-67,5.631338398363033e-67,12.781339031178362,12.719471748868637,0.6057109990346915
0.7322898129003819,0.267710187319388,2.964030171042948e-13,1.3776766770013747e-24,1.8911927371695926e-24,5.804518945267927e-31,3.919118411477207e-67,6.395303975217733e-67,12.666781714144303,12.604353738344834,0.6169755144079972
0.7334737156137122,0.26652628460605643,2.970280295091875e-13,1.4284917832850279e-24,1.9599675764780204e-24,6.305941137379673e-31,4.410889086635481e-67,7.254131885524087e-67,12.553251157988276,12.490258146877672,0.6284352534618333
0.7346528779076189,0.2653471223121485,2.977007085523128e-13,1.482097402708696e-24,2.0323769140299054e-24,6.837813419820389e-31,4.9583975048998444e-67,8.21943694014483e-67,12.44073815999911,12.377175724906083,0.6401027103125422
0.7358376510317587,0.2641623491880073,2.984143756184016e-13,1.538576093133872e-24,2.1086253432845972e-24,7.406130193879792e-31,5.571273797758491e-67,9.309559367696366e-67,12.329233599948227,12.26509675140922,0.6520893537122092
0.7370271996212505,0.2629728005985139,2.9917023343549404e-13,1.5981215046367704e-24,2.188959967430423e-24,8.012197304993468e-31,6.256791991757599e-67,1.0539854734142875e-66,12.218728439350356,12.154012139039079,0.6643999607491364
0.7382179357290042,0.2617820644907587,2.999715614209953e-13,1.660962477859686e-24,2.2736414834724134e-24,8.655902936823013e-31,7.021776791348605e-67,1.1925625480952107e-66,12.109213720730875,12.04391304126496,0.6770091352550558
0.7394069263883616,0.2605930738313997,3.0082130563847565e-13,1.7273484734012748e-24,2.362958329070191e-24,9.33728222718282e-31,7.873956554176244e-67,1.3484296936343704e-66,12.000680566899726,11.934790669772507,0.6898952619808354
0.7405918066555734,0.25940819356418604,3.017220993767644e-13,1.7975429883587647e-24,2.457217460659507e-24,1.0056531526606781e-30,8.821980396386456e-67,1.5235553739486495e-66,11.893120180231849,11.82663629566154,0.7030402277604625
0.7417706987809676,0.25822930143878997,3.0267631660380076e-13,1.8718265670191312e-24,2.5567477958707967e-24,1.0814022718245749e-30,9.875556698387078e-67,1.7201688933425094e-66,11.786523841954029,11.719441250537878,0.716429157833474
0.7429421409200038,0.25705785929975183,3.036861105997509e-13,1.95050064930755e-24,2.6619047936351067e-24,1.1610319650584921e-30,1.104564115896056e-66,1.9408059567416444e-66,11.680882911438182,11.613196927504582,0.7300501666211442
0.7441050237989985,0.2558949764207549,3.0475345561340567e-13,2.033883650075915e-24,2.773064604816824e-24,1.2446194110133941e-30,1.2344488800131726e-66,2.1883334864660085e-66,11.576188825500932,11.507894782057736,0.743894122281674
0.7452585354123213,0.2547414648074299,3.0588017045729473e-13,2.1223234515049476e-24,2.8906401841367e-24,1.3322643071059507e-30,1.3786051968049918e-66,2.466036134700334e-66,11.472433097709493,11.403526332891696,0.7579544243983353
0.7464021124707104,0.2535978877490384,3.070679534208874e-13,2.2161932419040777e-24,3.0150749798286145e-24,1.4240909213339785e-30,1.5386098707374927e-66,2.7776595224740664e-66,11.36960731769377,11.30008316261852,0.772226794182099
0.7475353984133456,0.2524646018064008,3.0831840856235784e-13,2.3158770776921257e-24,3.1468231917634728e-24,1.5202488515845919e-30,1.7162072988555978e-66,3.127409350695545e-66,11.26770315046461,11.197556918406088,0.7867090765967284
0.7486582069429196,0.25134179327682404,3.0963306488247965e-13,2.421820247665067e-24,3.2864158946525687e-24,1.6209159364705008e-30,1.9134420560795877e-66,3.5202149970445726e-66,11.166712335738183,11.095939312539171,0.8014010538397118
0.7497704904894,0.2502295097303408,3.110134009811467e-13,2.5344815146920594e-24,3.434396792011052e-24,1.726299523686139e-30,2.1325861166452631e-66,3.961636386524291e-66,11.066626687266393,10.995222122907611,0.816304269636777
0.750872312980313,0.24912768723942494,3.12460861549258e-13,2.654361639121691e-24,3.591359292587186e-24,1.8366383432820615e-30,2.376230513387886e-66,4.4580668566740334e-66,10.967438092173328,10.8953971934255,0.8314218638310998
0.751963826452145,0.24803617376758985,3.139768745984753e-13,2.7820039886795185e-24,3.7579463229401915e-24,1.9522045696155036e-30,2.647326036130381e-66,5.016855464242766e-66,10.86913851029762,10.796456434385096,0.8467584167707686
0.7530452509063532,0.24695474931337835,3.1556286642834455e-13,2.9179936966774246e-24,3.934848308635909e-24,2.0733058733881566e-30,2.949223135791195e-66,5.646434237504698e-66,10.77171997354072,10.69839182274909,0.8623198030195717
0.7541168570540334,0.2458831431656949,3.1722027543309195e-13,3.062971779315846e-24,4.122820495693437e-24,2.2002877726534023e-30,3.285759863415138e-66,6.356548719232769e-66,10.67517458522101,10.60119540238461,0.8781130539368367
0.7551789515244356,0.2448210486952892,3.1895056444470126e-13,3.217621725078305e-24,4.322664425066508e-24,2.3335362027079264e-30,3.6612842874319387e-66,7.158373226832589e-66,10.579494519433698,10.504859284242228,0.8941462286918486
0.7562318642651621,0.24376813595455915,3.2075523161579873e-13,3.382691701113358e-24,4.535255626233212e-24,2.4734793310023817e-30,4.0807764245492436e-66,8.064830409364684e-66,10.484672020416463,10.4093756464831,0.9104282932973764
0.7572759379222126,0.24272406229750498,3.226358213684448e-13,3.559199534939023e-24,4.761805534403789e-24,2.6205933620602994e-30,4.550568473017011e-66,9.092161324831291e-66,10.390699401920775,10.314736734557167,0.9269690072650625
0.7583115187170826,0.241688481502631,3.2459393640497774e-13,3.747531480138965e-24,5.002700273386404e-24,2.775409356542193e-30,5.075734477429356e-66,1.0254730236812618e-65,10.297569046588853,10.220934861235303,0.9437788175029037
0.7593389489492002,0.24066105127050952,3.266312373935823e-13,3.9474940984238906e-24,5.2575852655645716e-24,2.938440598825508e-30,5.659521570004682e-66,1.156358012480054e-65,10.2052734053362,10.12796240659806,0.9608687590918115
0.760358560716526,0.239641439503179,3.287494672560967e-13,4.177772836041411e-24,5.5501684816039545e-24,3.1105307720474237e-30,6.370208410153741e-66,1.3167968931597837e-65,10.11380499673969,10.035811817983625,0.9782503625943145
0.7613706707606169,0.23862932945908344,3.3095049124131024e-13,4.392069013186404e-24,5.82101833750786e-24,3.2932895767645695e-30,7.073406936502544e-66,1.479487124790268e-65,10.023156406431125,9.944475609897424,0.9959355675638768
0.7623755762841429,0.23762442393555303,3.3323608148634077e-13,4.749021815850018e-24,6.27252065204211e-24,3.4800773851844764e-30,8.267221830458494e-66,1.7509233619723822e-65,9.933320286496233,9.85394636388572,1.013936641938072
0.7633735517067378,0.2366264485129548,3.3560837291592813e-13,4.864513577860385e-24,6.416205366074533e-24,3.6838343572655886e-30,8.666810108406432e-66,1.8426209339144786e-65,9.844289354879042,9.764216728375423,1.0322661070130301
0.7643648461610103,0.23563515405867744,3.3806943481414154e-13,5.204618092339865e-24,6.842006908668615e-24,3.8987967287538244e-30,9.95619991217129e-66,2.1631440322565524e-65,9.75605639479161,9.675279418482265,1.0509366677101397
0.7653496816468774,0.23465031857280474,3.406214810038038e-13,5.546256275290161e-24,7.267902212791903e-24,4.127461546848533e-30,1.132100539637451e-65,2.5179557993026705e-65,9.668614254129041,9.587127215789348,1.069961147859005
0.7663282518211296,0.2336717483985483,3.432668445631925e-13,5.8053543971439886e-24,7.589802834389404e-24,4.371491508687473e-30,1.2387715477710086e-65,2.7405858625448843e-65,9.581955844889729,9.499752968097964,1.0893524302331408
0.7673007212143449,0.23269927900532547,3.4600798100810077e-13,6.22402526082098e-24,8.108326689881093e-24,4.6241588764458996e-30,1.42077042290922e-65,3.221681029114358e-65,9.496074142600811,9.413149589152576,1.109123401086824
0.7682672251159065,0.23173277510376047,3.488474738740765e-13,8.265049082734391e-24,1.0627689337795856e-23,4.907149221598549e-30,2.3964011243021846e-65,7.048269660121138e-65,9.410962185748781,9.327310058341684,1.1292868989529854
0.7692278695474177,0.23077213067225438,3.517880427013466e-13,5.153718850638619e-24,6.786489173030368e-24,5.235460082001551e-30,8.991708362025472e-66,4.889583592415182e-66,9.326613075215175,9.2422274203762,1.1498556674730045
0.7701827318248401,0.22981726839475258,3.548325474494614e-13,5.019273420841828e-24,6.640715652595132e-24,5.239063780538634e-30,8.815808617330439e-66,-6.100312810737645e-66,9.243019973717349,9.157894784946972,1.17084231203977
0.7711318613358474,0.2288681388839775,3.579839954180265e-13,1.9118864778664863e-22,2.348520699536277e-22,6.806164943725164e-30,1.2293314013863212e-63,4.693928037641583e-63,9.160176105254246,9.074305326362932,1.1922592600454585
0.772075280452698,0.2279247197675154,3.6124555143222583e-13,-3.7633772085960443e-22,-4.599942824185901e-22,9.267239457343157e-30,-2.43931404439602e-63,-6.827060576394787e-63,9.07807475455714,8.991452283171263,1.214118724535116
0.7730129857989567,0.2269870144206961,3.6462053495050245e-13,9.188720514257862e-24,1.1706394978279179e-23,6.180245569410797e-30,1.6921162634900364e-65,-6.158782886946074e-66,8.996709266545293,8.909328957761021,1.2364326710763824
0.7739449495962283,0.226055050623424,3.6811243819346854e-13,9.490585062354888e-24,1.2082790012023266e-23,6.598435590975349e-30,3.0709732319772713e-65,7.897497978669092e-65,8.916073045786517,8.827928715951419,1.2592127876645398
0.7748711211544267,0.22512887906521786,3.717249254616954e-13,1.025377126437096e-23,1.2995023080675024e-23,7.036890933976313e-30,3.5906897316976397e-65,9.036270078184615e-65,8.836159555962531,8.747244986566045,1.2824704574905366
0.7757914284665262,0.22420857175311135,3.754618433099007e-13,1.0972557120383557e-23,1.3851342449731042e-23,7.514083500988709e-30,4.110784391285442e-65,1.05238936607399e-64,8.756962319339149,8.66727126099417,1.3062167344077702
0.7767057798582311,0.22329422036139848,3.7932722731433016e-13,1.1211992967400569e-23,1.413897346860852e-23,8.01848661846398e-30,4.2440807866401185e-65,9.997545429441123e-65,8.678474916241186,8.588001092740228,1.3304623209411566
0.7776140657002204,0.2223859345194019,3.833253102919691e-13,1.4513858718148146e-23,1.8027540042424023e-23,8.582734800857872e-30,7.124399018813337e-65,2.282465001462378e-64,8.600690984532086,8.509428096962528,1.3552175486894678
0.7785161601515189,0.22148384006809427,3.8746053009584465e-13,6.010679303768047e-24,8.048901992355336e-24,9.138089493267231e-30,-6.359770569127212e-66,-1.697355361624436e-64,8.523604219098234,8.431545950002228,1.3804923609790196
0.7794119228962447,0.22058807732336105,3.917375384927518e-13,3.8861529302768087e-23,4.6503162633718536e-23,9.833461533950584e-30,3.0287758065073176e-64,1.3165884244694115e-63,8.447208371337824,8.35434838890339,1.406296297633638
0.7803012008720396,0.21969879934756784,3.961612101728569e-13,-1.8276700456775493e-23,-2.024398083302434e-23,1.1150587241076908e-29,-2.4689555477209632e-64,-1.3158855748371463e-63,8.371497248654393,8.277829210925168,1.4326384817322864
0.7811838299774072,0.21881617024205666,4.0073665214153926e-13,2.665021641752743e-23,3.24108753112497e-23,1.7946445907929052e-30,5.1570103229861556e-64,8.251740326436393e-63,8.296464713954823,8.201982273046843,1.4595276082320425
0.7820596367555205,0.21794036346563175,4.0546921353917e-13,1.2827251475282734e-20,1.4860285131987187e-20,1.5851513856065352e-28,3.05355855943948e-60,8.876730148882267e-60,8.222104685151898,8.12680149146659,1.4869719343400294
0.7829284399671818,0.217071560254355,4.103644982793256e-13,-2.0447832854920056e-21,-2.3714288224333357e-21,1.9651805227032115e-28,3.781289188598116e-62,1.5063450260428122e-60,8.148411134671269,8.052280841094634,1.514979271523643
0.7837900522101279,0.21620994801140433,4.154283724160773e-13,2.1039605540825225e-23,2.5510975686494375e-23,1.9746767613628754e-28,2.112867859927053e-63,6.098451230980781e-63,8.075378088962887,7.978414355041623,1.5435569790538444
0.7846442814049395,0.21535571881658214,4.20666979505994e-13,2.236762732784768e-23,2.70233339352439e-23,1.985030235624521e-28,2.2415081971086637e-63,6.683868185377744e-63,8.002999628016772,7.905196124102796,1.5727119589815421
0.7854909322238949,0.2145090679976158,4.2608675184240466e-13,2.434330896220084e-23,2.9245510597594935e-23,1.9963140057183536e-28,2.461051868590069e-63,7.436834576399238e-63,7.93126988488315,7.832620296238653,1.6024506524520443
0.786329807439699,0.21367019278180072,4.3169442409349667e-13,2.611060689244609e-23,3.1225982765303335e-23,2.0085725261525267e-28,2.6585459482475784e-63,8.143989799931599e-63,7.860183045196881,7.760681076052652,1.6327790372673605
0.7871607092282623,0.21283929099322593,4.374970470639321e-13,2.8635059728874455e-23,3.4032702466263225e-23,2.0219516713520846e-28,2.9473990823355506e-63,9.232563888068446e-63,7.789733346706149,7.689372724266583,1.663702626610666
0.7879834403694815,0.2120165598519947,4.435020031347076e-13,3.0034961725070874e-23,3.5585380411803186e-23,2.0366784728782865e-28,3.106576227427727e-63,9.753037582942436e-63,7.719915078805378,7.618689557194094,1.6952264688516283
0.7887978053675423,0.21120219485392108,4.4971702201957634e-13,3.5522406122397074e-23,4.161820282093914e-23,2.0514209487302873e-28,3.7541742582547745e-63,1.248049144901666e-62,7.650722582072336,7.548625946212877,1.727355148355432
0.789603611495391,0.21039638872606203,4.561501979161543e-13,3.9822131599435956e-23,4.6252178116203407e-23,2.077416777124507e-28,4.3265711191589455e-63,1.501183504170268e-62,7.582150247809384,7.47917631723603,1.7600927872223437
0.7904006697599671,0.20959933046145993,4.628100072861052e-13,-1.142978424216275e-22,-1.2106609749736175e-22,2.0465623431922446e-28,-1.3129876119260762e-62,-7.011069844592419e-62,7.514192517588838,7.410335150182966,1.7934430478884367
0.791188795788208,0.20881120443323858,4.697053274478563e-13,2.0826545182182056e-21,2.2586269254201608e-21,2.2345177224123985e-28,2.8584157488065967e-61,1.312742314182283e-60,7.446843882802408,7.34209697845037,1.827409136521741
0.7919678106317705,0.20803218958992323,4.768454604116721e-13,-1.70615194858819e-20,-1.8422978285387527e-20,3.5665415215592654e-28,-6.087880055667088e-60,-2.232908636971415e-59,7.380098884214677,7.274456388383526,1.8619938071515443
0.7927375415016433,0.20726245871917073,4.842401435240544e-13,5.312210864453232e-23,5.83163539619584e-23,-1.4768930909699272e-28,-3.904053690898359e-63,1.1498620345059207e-61,7.313952111520569,7.207408018748423,1.8971993664718878
0.793497822411967,0.2065021778088318,4.918995900949129e-13,5.541810849509745e-23,6.329596429633022e-23,-1.449221605253685e-28,-4.200188940282895e-63,-5.007771565823832e-62,7.248398202906808,7.140946560204966,1.9330276792634404
0.7942484948532827,0.20575150536750014,4.998344971267668e-13,6.106477202265519e-23,6.877170778032512e-23,-1.4187167254108968e-28,-4.509162996230247e-63,-4.889134622780678e-64,7.183431844617277,7.075066754781626,1.9694801743809858
0.7949894078881111,0.2050105923326554,5.080560792858312e-13,6.679503174022824e-23,7.479570575059013e-23,-1.3851021184113911e-28,-4.834698639586325e-63,-3.2307123491498852e-62,7.119047770522304,7.009763395351815,2.006557851256592
0.7957204202793425,0.20427957994140677,5.1657611833553e-13,7.323223909427707e-23,8.143379539747631e-23,-1.3480166354854408e-28,-5.17347749217109e-63,2.2284138833832016e-63,7.055240761691779,6.945031325112275,2.044261286871321
0.7964414502638199,0.2035585499569118,5.254069002296742e-13,8.03655426477799e-23,8.876201379635492e-23,-1.3070319945919329e-28,-5.522882233793548e-63,2.6286177982922842e-62,6.992005645972123,6.880865428923355,2.082593640984633
0.797155680292557,0.2028443199281561,5.345542006623417e-13,8.824792502026496e-23,9.676473888962277e-23,-1.2615088760823839e-28,-5.872796627325774e-63,-3.0329958219779938e-61,6.9293372975670255,6.817260117094668,2.121736875612552
0.7978641711570537,0.20213582906364044,5.440312874108307e-13,9.74789755917831e-23,1.0610155522637043e-22,-1.2108046219946e-28,-6.237944529317996e-63,1.319136623814204e-60,6.867230636621962,6.754210021365017,2.1617694267237324
0.7985659481864392,0.20143405203423626,5.53843379782385e-13,1.062765706646042e-22,1.1489417957705397e-22,-1.1537909218114092e-28,-6.524580768018587e-63,-9.96092481137207e-60,6.805680628812415,6.691710119404922,2.202657332117704
0.7992602484627763,0.20073975175786307,5.640323760289227e-13,7.53488409082992e-23,8.377964952278948e-23,-1.099162743557629e-28,-5.336587570014216e-63,1.125139985737745e-59,6.744682284935801,6.62975542952923,2.2443743402200456
0.799946492512106,0.2000535077086109,5.746162553120095e-13,7.111837377072232e-22,7.177869232975141e-22,-9.643421601450566e-29,-2.2101083857290383e-62,1.634008366852514e-58,6.684230660507046,6.56834101102625,2.2869012818731487
0.800624255751705,0.1993757444688789,5.850990234667858e-13,-3.917442336877159e-21,-3.877815794202322e-21,-9.94744347499315e-29,1.2465599147240323e-61,-2.281256083380923e-57,6.624320855357791,6.507461964438289,2.330225477669532
0.801293244236035,0.1987067559810111,5.970870434460709e-13,-3.635707964377072e-21,-3.578283491465502e-21,-3.7810241601113554e-28,1.0494154100986824e-60,6.080569665157465e-58,6.564948013239183,6.447113431796326,2.3743401791414342
0.8019532730721846,0.19804672714483673,6.086623383094993e-13,1.7803694759767725e-22,1.8489835874595365e-22,-3.68244645517015e-28,-3.5071291387815583e-62,-2.296315369589868e-61,6.50610732142824,6.387290596811414,2.419244042192852
0.8026042475480092,0.19739575266898804,6.208909653934561e-13,1.954103986660629e-22,2.015105843064188e-22,-3.57239395568587e-28,-3.794940810264759e-62,-1.6560886896907606e-61,6.4477940103377245,6.327988685025323,2.4649406312297204
0.8032461466635479,0.1967538535534237,6.335855728796602e-13,2.193966326065564e-22,2.2412875429674423e-22,-3.448460325461904e-28,-4.109102342805838e-62,-2.1044361564204257e-61,6.39000335312953,6.269202963922778,2.511437952510626
0.8038790087888789,0.19612099142806647,6.467666860601816e-13,2.39055339876872e-22,2.4259799128498775e-22,-3.3097728042037982e-28,-4.351598453133177e-62,-2.0817924447203085e-61,6.332730665331523,6.210928743007548,2.55874801530447
0.8045029192409707,0.1954970809759473,6.604557790240888e-13,2.7646944722222136e-22,2.772097529896904e-22,-3.15332348783911e-28,-4.738158269469291e-62,-2.4850769283372694e-61,6.275971304457829,6.153161373844559,2.606886419502866
0.8051179995943477,0.19488200062254002,6.74675366995519e-13,2.8493115685896215e-22,2.851091071842288e-22,-2.970130720711881e-28,-4.791229904106814e-62,-2.330381664869245e-61,6.219720669632509,6.095896250070066,2.655871968393999
0.8057243984922317,0.1942756017246397,6.894490798527616e-13,3.168460409173971e-22,3.1451874239198107e-22,-2.8305155150462633e-28,-5.141571750410674e-62,-2.87848285088503e-61,6.163974201216619,6.0391288073718465,2.7057263053611385
0.806322283816415,0.1936777164003598,7.048017491330855e-13,1.42803376681535e-21,1.313986445297757e-21,-2.2248687023342897e-28,-4.120109396325842e-62,-3.419088023211226e-61,6.108727380438608,5.982854523441278,2.7564735733232157
0.8069118360619016,0.19308816415497795,7.207594936776605e-13,-9.431321876693169e-21,-8.411566739567272e-21,-3.0384595699353487e-28,1.232536644997115e-60,8.848978780959704e-60,6.053975729028026,5.9270689178990725,2.808140095786843
0.8074932427748608,0.19250675744398113,7.373497990785055e-13,4.6414111966854435e-22,4.6622267727170625e-22,-1.8880852722817893e-27,1.0223299439247247e-59,8.598277468272014e-59,5.999714808852528,5.8717675521963475,2.860754078428998
0.8080666939217682,0.19193330629703742,7.546016406133455e-13,5.29378006352836e-22,5.030281514454984e-22,-1.8549475924429378e-27,-7.469533908185722e-61,-5.882018432443078e-60,5.94594022155811,5.816946029492655,2.9143453301774036
0.8086323780954835,0.1913676221232863,7.725455486593127e-13,5.97049741834138e-22,5.61834942447588e-22,-1.8171243837428504e-27,-6.084069564510324e-61,-3.523123905764369e-60,5.89264760821259,5.762599994512475,2.9689450028014552
0.8091904794298427,0.19080952078889007,7.912137385467837e-13,6.714490141411792e-22,6.256591456071248e-22,-1.773867488968298e-27,-6.593084809581286e-61,-3.662780389231498e-60,5.839832648952273,5.708725133381647,3.024585348070501
0.8097411751531106,0.1902588250655831,8.106402127795045e-13,7.63038576290065e-22,7.033044571113056e-22,-1.7246137796436537e-27,-7.02652009091987e-61,-2.2476700554801527e-60,5.7874910626317835,5.65531717344511,3.0812994915784104
0.8102846337122996,0.1897153665063551,8.308608811032936e-13,9.398812990929634e-22,8.50847934407788e-22,-1.6652588866103465e-27,-9.681699768267192e-61,-1.146331266195136e-59,5.7356186064770425,5.602371883067259,3.1391212223737277
0.8108210133175886,0.1891789869010192,8.519136877808603e-13,3.460303051614779e-22,3.623625992779355e-22,-1.6120759572196283e-27,-3.9499801213567686e-61,4.733960725057803e-62,5.684211075741348,5.5498850714161785,3.198084797573469
0.8113504609797364,0.1886495392388332,8.738387392385723e-13,4.1210299952783045e-21,3.4535497935006695e-21,-1.5148534751587366e-27,-2.9708040162546894e-60,-1.9194890389591157e-59,5.633264303364544,5.497852588232929,3.2582247611756596
0.8118731118489563,0.18812688836966154,8.966784568876961e-13,-7.440968285370512e-21,-5.96923712937977e-21,-1.0617393655101575e-27,-4.4389025558400976e-61,-3.1299078220517945e-59,5.58277415963524,5.446270323587011,3.3195757763213125
0.8123890888676605,0.18761091134976032,9.204777110360695e-13,-6.509685921145594e-20,-5.215698304395458e-20,-6.805101353916911e-27,8.956476975389236e-58,8.856103612171986e-57,5.532736551856055,5.395134207619076,3.3821724702906213
0.8128985026872619,0.18710149753431932,9.452840116826142e-13,1.6142742112295188e-21,1.3901959304569816e-21,1.9907526485123768e-26,1.8877556605210307e-59,1.4272947899052133e-58,5.483147424011877,5.344440210271904,3.446049291550739
0.8134014517748154,0.18659854844671409,9.711476441385772e-13,1.8482450658895558e-21,1.56638966650309e-21,2.004384938616717e-26,2.178092382629398e-59,1.8628126911760178e-58,5.434002756441073,5.294184341010596,3.5112403782038744
0.8138980227272499,0.1861019774942255,9.981218836373873e-13,2.094174493267145e-21,1.7668492366887586e-21,2.0201189911509712e-26,2.5187084068664458e-59,2.046715246496322e-58,5.3852985655096655,5.2443626485329,3.577779437214325
0.8143882907269268,0.18561170949449218,1.026263178564627e-12,2.3870165782152386e-21,1.9962673901370483e-21,2.038493962243728e-26,2.9221502790588795e-59,2.2767334345445483e-58,5.33703090328842,5.194971220470534,3.645699633821832
0.8148723200949255,0.18512768012643485,1.055631365742879e-12,2.7338165812310374e-21,2.2564146047027375e-21,2.0599572426654855e-26,3.3964739206683546e-59,2.8949401519742516e-58,5.2891958572328255,5.146006183082322,3.7150334905760967
0.8153501649416643,0.18464983527963502,1.086289896204825e-12,3.1407154561229875e-21,2.5621997689033206e-21,2.0849853243100785e-26,3.9770443110969152e-59,3.5668835138297806e-58,5.2417895498659535,5.097463700939919,3.785812795453645
0.815821869889136,0.18417813033209862,1.1183060790688205e-12,3.673608780402001e-21,2.9552651588220905e-21,2.1154586126010782e-26,4.762894824552826e-59,3.559260526958897e-58,5.194808138464143,5.04933997660685,3.8580685185434422
0.8162874708423504,0.18371252937882215,1.1517513420637931e-12,2.6775046377382253e-21,2.231790136643576e-21,2.142365569805072e-26,3.213646898645334e-59,4.9355141732144074e-58,5.1482478147455195,5.00163125031157,3.9318307368118
0.8167469957915771,0.1832530044295107,1.186701509058104e-12,2.228899116525125e-20,1.6405672614454846e-20,2.214347665301226e-26,3.466204318924621e-58,3.165051808183333e-57,5.102104804561296,4.954333799615184,4.007128566480219
0.8172004656308441,0.18279953459001097,1.223237113072143e-12,-1.2766513897444414e-19,-9.138419465066535e-20,2.608096037362216e-26,-2.820531134590229e-57,-4.5420071194966385e-56,5.056375367589836,4.907443939074462,4.083990102571969
0.8176478949841157,0.18235210524048528,1.261443715224557e-12,-9.529810205784048e-19,-6.725382581402354e-19,-8.20624211380088e-26,2.2269564804088906e-55,3.103707704338699e-54,5.011055797033481,4.860958019900722,4.1624423652043365
0.8180892930101509,0.18191070721401384,1.3014121633792644e-12,6.971105382776304e-21,5.549479104533905e-21,-6.970379516094617e-26,-3.1879250070667154e-58,-3.323278413539287e-57,4.966142419318063,4.814872429615137,4.242511252223809
0.8185246642395877,0.18147533598449847,1.343239200756776e-12,8.590993954263421e-21,6.405213640633495e-21,-6.891011633025718e-26,-3.766678164921112e-58,-4.046453770482033e-57,4.921631593795142,4.7691835917009815,4.324221497800783
0.8189540093179817,0.1810459909060156,1.3870276111278304e-12,9.811299966808548e-21,7.235154975846829e-21,-6.795259569568335e-26,-4.260463727765561e-58,-4.6688547899204985e-57,4.877519712446879,4.723887965253318,4.407596636619008
0.8193773257821139,0.18062267444179317,1.4328867897899065e-12,1.1798769326386651e-20,8.552978586347078e-21,-6.683336200946885e-26,-5.077788646555097e-58,-5.856185656419538e-57,4.833803199593599,4.678982044626584,4.49265897331267
0.8197946087647722,0.180205391459033,1.480933181086306e-12,1.297034804803727e-20,9.327228296162219e-21,-6.537845391152948e-26,-5.502756894403509e-58,-6.370220789950268e-57,4.790478511603922,4.634462359080496,4.579429556821124
0.820205851706809,0.17979414851691353,1.5312907854981444e-12,1.0244695319302799e-20,7.621242206038732e-21,-6.425367257350651e-26,-4.432681240694405e-58,-4.397152196528232e-57,4.747542136607533,4.590325472424699,4.667928159347319
0.8206110469657039,0.17938895325788362,1.584091706270139e-12,1.0051624407009001e-19,6.486414627249194e-20,-6.105464607089658e-26,-3.7545022541781796e-57,-6.163582075667712e-56,4.7049905942105115,4.54656798266255,4.758173259621741
0.8210101864592132,0.17898981376391682,1.6394766832060116e-12,-6.527141749945623e-20,-4.05023617804845e-20,-4.33431548723026e-26,7.642945393305049e-57,1.6450061889650773e-55,4.662820435213208,4.503186521634371,4.850182030188336
0.821403262067805,0.17859673815656604,1.6975959444250337e-12,-5.750260049080141e-19,-3.582711082339204e-19,-1.168913310279954e-25,5.846334377069492e-56,8.47210148590229e-55,4.6210282413306585,4.460177754660532,4.9439703284432674
0.8217902667890151,0.17820973343523325,1.7586094784729649e-12,2.9663305737113525e-20,1.9784608197817834e-20,-1.1351059119358843e-25,-2.2656290655922197e-57,-3.164666888532417e-56,4.5796106249154995,4.417538380184676,5.0395526911707655
0.8221711927097448,0.17782880751437494,1.822688210755381e-12,3.479953268479842e-20,2.2881772229396295e-20,-1.0942423383456346e-25,-2.5879145017287234e-57,-3.73986375041523e-56,4.5385642286833665,4.375265129417377,5.136942332333409
0.8225476462564714,0.17745235396751263,1.8900011757288524e-12,3.935536585521754e-20,2.5610049946570195e-20,-1.0447240245452552e-25,-2.849146257991247e-57,-4.208245797238e-56,4.497885725440754,4.333355172188492,5.236579971715106
0.8229226936948586,0.17707730652898024,1.9607138076660193e-12,5.533358261672282e-20,3.484440163356733e-20,-9.843043490573709e-26,-3.6243425242686056e-57,-5.837542110063672e-56,4.45757181781532,4.2918060768667265,5.339348293017624
0.823295193213228,0.17670480701049465,2.0350448833743205e-12,4.3933263490890485e-20,2.838677916519709e-20,-8.966537876330178e-26,-2.91686114566041e-57,-4.162941965885812e-56,4.417619237988598,4.250614352446869,5.445024705464585
0.823664075441553,0.17633592478168153,2.11321152015821e-12,-9.114067788181593e-21,-9.912041304382219e-22,-9.977085731881061e-26,1.5141130589994869e-57,6.705809874592569e-56,4.3780247474311125,4.209776538554406,5.553378837262967
0.8240285032581495,0.1759714969672849,2.1954564787704775e-12,-1.9380008467219868e-18,-1.075937418613468e-18,9.662390569899761e-26,-5.3466312642241035e-55,-9.207993944517302e-54,4.338785136639865,4.169289248887127,5.664217957918378
0.8243878351935672,0.1756121650316965,2.282066936564831e-12,9.668085998189122e-20,5.789659839592391e-20,1.1048969220059064e-25,7.630679094128236e-57,1.3720466822291167e-55,4.299897224878175,4.129149167892505,5.777384153802166
0.8247415972639682,0.17525840296111295,2.3732853220700625e-12,1.1532713119843335e-19,6.79533766500446e-20,1.2755187125550927e-25,1.060304955799209e-56,1.9797279425867093e-55,4.26135785991785,4.089353047603297,5.892751658191397
0.8250894569297351,0.17491054329515388,2.469417085152008e-12,1.3783453385310578e-19,7.989419430380739e-20,1.48546785864998e-25,1.489389796510639e-56,2.8888580640035284e-55,4.223163917783668,4.049897704624398,6.010224328580399
0.8254312005176336,0.17456879970705266,2.570776346684309e-12,1.6505451639052891e-19,9.409612913804015e-20,1.7442149569625683e-25,2.11373561912652e-56,4.260751549727088e-55,4.1853123025001535,4.010780017264281,6.129733264368788
0.8257667133636963,0.17423328686077616,2.677698974511956e-12,1.9803984713772452e-19,1.1101765058994992e-19,2.0636850060592e-25,3.029154696429679e-56,6.3482461087941454e-55,4.147799945840615,3.9719969228046517,6.251234558324861
0.8260959624882699,0.17390403773597693,2.7905443912102218e-12,2.381433000099995e-19,1.3124149833086887e-19,2.459009350079235e-25,4.38291280164547e-56,9.554691868714021e-55,4.110623807078438,3.933545414902166,6.374707175505358
0.8264189815389141,0.17358101868509446,2.909697508831903e-12,2.8639132505321665e-19,1.5515419519291753e-19,2.94916821533521e-25,6.376901774256455e-56,1.4456907395241328e-54,4.07378087274061,3.8954225411163543,6.50015095358334
0.8267358576665067,0.1732641425572501,3.0355709990183038e-12,3.445096994491344e-19,1.834615026148205e-19,3.55577142716989e-25,9.315790362042233e-56,2.1943428544913476e-54,4.037268156363443,3.857625400558117,6.627584718795797
0.8270467202903562,0.1729532799331347,3.1686073817358326e-12,4.445665832071603e-19,2.3147878103207485e-19,4.3333455161181e-25,1.5318354316670404e-55,3.832346391668613e-54,4.0010826982504994,3.820151141653394,6.757044511971884
0.8273517313863832,0.17264826883682666,3.3092791842418464e-12,4.743698301648026e-19,2.4460923361119094e-19,5.385919460844284e-25,2.0217358926508263e-55,5.36279333027543e-54,3.965221565232678,3.7829969600168383,6.888581919341944
0.8276510771755116,0.17234892304739782,3.4581098045513036e-12,-2.460982247280175e-18,-1.1425255445938226e-18,4.328000742734824e-25,-1.3187858136216937e-54,-4.427657114960454e-53,3.9296818504304523,3.7461600964305353,7.02226250305703
0.8279449610766972,0.17205503914589954,3.6156875223205513e-12,1.9970962914711176e-17,9.36202494457221e-18,8.874913873907895e-25,1.463622910711616e-53,4.184097358330464e-52,3.8944606730182416,3.7096378349230177,7.158164326568788
0.8282335977641239,0.1717664024582927,3.7817571594720196e-12,1.3239152987156892e-16,6.06129092834305e-17,1.976919379780523e-23,3.137362824635636e-51,9.399500481226363e-50,3.8595551779908956,3.673427500944032,7.296376570230883
0.8285172081644745,0.17148279205684358,3.9612208984071705e-12,-1.9548731084667064e-15,-8.858009621228663e-16,-1.006288236650824e-22,1.4211541169695537e-49,3.900321120034655e-48,3.8249625359322663,3.6375264596306844,7.436998232685747
0.8287960153453385,0.17120398487285962,4.146488294169869e-12,1.3692267832190581e-18,6.410739081692541e-19,-5.879168047728073e-22,-6.6127512420486895e-52,-2.092836323088555e-50,3.790679942785859,3.601932114160806,7.580136913794798
0.8290702410371334,0.17092975918066733,4.345162254758863e-12,1.6805729641066224e-18,7.718768557012296e-19,-5.875313474083069e-22,-8.202381707899035e-52,-2.7116129438045235e-50,3.7567046196275364,3.566641904189515,7.725907675056712
0.8293401029899016,0.1706598972274776,4.5559722540510885e-12,2.0672480930441086e-18,9.312030458343626e-19,-5.870390340796138e-22,-1.0196479324038586e-51,-3.5226788754205758e-50,3.723033812440263,3.5316533043651748,7.8744319736370825
0.8296058126546733,0.17039418756225824,4.779775191694136e-12,2.5481560840821682e-18,1.125508199928079e-18,-5.864081939614537e-22,-1.270074922131146e-51,-4.587188104149093e-50,3.6896647918908636,3.496963822921043,8.025836666304253
0.8298675735721559,0.17013242664429948,5.017496077369376e-12,3.1480767636010887e-18,1.3631380146376175e-18,-5.855972757600119e-22,-1.5854168501095255e-51,-5.989265714321385e-50,3.6565948531087864,3.4625710003391306,8.180253079730488
0.8301255800533459,0.1698744201626091,5.27013402353769e-12,3.911149748670569e-18,1.6593679252784087e-18,-5.845499828648719e-22,-1.9903527297708014e-51,-7.876875341930699e-50,3.6238213154668495,3.428472408082883,8.337816143775235
0.8303800162168691,0.16961998399854428,5.5387688563382524e-12,4.771061745634181e-18,1.986357638756618e-18,-5.831978183963051e-22,-2.4484173096593025e-51,-1.008964410700716e-49,3.591341522363948,3.3946656473954793,8.498663584518411
0.8306310554101572,0.16936894480450698,5.824568244511846e-12,5.908262016544145e-18,2.41099322671225e-18,-5.81511792901587e-22,-3.059290457927915e-51,-1.317463146836993e-49,3.559152841009715,3.361148348160652,8.66293517395632
0.8308788598364413,0.16912114037898202,6.128795687467677e-12,1.3030904276281887e-17,5.039685014944172e-18,-5.7844988405621575e-22,-7.010940395080068e-51,-3.525596777027208e-49,3.5272526622111067,3.3279181678230927,8.830772033411913
0.8311235804008484,0.1688764198161995,6.452819599028758e-12,-1.2037165755631446e-18,-2.297838075656223e-19,-5.740750560745087e-22,9.284739316528325e-52,8.063786294791981e-50,3.4956384001609058,3.2949727903656045,9.002315987843884
0.8313653567441077,0.16863464347224982,6.798120689913247e-12,1.1738391155946127e-17,4.490483851172318e-18,-5.701501675669406e-22,-6.200667340231938e-51,-3.096667578562063e-49,3.464307492228113,3.2623099253403067,9.177708968366908
0.8316043174423642,0.1683956827732569,7.166306553810278e-12,1.472801876361219e-17,5.514971707040633e-18,-5.64985668537637e-22,-7.810844174614312e-51,-4.092373418185649e-49,3.4332573987502273,3.2299273069513075,9.357092460417288
0.8318405803012524,0.16815941991358133,7.559119156987442e-12,1.8536976740267842e-17,6.7923361457791994e-18,-5.581693575377656e-22,-9.842750264479506e-51,-5.414247949629273e-49,3.402485602827379,3.1978226931863714,9.540606995115596
0.8320742527654449,0.16792574744855582,7.978449455292999e-12,2.3379037787049666e-17,8.381111742606616e-18,-5.491355530753464e-22,-1.2379136183628244e-50,-7.151875238560905e-49,3.3719896101183133,3.165993864995204,9.72839168148996
0.8323054324218239,0.16769456779126843,8.426350863455095e-12,2.925133389614077e-17,1.0267341225757779e-17,-5.371640759267017e-22,-1.5356258970227513e-50,-9.28892215250336e-49,3.3417669486381993,3.134438625512111,9.920583777331164
0.8325342074799111,0.16746579273217277,8.905054968178153e-12,3.7872406352583895e-17,1.2974437768359817e-17,-5.212862873913664e-22,-1.9579903340934496e-50,-1.2533199186112718e-48,3.3118151685582538,3.103154799320847,10.117318296553709
0.8327606573916158,0.16723934282015493,9.41698763225035e-12,5.63492662149572e-17,1.864024175531968e-17,-4.974956799488059e-22,-2.80564907195354e-50,-1.9728799442829346e-48,3.282131842007159,3.0721402317596063,10.318727651035594
0.832984853439793,0.16701514677011425,9.96478901150584e-12,8.377597789186421e-17,2.69455042506963e-17,-4.726818112265022e-22,-4.058348858318377e-50,-3.061260687505168e-48,3.25271456287426,3.0413927882641563,10.524941325004024
0.8332068593593481,0.16679314084938204,1.0551331420539849e-11,7.732670867627109e-17,2.4762744703339313e-17,-4.340815199929481e-22,-3.47449945323803e-50,-2.5835110443170114e-48,3.22356094661453,3.010910353747237,10.736085580124637
0.8334267319461526,0.16657326826132163,1.117974643600357e-11,9.896645747855471e-17,3.096318811157164e-17,-3.8196479195290174e-22,-3.9713819799344645e-50,-3.110480466476132e-48,3.1946686300552782,2.9806908320124172,10.952283189538576
0.8336445217019851,0.16635547850413923,1.1853445852917508e-11,1.269650057287193e-16,3.88000775481028e-17,-3.1138210094823353e-22,-4.2170467689527e-50,-3.480924593490959e-48,3.1660352712045925,2.950732145200674,11.173653199174481
0.8338602733884536,0.16613972681623346,1.2576151769298245e-11,1.6350086247855303e-16,4.878629578295736e-17,-2.1538593859681896e-22,-3.8064389964856947e-50,-3.312426286771454e-48,3.1376585490615017,2.9210322332680563,11.400310714741995
0.8340740266701927,0.16592597353292962,1.3351926294689465e-11,2.096013203488992e-16,6.109501211570756e-17,-8.482931476240448e-23,-2.0047984459805033e-50,-1.8464335310342795e-48,3.109536163427833,2.891589053492841,11.632366712889198
0.8342858166704372,0.1657141835308698,1.4185206281496041e-11,2.7280084087604573e-16,7.756809991102751e-17,9.128016529551687e-23,2.7672873458078826e-50,2.6374589867261126e-48,3.0816658347217625,2.862400580010698,11.869927875079242
0.8344956745063757,0.16550432569500292,1.5080842494169627e-11,5.609428949433362e-16,1.51090893233932e-16,3.9086099610612136e-22,3.7734801298440436e-49,4.116484756541147e-47,3.054045303793033,2.8334648033764043,12.113096442810932
0.8347036277960751,0.1652963724045291,1.604413313142258e-11,4.439551100033653e-16,1.2031519680647286e-16,7.681284345764652e-22,4.139169787155041e-49,4.662186041460483e-47,3.026672331739827,2.8047797301507433,12.361970092874623
0.8349097011726573,0.1650902990258754,1.7080886696492317e-11,5.979176309295453e-16,1.5786445979856415e-16,1.2344754739937772e-21,8.663407707717402e-49,9.902750305224368e-47,2.9995446997272865,2.776343382511291,12.61664183139844
0.8351139167264796,0.16488608346981803,1.819745704431819e-11,7.809494570323724e-16,2.0106078188216576e-16,1.8804649352307425e-21,1.751325035687711e-48,2.1163419654582572e-46,2.972660208807652,2.7481537978858097,12.877199905500877
0.8353162944327808,0.1646837057611099,1.940080940725748e-11,1.0240359438059006e-15,2.5698581720348604e-16,2.7783995738215148e-21,3.4559601614794663e-48,4.422337694043741e-46,2.9460166797420193,2.720209028607091,13.143727731423947
0.835516852536687,0.16448314765463412,2.0698581839561986e-11,1.345237589169925e-15,3.2901383839200767e-16,4.0324938464142064e-21,6.702632784897897e-48,9.081127035057608e-46,2.9196119528236917,2.6925071415880724,13.416303838076912
0.835715607954032,0.16428439223435595,2.209915607557165e-11,1.7140219021353493e-15,4.096907504495255e-16,5.765979081587319e-21,1.2069685685049148e-47,1.7094127159542796e-45,2.8934438877031146,2.6650462180161725,13.695001824973863
0.8359125765277413,0.1640874236575087,2.361173951979353e-11,2.532654707977126e-15,5.843749154615391e-16,8.209311462022734e-21,2.773770512394536e-47,4.275142771061934e-45,2.8675103632143815,2.6378243530657923,13.9798903335993
0.8361077733939436,0.16389222679218415,2.5246444515657662e-11,2.3267942848012892e-15,5.373546441937554e-16,1.2817870277262144e-20,3.2295015537762134e-47,4.807694497599589e-45,2.8418092772032932,2.6108396556279914,14.271033031284771
0.8363012132274149,0.16369878695517087,2.701440026736917e-11,4.116294411142461e-15,9.05949550254696e-16,1.7707153548983685e-20,9.66580090222475e-47,1.6539274544643455e-44,2.8163385463569584,2.5840902480564134,14.568488606725879
0.8364929104737614,0.1635070897049802,2.8927849033078742e-11,5.480794109244887e-15,1.1741380172877488e-15,2.4639231908802775e-20,1.8230561337408118e-46,3.310666844630253e-44,2.791096106034921,2.55757426592854,14.87231077631374
0.8366828795614939,0.1633171206131016,3.100027685794413e-11,7.327482001154955e-15,1.5273023674246947e-15,3.4503039476249515e-20,3.4820732951544584e-46,6.721930449627727e-44,2.7660799101018028,2.531289857821442,15.18254830049727
0.8368711351071209,0.16312886506299698,3.324654633352901e-11,9.811080713613274e-15,1.989439774422239e-15,4.859002475266417e-20,6.6888832751823555e-46,1.3722380550253473e-43,2.741287930761446,2.505235185101195,15.499245009433388
0.8370576920605634,0.16294230810450425,3.568305419401837e-11,1.2947466990461477e-14,2.557575123582601e-15,6.85708184968785e-20,1.2491285562078457e-45,2.701922014934382e-43,2.716718158392538,2.4794084217251875,15.82243983722099
0.8372425658305509,0.16275743432935041,3.8327894989731714e-11,1.888291417295078e-14,3.602284983979373e-15,9.783413746328434e-20,2.8055562299890675e-45,6.6317389889317756e-43,2.692368601385719,2.45380775405659,16.15216686405151
0.8374257724127832,0.16257422774272068,4.1201061332199245e-11,2.4098510693501925e-14,4.489548051145958e-15,1.4237278768538487e-19,5.1055475916022384e-45,1.262537714653764e-42,2.6682372859821366,2.4284313806902618,16.48845536564453
0.8376073285680828,0.16239267158113227,4.4324653229043235e-11,3.252177243435031e-14,5.889690455978706e-15,2.027813239991754e-19,1.0001560406125485e-44,2.6326777145921657e-42,2.6443222561134574,2.4032775122894554,16.831329869370123
0.837787438626881,0.16221256151547225,4.7723046527150034e-11,4.425096661781589e-14,7.78392916404689e-15,2.9055771521585784e-19,1.9936899724665482e-44,5.5978905400937414e-42,2.620621573243309,2.378344700942668,17.18117648499395
0.8379670467555946,0.16203295337934315,5.1423115170483265e-11,6.043989751470052e-14,1.0323021996602512e-14,4.194299377376307e-19,4.021901123406874e-44,1.205760969649328e-41,2.5971333162101455,2.353632924336758,17.53988104109236
0.8381461225354393,0.16185387759123085,5.545495616824084e-11,8.123758918574471e-14,1.349436785531448e-14,6.078114009829147e-19,7.868709259527561e-44,2.496520952014046e-41,2.5738555810715162,2.329140592272729,17.90747467245419
0.8383245253302953,0.16167547478723143,5.985136273448558e-11,1.1570940344681968e-13,1.8587178076076505e-14,8.846046948517663e-19,1.714420885403798e-43,5.884474466496417e-41,2.5507864809497343,2.3048659111864302,18.283748559066055
0.8385021624363133,0.16149783767182926,6.464968387038673e-11,1.5522697538606088e-13,2.425027053892001e-14,1.3019197255299047e-18,3.4096612541747982e-43,1.2435447159704018e-40,2.5279241458789303,2.2808071584500738,18.66856538273979
0.8386789813729961,0.16132101872444726,6.989065584703189e-11,2.1407762846561497e-13,3.2442939113618834e-14,1.9134182193295488e-18,7.0630900272034406e-43,2.7542934171699987e-40,2.50526672265347,2.2569626770341626,19.061853186237386
0.838854963598223,0.16114503648746636,7.561984496828774e-11,2.9580571920931453e-13,4.347430712963245e-14,2.8225567776310313e-18,1.4718870456556756e-42,6.1405617364201275e-40,2.4828123746777377,2.2333308704774772,19.463599586172528
0.8390301188618878,0.16096988121089606,8.188789066078962e-11,4.0985159156475535e-13,5.839669154213102e-14,4.179261248603685e-18,3.08990375545198e-42,1.3805141334377547e-39,2.460559281817262,2.209910198150276,19.87384632275945
0.8392044804612232,0.1607955195973441,8.875115739491301e-11,5.68844016578806e-13,7.855561132768849e-14,6.209650617850353e-18,6.51586315373969e-42,3.114142695021792e-39,2.438505640251176,2.186699170796536,20.29268413021063
0.8393781009358089,0.16062189910683156,9.627247383710308e-11,7.847713182072525e-13,1.0507580187292587e-13,9.239050834096587e-18,1.3609460761161325e-41,6.954379105874016e-39,2.4166496623260025,2.1636963463416543,20.72024791228602
0.8395510484855808,0.16044895153929034,1.0452185440484948e-10,1.0996485319431287e-12,1.4252508891868964e-13,1.3784680412481753e-17,2.930703131574107e-41,1.6124887043648576e-38,2.3949895764107474,2.140900325952642,21.15671220816933
0.8397234038242223,0.16027659618109158,1.1357748591724966e-10,1.5319698361556498e-12,1.9227096197214366e-13,2.0669317098535886e-17,6.269737149651253e-41,3.702642034483763e-38,2.3735236267532915,2.118309750338388,21.60228693449231
0.83989525744243,0.16010474254098014,1.2352668500986584e-10,2.1336548326081365e-12,2.5922868706640877e-13,3.105230182744032e-17,1.3438586541927954e-40,8.523653345233909e-38,2.3522500733380722,2.095923296278138,22.05721338994684
0.8400667073370043,0.1599332926217495,1.3446707544741005e-10,2.969030069271915e-12,3.490878526442408e-13,4.672041530431983e-17,2.8830441167054758e-40,1.9650809540143986e-37,2.3311671917450365,2.073739673366833,22.521760509518764
0.840237857031068,0.15976214289978038,1.4650789963324186e-10,4.123547079884906e-12,4.690489322462677e-13,7.035566033189547e-17,6.180524714737034e-40,4.529940920763387e-37,2.3102732730098645,2.05175762096647,22.996221355946627
0.8404088138498632,0.15959118604922184,1.5977148633625913e-10,5.70904078620925e-12,6.280689478993365e-13,1.0596129699085347e-16,1.3204016320359635e-39,1.040517827956284e-36,2.2895666234854364,2.029975905353112,23.480909836554893
0.8405796875721363,0.15942031229058745,1.7439506231468545e-10,7.869323886900337e-12,8.370173453594583e-13,1.5945590889396983e-16,2.8123016978120617e-39,2.3898945624307913e-36,2.2690455647045527,2.008393317049654,23.97615763413474
0.8407505891851783,0.15924941063569215,1.905323766702734e-10,1.0780221142792185e-11,1.1083197241703365e-12,2.3949739056046484e-16,5.934039018220544e-39,5.4379710484341404e-36,2.248708433243874,1.9870086683348693,24.48231134104814
0.8409216299201664,0.1590783698523273,2.083563186463685e-10,1.4673697023196582e-11,1.457563662298707e-12,3.586468842222634e-16,1.2424255797279624e-38,1.2267432288033396e-35,2.228553580589087,1.9658207909197034,24.99972978621203
0.8410929203983181,0.15890707931807108,2.2806109309124357e-10,1.9796609924479357e-11,1.8994071494971952e-12,5.348482697282261e-16,2.566821401513968e-38,2.734968774010022e-35,2.2085793730012773,1.9448285337821742,25.528781545081355
0.8412645699967285,0.15873542965445175,2.498652154678397e-10,2.6445854424090273e-11,2.450100670974023e-12,7.932832377732181e-16,5.223993257497724e-38,6.010440813969993e-35,2.1887841913844994,1.924030761152639,26.069842623192187
0.8414366862254122,0.15856331334993656,2.7401476926346863e-10,3.494754879018197e-11,3.12536692681004e-12,1.1688665225705583e-15,1.0452927677378604e-37,1.2997364169963604e-34,2.169166431154533,1.9034263506415485,26.62329430425034
0.8416093743654055,0.15839062512184718,3.00787092425871e-10,4.564988143958551e-11,3.9394877283146594e-12,1.7092072809807712e-15,2.0521194709242467e-37,2.759085037324967e-34,2.1497245021088176,1.8830141915021674,27.18952115415764
0.8417827370413816,0.15821726234376635,3.3049511337284604e-10,5.89135218195771e-11,4.904427146873122e-12,2.4783035844109672e-15,3.949249974947237e-37,5.746359139693848e-34,2.1304568282975502,1.8627931830210975,27.768909172757425
0.8419568739949401,0.158043125272269,3.634923227674809e-10,7.510224230222924e-11,6.0291360593423956e-12,3.5609457462351e-15,7.438971552229094e-37,1.170921033482069e-33,2.111361847895943,1.8427622330297457,28.36184408545447
0.8421318818604482,0.1578681172710947,4.0017791734349995e-10,9.457517628887027e-11,7.319216727475603e-12,5.0680554557726835e-15,1.3722572386291281e-36,2.3422387175807812e-33,2.0924380130776177,1.822920256530205,28.96870976722245
0.8423078540120378,0.1576921449641572,4.4100046321683427e-10,1.176824637116746e-10,8.77683584997111e-12,7.14310936221979e-15,2.4796580596993034e-36,4.6139380587910874e-33,2.073683789889146,1.8032661744293181,29.58988679185444
0.842484880453998,0.15751511834510476,4.864822643106927e-10,1.4476422635271816e-10,1.0401129288534745e-11,9.969926375959442e-15,4.385401496963058e-36,8.845118574042055e-33,2.055097658125703,1.7837989123749816,30.225751099640952
0.8426630477692749,0.15733695082884305,5.371991528456392e-10,1.7615485519036859e-10,1.2188746090755309e-11,1.378231776674631e-14,7.593095056627947e-36,1.655018521210808e-32,2.0366781112078436,1.764517399689012,30.876672776974154
0.8428424390609425,0.15715755931002595,5.937961157586945e-10,2.1218739741786444e-10,1.4134514141263075e-11,1.8875455170297827e-14,1.29117859762382e-35,3.064411952880483e-32,2.0184236560593796,1.7454205683911814,31.54301494167855
0.8430231339583437,0.15697686415676929,6.570378676981118e-10,2.53204678649346e-10,1.6232313637477566e-11,2.5620621181589593e-14,2.1563419092106195e-35,5.56690129325178e-32,2.0003328129863496,1.7265073523092624,32.22513272815688
0.8432052086222468,0.15679478920554313,7.277698728732042e-10,2.9956907195693973e-10,1.8475769065358413e-11,3.448300413805066e-14,3.541866242082833e-35,9.954235296270412e-32,1.9824041155570808,1.70777668627018,32.9233723667163
0.8433887357757784,0.15661126173012052,8.069598828965456e-10,3.5167416722401687e-10,2.0858892027197563e-11,4.604403930421195e-14,5.728775242514333e-35,1.7538926911107265e-31,1.9646361104833154,1.6892275053675831,33.6380703517049
0.8435737847230537,0.15642621242287957,8.957127556000247e-10,4.099565604659245e-10,2.3376582966329748e-11,6.102942987022297e-14,9.138274098076316e-35,3.0507326736886936e-31,1.9470273575024122,1.6708587443013996,34.36955269334125
0.8437604214406593,0.15623957530323732,9.95293005052356e-10,4.749075718348689e-10,2.6025000571268427e-11,8.034394562425813e-14,1.4391578837645828e-34,5.237909403020535e-31,1.9295764292605986,1.6526693367851113,35.11813424836319
0.8439487085758012,0.15605128771949545,1.1071122458024372e-09,5.470844747078144e-10,2.8801783142905757e-11,1.0511545735194676e-13,2.2414490500048875e-34,8.926410697613685e-31,1.9122819111972693,1.6346582150167226,35.88411812485339
0.8441387055635956,0.1558612902312954,1.232841568325206e-09,6.271208216187153e-10,3.170612138000959e-11,1.3674884343481365e-13,3.454816181175797e-34,1.5037277852824172e-30,1.8951424014303242,1.6168243092095764,36.6677951568218
0.8443304686471688,0.15566952658956898,1.374361070768761e-09,7.157393412516852e-10,3.47388993084459e-11,1.7699634175171242e-13,5.276767841682855e-34,2.5071756511164546e-30,1.8781565106425322,1.5991665471793586,37.46944344433777
0.8445240509684827,0.15547594364559378,1.5338082857677913e-09,8.13762148364987e-10,3.7902600813773845e-11,2.280430581180766e-13,7.996339836782954e-34,4.1587012049885184e-30,1.8613228619689142,1.5816838539838132,38.28932795520787
0.8447195026125399,0.15528049130661434,1.7136519931347423e-09,9.22122259624114e-10,4.120123077968854e-11,2.9261519494699297e-13,1.2033565040576873e-33,6.860654115808104e-30,1.8446400908851357,1.5643751516118516,39.12770018439044
0.8449168707108796,0.15508312243219005,1.916739230301762e-09,1.041877948058844e-09,4.464030431803176e-11,3.7411722629536387e-13,1.799860963442673e-33,1.125064841159585e-29,1.8281068450968987,1.5472393587189235,39.98479786752367
0.8451161994441724,0.1548837928315136,2.146323417837905e-09,1.174226437833374e-09,4.822673938356455e-11,4.768053038523812e-13,2.677874581338736e-33,1.8365071774798742e-29,1.8117217844303255,1.5302753904056439,40.860844745122435
0.8453175301551489,0.15468246115024922,2.4061553400863442e-09,1.320520144533508e-09,5.196878720643641e-11,6.060024549136033e-13,3.966696736155085e-33,2.988159658087912e-29,1.7954835807233265,1.5134821580368472,41.7560503741694
0.8455209014471603,0.15447908877178554,2.7005494757027602e-09,1.4822845580004216e-09,5.5875967587446116e-11,7.683731637128659e-13,5.853256746482481e-33,4.8474825069983414e-29,1.7793909177179383,1.4968585690983618,42.670609983988726
0.8457266204192511,0.1542733685811369,3.034488938800215e-09,1.6614801831061754e-09,5.996786294668802e-11,9.725685837130304e-13,8.613753005945517e-33,7.845994197650232e-29,1.7634424909536306,1.480403431740696,43.60594250146268
0.8459361428440496,0.15406384478402343,3.413699064640986e-09,1.8614309936381444e-09,6.430384701661768e-11,1.231099260403998e-12,1.2676760707527516e-32,1.2713421045007548e-28,1.747637007661566,1.4641152772391717,44.5687837307756
0.8461493632312823,0.15385062285032478,3.844810002503809e-09,2.0844844966936284e-09,6.889548041405573e-11,1.558267898127011e-12,1.8655352965160124e-32,2.0616785980567525e-28,1.7319731866598098,1.4479933873651487,45.558821594951
0.8463659664464945,0.1536340178918048,4.335511080274747e-09,2.333049200558397e-09,7.374807570516574e-11,1.9717374551381422e-12,2.744296654843044e-32,3.344731874484937e-28,1.7164497582494782,1.4320371315655729,46.57473955004126
0.8465857015317764,0.15341428084021813,4.894713816109444e-09,2.6098649852284947e-09,7.886964682986988e-11,2.493749948037369e-12,4.035031557136076e-32,5.428990790647241e-28,1.701065464111817,1.4162458546371572,47.61546842509532
0.8468083745214688,0.15319160563105452,5.53274827368607e-09,2.9180526677336405e-09,8.427101166664704e-11,3.1523553623798943e-12,5.929558988925613e-32,8.815369060132223e-28,1.685819057206204,1.4006188772645627,48.680166986631725
0.8470338421164505,0.15296613552861799,6.2615989895177965e-09,3.2611683710950322e-09,8.996584078086122e-11,3.983018468050733e-12,8.709822694217286e-32,1.4317687090780611e-27,1.6707093016690624,1.3851554965760569,49.76820358773455
0.8472620060126772,0.152737968796626,7.095230125782944e-09,3.6432680684699742e-09,9.597080643186259e-11,5.0306416796236236e-12,1.2790260655297388e-31,2.3271645304751446e-27,1.6557349727136865,1.3698549867145744,50.87913885066326
0.8474928076385289,0.15250716396004607,8.049879038864337e-09,4.0689811072552695e-09,1.0230568388861603e-10,6.352252284018963e-12,1.8781637371716036e-31,3.7857494056670194e-27,1.6408948565309571,1.354716599422222,52.01270933405557
0.847726223530531,0.15227374442827168,9.144476786229261e-09,4.543594844166821e-09,1.0899349761930084e-10,8.020374551228376e-12,2.758596685598416e-31,6.165783635187314e-27,1.6261877501909543,1.3397395646363812,53.168812137900474
0.8479622610302386,0.1520377027969817,1.0401113249863863e-08,5.0731545339171445e-09,1.1606071695706706e-10,1.0127514887519843e-11,4.053787627686534e-31,1.0055955574508317e-26,1.6116124615454461,1.3249230910956868,54.34749040147388
0.8482009544347846,0.15179900469609822,1.1845603121840258e-08,5.6645779154837756e-09,1.2353745921382162e-10,1.279197185591256e-11,5.961890920376149e-31,1.6428169980069878e-26,1.5971678091312553,1.310266366954241,55.54891965136163
0.8484423615303228,0.1515575922545659,1.3508159140414551e-08,6.325787300029821e-09,1.3145770324343724e-10,1.6165350379698485e-11,8.778464687211842e-31,2.689921544568499e-26,1.5828526220744914,1.2957685604025477,56.77339495854926
0.8486865604252051,0.15131338726515384,1.5424153548932674e-08,7.065863070981396e-09,1.3985953041985167e-10,2.044241383397723e-11,1.294405796742897e-30,4.414523391742688e-26,1.5686657399956374,1.2814288202937247,58.021318865337555
0.8489336466547616,0.1510662940771328,1.7635092303596882e-08,7.895223862977982e-09,1.4878544419165309e-10,2.5874200383972308e-11,1.9119916476133476e-30,7.264459065088195e-26,1.5546060129154946,1.2672462767736585,59.29319004454884
0.8491837306221028,0.1508162021525788,2.0189720907701283e-08,8.82583096176897e-09,1.5828264395944165e-10,3.278489824324888e-11,2.8300603229003116e-30,1.1990593100962492e-25,1.5406723011619616,1.2532200419138364,60.58959265512789
0.849436935228627,0.1505629884323816,2.314536164924673e-08,9.87142824465976e-09,1.6840334820445144e-10,4.1594318397439805e-11,4.198763275922705e-30,1.9856643071430646e-25,1.5268634752776575,1.2393492103456951,61.91118635980985
0.8496933937221322,0.15030651948395643,2.6569522493427647e-08,1.104782122806602e-08,1.792051863255431e-10,5.2847787472182016e-11,6.245843676935523e-30,3.30024186708382e-25,1.513178415928365,1.2256328598953685,63.25869697203652
0.8499532477755548,0.15004665341760395,3.054179003346463e-08,1.237319674162822e-08,1.9075158354106435e-10,6.725533079793065e-11,9.317651941605365e-30,5.506017296617791e-25,1.4996160138122998,1.212070052217833,64.63290770074406
0.8502166457343296,0.14978324163316883,3.515615810783299e-08,1.3868493275012274e-08,2.0311209447855543e-10,8.574360166757514e-11,1.394392171008548e-29,9.224435181336326e-25,1.486175169570192,1.1986598334294796,66.03465096303336
0.8504837409936403,0.14951613043580636,4.052373271307079e-08,1.5557833779915736e-08,2.1636290467373345e-10,1.0952590707610937e-10,2.093721417663957e-29,1.5521091223066203e-24,1.4728547936961705,1.1854012347382366,67.46480073606098
0.850754690554575,0.14924516247129474,4.677606474017037e-08,1.7469021508992702e-08,2.3058725754690286e-10,1.4019508906014443e-10,3.154988266761942e-29,2.623485180518535e-24,1.4596538064494509,1.172293273070417,68.92426542076285
0.8510296537296543,0.14897017801039458,5.406911241176673e-08,1.963410633219859e-08,2.458757950360932e-10,1.7984642347588025e-10,4.7719873665182923e-29,4.4554057076556224e-24,1.4465711377668111,1.1593349516935234,70.41398119124474
0.851308790921558,0.14869101615787708,6.258803846333926e-08,2.2090045071751584e-08,2.623270089324917e-10,2.3124438049534653e-10,7.245997872574666e-29,7.603840124916845e-24,1.4336057271758529,1.1465252608343108,71.93490580484315
0.8515922625281618,0.14840751593280646,7.255296719452656e-08,2.4879456994917267e-08,2.800476699915498e-10,2.980472727217626e-10,1.1047288399236808e-28,1.304290860721299e-23,1.42075652370904,1.133863178291451,73.48801284898335
0.8518802279819163,0.14811951721147307,8.422595892591155e-08,2.8051473396620656e-08,2.9915301130637644e-10,3.8510484287570544e-10,1.6912879509005111e-28,2.248797915214086e-23,1.4080224858185098,1.1213476700421992,75.0742864020364
0.8521728448339561,0.1478268616217823,9.791948160807989e-08,3.1662715627363015e-08,3.197669205832754e-10,4.988641448760519e-10,2.6003503509429248e-28,3.89785241717486e-23,1.3954025812916426,1.1089776908425089,76.69471608640876
0.8524702679289673,0.14752939334255202,1.140065739391215e-07,3.577839772318057e-08,3.420220709836867e-10,6.479198182184252e-10,4.0153537597096467e-28,6.792212379587258e-23,1.382895787167394,1.0967521848200938,78.3502924930844
0.852772648688382,0.14722695978884873,1.3293328981483125e-07,4.047354191960614e-08,3.660595228042012e-10,8.437477910949168e-10,6.22745451216629e-28,1.1899380961230486e-22,1.3705010896533736,1.0846700860599674,80.04200295778791
0.8530801344176775,0.14691941226641206,1.5523378006672745e-07,4.5834342091473757e-08,3.920282422920476e-10,1.1017113017689314e-09,9.700753204545815e-28,2.0959951164439625e-22,1.3582174840436674,1.0727303191820432,81.77082766984302
0.8533928676888937,0.1466066065427185,1.8154854967317548e-07,5.195964418637014e-08,4.2008418349033654e-10,1.4424273170638552e-09,1.51773754295588e-27,3.7117503791681498e-22,1.346043974637396,1.0609317999104135,83.53773609566974
0.8537109858025503,0.1462884033282097,2.1264687693511951e-07,5.896250863417322e-08,4.503884974475478e-10,1.8936001390647093e-09,2.3848674642967474e-27,6.607954242349503e-22,1.3339795746580065,1.0492734356339601,85.34368369969653
0.854034620261258,0.14596466873307493,2.494541130297072e-07,6.697185551471275e-08,4.831052200204244e-10,2.4925411263647844e-09,3.76342841486598e-27,1.1826152092702972e-21,1.3220233061732822,1.0377541259579874,87.18960894626112
0.8543638963019294,0.14563527465015622,2.9308483282265654e-07,7.613409311429993e-08,5.183979292164225e-10,3.289595310790117e-09,5.9634231185328205e-27,2.1272472102294136e-21,1.3101742000160739,1.0263727632465958,89.07643056683654
0.8546989324894367,0.145300099056416,3.448838504937903e-07,8.66146169999598e-08,5.564247767648523e-10,4.352731643385616e-09,9.487096525759425e-27,3.84521158193034e-21,1.2984312957057382,1.01512823315556,91.00504507765108
0.8550398402873546,0.1449590263127748,4.0647625798234514e-07,9.859907983199527e-08,5.973322764450641e-10,5.773930997174613e-09,1.5150379172759973e-26,6.983682520643638e-21,1.2867936413702838,1.0040194151554815,92.97632453347086
0.8553867237129358,0.1446119473508767,4.798284586865803e-07,1.1229413273311661e-07,6.412468287489962e-10,7.677684276722636e-09,2.4279566226328909e-26,1.2739033151897168e-20,1.2752602936692117,0.993045183045036,94.99111450398433
0.8557396789820173,0.1442587598295456,5.673244114582439e-07,1.2792740604089845e-07,6.882637746335435e-10,1.0232552594990815e-08,3.90358327565446e-26,2.3332429342885384e-20,1.263830317717049,0.9822044054541471,97.05023225986923
0.8560987941473907,0.14389936825159388,6.718581971544214e-07,1.4574626890285467e-07,7.384337594413566e-10,1.3667029701808704e-08,6.29409815785656e-26,4.2891584136560093e-20,1.2525027870075676,0.971495946336951,99.15446515623829
0.8564641487884772,0.14353368396949348,7.969489602713076e-07,1.6601490544492411e-07,7.917459405821544e-10,1.8290440057937214e-08,1.0173107491141823e-25,7.909322580467111e-20,1.2412767833386829,0.9609186654544322,101.30456920174646
0.8568358136462528,0.14316162516808836,9.468830484708519e-07,1.8900902935105118e-07,8.481078927799999e-10,2.4521438929387968e-08,1.647397672859374e-25,1.4621972507827766e-19,1.2301513967380246,0.9504714188466377,103.50126780220657
0.8572138502609099,0.14278311674951064,1.1268896359476653e-06,2.150075730844266e-07,9.073226864901704e-10,3.2925806470245704e-08,2.671169854797575e-25,2.708121092848591e-19,1.219125725389174,0.9401530592944006,105.74525066809818
0.8575983105693193,0.14239809013592394,1.3433584980947617e-06,2.442806634887464e-07,9.690640953321787e-10,4.4266545862016006e-08,4.333593493536975e-25,5.020658119693058e-19,1.2081988755585655,0.9299624367705094,108.03717287586913
0.8579892364454683,0.14200648297255364,1.6041108813990412e-06,2.770733682619775e-07,1.0328520911268839e-09,5.956978996686124e-08,7.028748252421567e-25,9.308366903241082e-19,1.1973699615230387,0.9198983988802939,110.37765407342424
0.8583866591641449,0.14160823870967362,1.918735812656984e-06,3.1358523324600977e-07,1.098032337565726e-09,8.021059128676647e-08,1.1386077596663425e-24,1.7239516947472565e-18,1.186638105498044,0.9099597912916033,112.7672778206636
0.8587905987556297,0.14120330603701098,2.2990099189756897e-06,3.5394660179027647e-07,1.1637658779666133e-09,1.0802350600166635e-07,1.8402119665404533e-24,3.185514938414599e-18,1.1760024375664893,0.9001454581541755,115.20659105638782
0.8592010632168466,0.14079163813459591,2.7594209007561347e-06,3.981944721787679e-07,1.229037813810444e-09,1.4544345787839157e-07,2.9637234987722675e-24,5.864620626751297e-18,1.1654620956082251,0.8904542425084019,117.69610368331556
0.8596180475282584,0.14037319169234652,3.3178223040431744e-06,4.4625321616963966e-07,1.2926968808212092e-09,1.956836633071149e-07,4.750280326517523e-24,1.0741357395800491e-17,1.155016225230162,0.8808849866835217,120.23628826337239
0.8600415324168676,0.1399479256301406,3.996253679431814e-06,4.979291654731797e-07,1.3535405758679514e-09,2.629587799677503e-07,7.567007447726199e-24,1.9541719928648392e-17,1.1446639796970135,0.8714365326852704,122.82757981580426
0.8604714827810745,0.1395157994279849,4.821969556179035e-06,5.529321709292026e-07,1.4104606835154717e-09,3.5276538454440664e-07,1.1963883923139088e-23,3.525994450570158e-17,1.134404519862661,0.86210772257304,125.47037571104507
0.8609078456617211,0.13907677093995102,5.828732595389499e-06,6.109407967766589e-07,1.462660212965781e-09,4.722400925590089e-07,1.8751727042647824e-23,6.30090955187425e-17,1.1242370141021325,0.8528973988266065,128.16503565362763
0.861350547593844,0.13863079351505309,7.058442362757557e-06,6.717283272736028e-07,1.50994145316972e-09,6.306322934802153e-07,2.9109783801913533e-23,1.113901177562322e-16,1.1141606382441918,0.8438044047024952,130.91188174777233
0.8617994910943217,0.13817781218096706,8.563186479678405e-06,7.353609908335976e-07,1.5530446758696686e-09,8.399618114611179e-07,4.4739508996694044e-23,1.9469109683877725e-16,1.1041745755045322,0.8348275845800621,133.71119863961547
0.8622545499134477,0.13771775852963877,1.0407840164654982e-05,8.024633406470439e-07,1.5939880248115304e-09,1.1159855487670826e-06,6.80996771849242e-23,3.3648560704782564e-16,1.0942780164195678,0.8259657842973805,136.56323373035372
0.8627155625148147,0.1372505438217235,1.2673343287966452e-05,8.745191915450218e-07,1.6363337746244913e-09,1.479686975187522e-06,1.0278937424099906e-22,5.756591244088889e-16,1.0844701587808194,0.8172178514770273,139.46819745488125
0.8631823229556176,0.136776049562125,1.5460866102326577e-05,9.541453440953076e-07,1.6852995744721757e-09,1.959623925641524e-06,1.5420130540462232e-22,9.768784884440577e-16,1.0747502075698878,0.8085826358418742,142.42626362078119
0.8636545680237182,0.13629411451038126,1.88970920872988e-05,1.0452585337717101e-06,1.7476744771376707e-09,2.5956251662906977e-06,2.306412244647214e-22,1.6491689667863222e-15,1.0651173748940101,0.8000589895209909,145.4375698028084
0.8641319589782128,0.13580451656927858,2.314093723694113e-05,1.1530809924826566e-06,1.8316047481872924e-09,3.444519444902959e-06,3.4522400276064177e-22,2.7792424242222038e-15,1.0555708799221948,0.7916457673457787,148.50221778826037
0.8646140555688345,0.13530694725969608,2.839210651824633e-05,1.2840082896969557e-06,1.946459394395539e-09,4.58883291917266e-06,5.190507271770911e-22,4.691332420724787e-15,1.046109948821925,0.7833418271364567,151.62027406888132
0.8651002789703833,0.13480097537220995,3.490200228494364e-05,1.4454693302247777e-06,2.103102274577622e-09,6.149793238776753e-06,7.865632739755602e-22,7.954530934741045e-15,1.0367338146964362,0.7751460299790246,154.79177037518434
0.8655898585766237,0.13428599467124733,4.298764577063924e-05,1.6459630257321776e-06,2.314899283265741e-09,8.306716025617637e-06,1.204799340854347e-21,1.357621601518383e-14,1.0274417175225488,0.7670572404928364,158.01670424930194
0.8660817547775546,0.1337611478498182,5.304945249676059e-05,1.8954076048836292e-06,2.5996984640306776e-09,1.1326170700257111e-05,1.8699580728932452e-21,2.3354109177364994e-14,1.0182329040890634,0.7590743270889222,161.29503965269043
0.866575075143089,0.13322466600202298,6.559370499674769e-05,2.205948746586318e-06,2.9831150077989376e-09,1.5611221506327173e-05,2.949194249177604e-21,4.054083278716243e-14,1.0091066279357044,0.7511958097367527,164.63020784382874
0.8670693084187721,0.13267325236413124,8.12609617736131e-05,2.5925933584442864e-06,3.5028747569964237e-09,2.1782310235334383e-05,4.742602261790817e-21,7.1110677590994e-14,1.0000621492926132,0.7434194333475234,168.03196824192153
0.8675615089165527,0.13210448284694265,0.00010086378446576088,3.073373215595611e-06,4.2149378678610645e-09,3.0762034529340366e-05,7.794384665435452e-21,1.2597895217526386e-13,0.9910987350203834,0.7357438742888451,171.4994856715097
0.8680474802969238,0.13151481951337335,0.0001254328113225642,3.6715457105602203e-06,5.2051894718570335e-09,4.395113686278096e-05,1.313052999278959e-20,2.2535515099431092e-13,0.9822156585506313,0.7281678641594073,175.03154987232287
0.8685213028047155,0.1308989238863074,0.0001562749186074665,4.416303121732028e-06,6.605388219181515e-09,6.348874398349527e-05,2.2747263761980077e-20,4.0691590400829516e-13,0.973412199827103,0.7206901194664841,178.62731610938238
0.8689744371667417,0.13024879222220107,0.00019504506974439014,5.344235771363957e-06,8.619216639734678e-09,9.265553255796225e-05,4.065550227657122e-20,7.413834484792557e-13,0.9646876452473053,0.7133093440985829,182.28627322361004
0.8693943636840077,0.12955243584336584,0.00024383259323524509,6.500986131712892e-06,1.1563396191982573e-08,0.00013649946255728918,7.516585809205571e-20,1.3622795264655123e-12,0.9560412876046629,0.7060242316496194,186.00821354238084
0.8697625136700152,0.12879186970012424,0.000305259826381813,7.943120756554345e-06,1.593246372412469e-08,0.00020280500253049686,1.4399118255754358e-19,2.5228586966875743e-12,0.9474724260311914,0.6988334676016863,189.79320456046992
0.8700511415187887,0.1279400668443952,0.0003825843529863859,9.739927675158854e-06,2.249981906594513e-08,0.0003035839511089132,2.8582276547230167e-19,4.7048551344446854e-12,0.9389803659406863,0.6917357313731929,193.64156230572505
0.8702186523231986,0.1269564080306397,0.000479781955596918,1.1974600904809151e-05,3.2472707490768625e-08,0.00045733865067644936,5.868782297752253e-19,8.82489472458416e-12,0.9305644189724207,0.6847296982388543,197.55382630751686
0.8702027884040009,0.1257800510089981,0.0006015597477007665,1.4743641853407518e-05,4.7722696679035535e-08,0.0006924167403960125,1.242055044049353e-18,1.6620922957246226e-11,0.9222239029353456,0.6778140411277301,201.53073608959417
0.8699111234654796,0.12432069792104537,0.0007531991236916232,1.815224622764755e-05,7.110992552074667e-08,0.001051777507428769,2.695258548608343e-18,3.1357210745823813e-11,0.9139581417527937,0.6709874323052517,205.57320911239333
0.8692088537299224,0.1224467872735853,0.0009400492976811328,2.2301813775460387e-05,1.068938766957834e-07,0.0015992583955611627,5.9565381067632144e-18,5.905271595385346e-11,0.9057664654076759,0.6642485449449144,209.6823200931382
0.8679055939874984,0.11997285355959633,0.001166396849545232,2.726389020831908e-05,1.611465945779111e-07,0.0024266205407143374,1.329661656262299e-17,1.1045246167166945e-10,0.8976482098881714,0.6575960545950656,213.85928163521973
0.8657467886154127,0.11665166889132945,0.0014334021494671356,3.303462210209461e-05,2.4192023872035107e-07,0.003658726417935017,2.9687121481942186e-17,2.0373445710824533e-10,0.8896027171339014,0.6510286405459864,218.10542610136395
0.8624218805349851,0.1121832210140875,0.0017360285669916274,3.946971811303225e-05,3.5868313488430575e-07,0.005450837683613415,6.553823188184397e-17,3.670864275134191e-10,0.8816293349825892,0.6445449871022348,222.42218866799524
0.8576075544952606,0.10625857105078793,0.0020597028020760016,4.621812363878871e-05,5.20432375256451e-07,0.007968560905163406,1.4126517542691514e-16,6.384478215268273e-10,0.8737274171171953,0.6381437847650028,226.81109150098303
0.8510598321750938,0.09865186164985817,0.0023787985493508887,5.270086793554237e-05,7.32402470587019e-07,0.011342598261924047,2.936210497012173e-16,1.0577225032934286e-09,0.8658963230135271,0.6318237313290291,231.27372899562033
0.8427399501329905,0.0893448266555863,0.0026597054475520263,5.819181292816635e-05,9.926899715378924e-07,0.015604558182271624,5.826292915624433e-16,1.6481891608889452e-09,0.8581354178883198,0.6255835328984136,235.8117540262391
0.8329130236427725,0.07862262603780491,0.002869181281413701,6.200705031655393e-05,1.2912983906492695e-06,0.02063401329694519,1.0977326311809933e-15,2.3926131826848407e-09,0.8504440726477795,0.6194219048254788,240.42686515331513
0.8221431802162164,0.06706538073805236,0.0029843055900451807,6.371535946032946e-05,1.6129902068373561e-06,0.026156696629160252,1.9641759951081314e-15,3.2207257791990085e-09,0.8428216638365906,0.6133375725766539,245.12079473826006
0.8111650756493888,0.05541669949680513,0.002998284168348503,6.324641220341194e-05,1.9422619893987146e-06,0.03180650375150544,3.35445792060303e-15,4.022839387432296e-09,0.8352675735873784,0.6073292725291639,249.89529791835034
0.800697037660405,0.04439561155712812,0.00291955374739809,6.0851511288458116e-05,2.267260787415079e-06,0.037219697808848165,5.511400011068177e-15,4.6851680910218115e-09,0.8277811895706252,0.6013957527021507,254.75214239639487
0.7912895091780291,0.034545789630707556,0.0027663969948327565,5.6974143078357586e-05,2.581053169372368e-06,0.0421132814927926,8.788745201963041e-15,5.125681799824532e-09,0.8203619049450355,0.5955357734256818,259.6930990018123
0.7832591356040914,0.026171746787654562,0.0025608550739562017,5.2114783680258236e-05,2.880885341365111e-06,0.04632057159451907,1.3715768169675449e-14,5.312183804754153e-09,0.8130091183083457,0.5897481079509541,264.7199329817628
0.7767012325069184,0.01935381630318051,0.0023242533889018817,4.6737230418527117e-05,3.166787984887183e-06,0.049786645507225384,2.109654151860653e-14,5.259430709443829e-09,0.8057222336485744,0.5840315430048436,269.83439598288174
0.7715456653581598,0.014006244714898029,0.0020747720459964166,4.1221947947147445e-05,3.4403968020403084e-06,0.052541098673618065,3.2162133321230345e-14,5.0134806121254985e-09,0.7985006602957111,0.5783848792918156,275.0382186859723
0.7676230396170931,0.009944966430783762,0.0018265586210775332,3.585296741333771e-05,3.7042282167219714e-06,0.05466500742219013,4.8804931760150325e-14,4.63343355572528e-09,0.7913438128738361,0.572806931946069,280.333104057759
0.7647214884991502,0.006945309067859781,0.0015897496265109908,3.082344532806615e-05,3.961317782828304e-06,0.056262291089018035,7.393942188681848e-14,4.17707394114676e-09,0.7842511112536702,0.5672965309366564,285.72072118546816
0.7626267245541775,0.0047824141847589,0.0013709393393852981,2.6249569549228447e-05,4.215050250206525e-06,0.057439349249898214,1.1205436860081648e-13,3.692518586205272e-09,0.7772219805055505,0.5618525214282034,291.2026996615964
0.7611455920347361,0.003254779446333521,0.001173822513200262,2.2186954568949134e-05,4.469038175691685e-06,0.058292954544086215,1.700476149172109e-13,3.2151409192269824e-09,0.7702558508528263,0.5564737640997162,296.78062448776006
0.760116703224685,0.0021946640090657636,0.0009998627396290277,1.86465274739901e-05,4.726951580469977e-06,0.05890464628894096,2.584630311955115e-13,2.7679746327398543e-09,0.7633521576256739,0.551159135423866,302.456031467976
0.759412459739958,0.0014697804827090305,0.0008489094531664645,1.5608491756858955e-05,4.992236250183931e-06,0.059339483405496135,3.932678253351671e-13,2.3638555701869962e-09,0.7565103412153246,0.5459075279090188,308.2304030631308
0.7589361847467835,0.0009800808893949092,0.0007197265591527435,1.303381714544805e-05,5.26768700318082e-06,0.05964729226425153,5.982909819809936e-13,2.0080691173078384e-09,0.7497298470287028,0.5407178503061747,314.1051646797323
0.758617076658561,0.0006523936884699507,0.0006104194992004515,1.0873185991115986e-05,5.554880403570307e-06,0.05986504918715303,9.072643803333417e-13,1.700814290486681e-09,0.7430101254434719,0.535589027782882,320.0816813673225
0.7584046972006959,0.0004346457920944537,0.0005187622849399068,9.073592406681039e-06,5.853533974529712e-06,0.06001953494035315,1.3727938536143952e-12,1.4391874723663604e-09,0.7363506317634819,0.5305200020660926,326.1612549001594
0.7582639207404424,0.0002906012954649306,0.0004424346135648665,7.582913527757698e-06,6.160944490205049e-06,0.060129791152493776,2.0589520549518822e-12,1.2186623996980428e-09,0.7297508261746162,0.5255097315558304,332.34512121994896
0.7581707369798517,0.00019550496100619884,0.00037918331324259696,6.3528030237705036e-06,6.4717324246205635e-06,0.06020917606750349,3.054052291411287e-12,1.0340808103232005e-09,0.7232101737010355,0.5205571914114593,338.63444821753603
0.7581089803437568,0.0001326957947860223,0.00032692339044154743,5.340242859659566e-06,6.778117523024627e-06,0.06026697690783279,4.464227912517003e-12,8.8029455003329e-10,0.7167281441618122,0.5156613736122484,345.03033383253603
0.758067897074268,9.109271890743873e-05,0.0002837931523301274,4.508072894710223e-06,7.07081747229227e-06,0.060309618049103154,6.408994530395915e-12,7.525254946124386e-10,0.710304212127955,0.5108212869938525,351.5338044509197
0.7580403983408524,6.339208666950522e-05,0.0002481758898889018,3.824813483210594e-06,7.340411818783992e-06,0.06034153663141385,9.010773785497455e-12,6.465339040444592e-10,0.7039378568798174,0.5060359572622463,358.1458135815477
0.7580218401779992,4.4810460754354144e-05,0.00021869884149324016,3.2640837781207094e-06,7.5788094311134425e-06,0.06036580173357798,1.23807172575743e-11,5.586614330820427e-10,0.6976285623648888,0.5013044269865773,364.86724079359226
0.7580091907599802,3.222718329819324e-05,0.00019421688444448053,2.803886002526771e-06,7.78035812638979e-06,0.060384544770235575,1.6603699559281274e-11,4.858030909447348e-10,0.6913758171559636,0.4966257555723313,371.6988908976847
0.7580004711693641,2.3608669009710726e-05,0.0001737895899809646,2.425889792253523e-06,7.942402561995824e-06,0.06039925481691537,2.172618836592823e-11,4.253472121419234e-10,0.6851791144096854,0.4919990192161329,378.64149335448553
0.757994356852496,1.7598963677140104e-05,0.00015654651343683035,2.1131530438457056e-06,8.06575045340109e-06,0.0604110493203715,2.7791986717948606e-11,3.748080604260049e-10,0.6790379518254621,0.4874233679397155,385.7415603440449
0.7579899999869979,1.3332902325202934e-05,0.00014180433681057266,1.8523234910105795e-06,8.152269805577988e-06,0.060420706797078456,3.483098005176497e-11,3.3220896045696704e-10,0.6729518316047505,0.48289798530636896,393.05931984450734
0.7579868797450081,1.0280440663083395e-05,0.00012918556943756197,1.6351811300791925e-06,8.20412763928336e-06,0.060428683249059936,4.2759421644342935e-11,2.964040660516053e-10,0.6669202604107042,0.4784219759849945,400.57411662157983
0.7579846276598687,8.07077931709625e-06,0.00011835990040026892,1.4541745759166683e-06,8.225713765060572e-06,0.06043533101874001,5.145376526560035e-11,2.6631662899676754e-10,0.6609427493281849,0.4739944706071339,408.2670255347586
0.7579829872297635,6.449013975608509e-06,0.00010904056466256773,1.3027774135821087e-06,8.222439366663905e-06,0.06044092217611628,6.076817060460009e-11,2.4098039419648113e-10,0.6550188138241307,0.4696146260788702,416.1217180218258
0.7579817806256138,5.240737852630235e-06,0.00010098382953814929,1.1755174133705538e-06,8.199742847920763e-06,0.06044566667155311,7.054732495682229e-11,2.1956455504652773e-10,0.6491479737082805,0.465281624595731,424.1242757430478
0.7579808843503981,4.326440662594598e-06,9.398545110933947e-05,1.0678994677223665e-06,8.162563058166141e-06,0.0604497270458173,8.063764307833567e-11,2.0137190999223327e-10,0.6433297530942493,0.46099467269559147,432.2630142352944
0.7579802121584798,3.6237435302539628e-06,8.787581915432153e-05,9.76278772883264e-07,8.115114343538679e-06,0.06045322983283836,9.089556304639357e-11,1.8582677550280902e-10,0.6375636803609557,0.4567530003481322,440.52831611370203
0.7579797033555581,3.0753750331193416e-06,8.25147388535874e-05,8.977233006453443e-07,8.060841766871395e-06,0.06045627423655944,1.0119301979714685e-10,1.7245870799638814e-10,0.6318492881143886,0.4525558600794573,448.91247337807704
0.757979314851509,2.64110994825504e-06,7.778651541660424e-05,8.298838655719873e-07,8.002470801483462e-06,0.060458938650888173,1.114203485184638e-10,1.6088573711611074e-10,0.6261861131497237,0.4484025261305397,457.40953839998207
0.7579790157661814,2.292374325038985e-06,7.359561584723692e-05,7.708801946443298e-07,7.942099554750126e-06,0.06046128554236602,1.2148715014973622e-10,1.5079877283178377e-10,0.6205736964137752,0.444292293648201,466.0151831845031
0.7579787837582849,2.0086281162518196e-06,6.986299523480086e-05,7.192055732472466e-07,7.88130309664715e-06,0.06046336510240691,1.3132168843939173e-10,1.4194796978262377e-10,0.6150115829677856,0.440224477907385,474.7265665179739
0.7579786025100234,1.7749244880013477e-06,6.652305178508279e-05,6.736491532427275e-07,7.821234018984116e-06,0.060465217991643214,1.4086933974198795e-10,1.3413121054595466e-10,0.6094993219505482,0.4361984135635329,483.5422086295461
0.7579784599918771,1.5802519068848373e-06,6.352114101213654e-05,6.332338800329174e-07,7.762711623878685e-06,0.060466877410776464,1.5009052483011632e-10,1.2718462354553283e-10,0.6040364665418615,0.43221345393390886,492.4618730104271
0.7579783472556965,1.4163983182622303e-06,6.0811562993301824e-05,5.971674751187377e-07,7.706297208854057e-06,0.060468370672931974,1.5895844510089901e-10,1.2097490383685722e-10,0.5986225739263091,0.4282689703067704,501.48645504989935
0.7579782575871186,1.2771649751212184e-06,5.835593528200084e-05,5.648039153136627e-07,7.652355648878856e-06,0.06046972040834744,1.6745684074675446e-10,1.1539314874701484e-10,0.5932572052573664,0.42436435127731814,510.6178771619106
0.75797818590551,1.157817292142139e-06,5.612188070901144e-05,5.356133058765237e-07,7.601104544901532e-06,0.0604709454935083,1.7557790946233012e-10,1.1034995158295769e-10,0.5879399256218272,0.4204990021094016,519.8589900901028
0.7579781283363123,1.0546982095901088e-06,5.4081973434207745e-05,5.091584175697128e-07,7.552652715874426e-06,0.060472061770424725,1.833204646175875e-10,1.0577152700703864e-10,0.5826703040045504,0.4166723441219921,529.2134800926608
0.7579780819013924,9.64951176525002e-07,5.221287852813655e-05,4.85076187973807e-07,7.507030095811415e-06,0.06047308261496,1.906883508420485e-10,1.0159662227090614e-10,0.5774479132535224,0.4128838140994754,538.6857817213192
0.7579780442955479,8.863219744750378e-07,5.049466262685243e-05,4.63063358566273e-07,7.464210488757628e-06,0.06047401938062785,1.976891292355499e-10,9.777409995134581e-11,0.5722723300452316,0.4091328637248497,548.2809959213022
0.7579780137219411,8.170137588349265e-07,4.891022825776633e-05,4.428650893541557e-07,7.424128855963014e-06,0.060474881754385396,2.0433300380951518e-10,9.426101126953443e-11,0.567143134850355,0.4054189590349496,558.0048131908984
0.7579779887708722,7.555807714326779e-07,4.7444853660410916e-05,4.2426599359346675e-07,7.386694251069549e-06,0.06047567804062408,2.1063196650131112e-10,9.102107402868e-11,0.5620599118997505,0.4017415798968502,567.863441550813
0.7579779683294999,7.008493630705464e-07,4.608581489301187e-05,4.0708300982682107e-07,7.3517994184973285e-06,0.06047641539057826,2.1659912871306137e-10,8.802346088375368e-11,0.5570222491507563,0.39810021950463664,577.863539084411
0.7579779515142547,6.518588664469753e-07,4.482207559859718e-05,3.9115972809343153e-07,7.319327830491413e-06,0.06047709998809831,2.2224820813651782e-10,8.524183514219938e-11,0.5520297382537893,0.39449438389575503,588.0121508204919
0.7579779376197127,6.078167520613982e-07,4.3644029507631e-05,3.763618207933867e-07,7.289158779133201e-06,0.06047773720199948,2.27593143930653e-10,8.265357507123574e-11,0.547081974519246,0.39092359148619316,598.3166497403238
0.7579779260798738,5.680645073174343e-07,4.254328861479427e-05,3.6257338656466694e-07,7.261171004954461e-06,0.06047833171020469,2.3264781158985978e-10,8.023915525065069e-11,0.5421785568846978,0.38738737262376044,608.7846817003442
0.7579779164383846,5.320511987404011e-07,4.151250470898404e-05,3.496939524550284e-07,7.235245220605389e-06,0.060478887603388716,2.374258214435874e-10,7.798163979037851e-11,0.5373190878823814,0.3838852691587749,619.4241140712119
0.7579779083255902,4.9931287659779e-07,4.054521997082525e-05,3.376360310050322e-07,7.211265796163254e-06,0.06047940847113327,2.4194037974944113e-10,7.586627131752824e-11,0.5325031736069803,0.38041683403148036,630.2429879027868
0.7579779014409178,4.694566125349801e-07,3.9635743640393705e-05,3.2632314482425946e-07,7.189121867082786e-06,0.06047989747263779,2.4620419559609867e-10,7.388013946705623e-11,0.5277304236836953,0.37698163087555053,641.2494734331475
0.7579778955390327,4.4214776244602236e-07,3.877904652003368e-05,3.15688175589363e-07,7.168707985548569e-06,0.06048035739686301,2.502294263564522e-10,7.20119041501545e-11,0.5230004512366004,0.373579233637056,652.4518287679235
0.7579778904188924,4.170996915377461e-07,3.7970670031800615e-05,3.056719738790489e-07,7.14992440986927e-06,0.06048079071413267,2.5402765394797293e-10,7.025156350840598e-11,0.518312872857284,0.37020922620829777,663.8583615640565
0.7579778859154118,3.9406590140073546e-07,3.720665416763658e-05,2.96222270063385e-07,7.132677266550632e-06,0.060481199616905096,2.5760987015015783e-10,6.85902723565884e-11,0.5136673085737685,0.36687120207592927,675.4773935596149
0.7579778818924506,3.728331297135757e-07,3.648346811061265e-05,2.872926552118374e-07,7.116878386828126e-06,0.0604815860588275,2.609864950060461e-10,6.702017212127167e-11,0.5090633818197113,0.36356476398281523,687.3172277984768
0.757977878237692,3.5321636561617897e-07,3.579796052214062e-05,2.788418517796091e-07,7.102445246298751e-06,0.06048195178271086,2.641673807084971e-10,6.553426969551082e-11,0.5045007194038805,0.3602895236030926,699.3861184055942
0.7579778748581291,3.3505418279789344e-07,3.5147307742036194e-05,2.7083297657341536e-07,7.0893006170347165e-06,0.06048229834953827,2.671618469245854e-10,6.41263144948361e-11,0.4999789514799033,0.35704510122992195,711.6922427751579
0.7579778716767264,3.182053089298072e-07,3.452897545991583e-05,2.6323299632431724e-07,7.0773723317703476e-06,0.0604826271599066,2.6997870318284927e-10,6.279070747902193e-11,0.49549771151628746,0.3538311254754365,724.2436760403061
0.7579778686296105,3.025456310341652e-07,3.3940683699989476e-05,2.560122399843236e-07,7.066592973793052e-06,0.06048293947358292,2.726262777898711e-10,6.152242012872886e-11,0.49105663626671026,0.3506472329824129,737.0483676990889
0.7579778656637669,2.8796562852574496e-07,3.338037451819532e-05,2.491439543037567e-07,7.056899500927996e-06,0.06048323642748885,2.7511245636682505e-10,6.031691959540856e-11,0.48665536574057383,0.3474930681472091,750.1141202771983
0.7579778627352819,2.743684485674079e-07,3.284618824311721e-05,2.426039784407286e-07,7.0482329974428905e-06,0.06048351904893053,2.774447040626253e-10,5.917011414891375e-11,0.48229354317382445,0.344368282853529,763.4485699135489
0.7579778598077969,2.6166809032109176e-07,3.233643933069961e-05,2.363704189817831e-07,7.040538326141667e-06,0.06048378826901611,2.796300997709525e-10,5.807829874051067e-11,0.4779708150000339,0.3412725362165925,777.059168760099
0.7579778568512858,2.4978794034591074e-07,3.184959615833909e-05,2.304233796646923e-07,7.033763821261048e-06,0.06048404493386328,2.8167536676080364e-10,5.7038109060188044e-11,0.47368683082173946,0.33820549433730446,790.9531690924242
0.7579778538410598,2.3865956118789064e-07,3.138426414587865e-05,2.247447377716775e-07,7.02786102174329e-06,0.060484289813958265,2.8358689802176184e-10,5.604648364399755e-11,0.46944124338204063,0.33516683006603204,805.1376090324211
0.7579778507569324,2.2822163051510268e-07,3.093917026160657e-05,2.1931794040962754e-07,7.022784398010868e-06,0.06048452361273407,2.85370783176423e-10,5.5100629193469374e-11,0.4652337085364509,0.33215622277561413,819.6192997891992
0.7579778475825446,2.1841908684529352e-07,3.0513150615317413e-05,2.1412784270015657e-07,7.0184911379976525e-06,0.06048474697343805,2.870328277321807e-10,5.41979928983551e-11,0.4610638852250019,0.32917335814324283,834.4048143286916
0.7579778443047734,2.0920230933798627e-07,3.0105137660672894e-05,2.0916054200945957e-07,7.014940883253818e-06,0.0604849604862059,2.885785796115496e-10,5.333623422387876e-11,0.4569314354445969,0.3262179279408684,849.5004773867997
0.7579778409132694,2.0052649293932525e-07,2.9714150460059065e-05,2.0440325257662366e-07,7.012095539837886e-06,0.060485164693436615,2.900133466119247e-10,5.251320305877039e-11,0.45283602422161273,0.3232896298337931,864.9123567449803
0.7579778374000543,1.9235107162893935e-07,2.9339285421914678e-05,1.9984418706652696e-07,7.0099190801670054e-06,0.06048536009490595,2.9134221522438545e-10,5.1726919339467896e-11,0.448777319584747,0.3203881671871345,880.6462556911054
0.7579778337591905,1.846392383508124e-07,2.897970847233865e-05,1.9547245682391565e-07,7.008377374757946e-06,0.060485547152084394,2.925700659874918e-10,5.097555573131032e-11,0.4447549925381085,0.31751324887984633,896.7077065921795
0.7579778299864987,1.773575268908986e-07,2.8634648157143453e-05,1.9127798457273233e-07,7.007438039505761e-06,0.06048572629194101,2.937015870061652e-10,5.0257422479103916e-11,0.44076871703454956,0.31466458912600265,913.1019655090869
0.7579778260793192,1.7047543841674434e-07,2.830338922186472e-05,1.872514230986639e-07,7.00707028587457e-06,0.06048589791047981,2.9474128776043306e-10,4.9570953210193583e-11,0.43681816994923633,0.31184190730305683,929.8340077869652
0.7579778220363103,1.6396512207942429e-07,2.7985267105678898e-05,1.833840860317119e-07,7.007244791316739e-06,0.06048606237577217,2.9569351044643864e-10,4.8914692830568754e-11,0.4329030310534568,0.30904492778680276,946.9085245581014
0.7579778178572754,1.5780109476321374e-07,2.7679663009617362e-05,1.7966788586796032e-07,7.007933580444304e-06,0.06048622003067137,2.9656244029020434e-10,4.828728666283746e-11,0.42902298298866315,0.3062733797927726,964.3299200973652
0.7579778135430155,1.5196000728940987e-07,2.7385999879756302e-05,1.7609528362040167e-07,7.009109930998267e-06,0.06048637119502474,2.9735211245287507e-10,4.768747164320742e-11,0.42517771124074694,0.3035269972238177,982.102309973212
0.7579778090952045,1.4642040595650475e-07,2.71037377586962e-05,1.726592304714209e-07,7.0107482497910115e-06,0.06048651616822541,2.9806642463497764e-10,4.711406588715257e-11,0.4213669041145447,0.3008055185236287,1000.2295199401495
0.757977804516273,1.4116257711326774e-07,2.683237154437661e-05,1.6935313982791342e-07,7.012824029826166e-06,0.06048665523045386,2.9870913648000574e-10,4.6565964141069906e-11,0.41759025270857236,0.2981086865359585,1018.7150855212996
0.7579777998093179,1.361683579264035e-07,2.6571427071454644e-05,1.6617083796687138e-07,7.015313742396024e-06,0.060486788644824985,2.992838808732551e-10,4.6042128742300363e-11,0.41384745088998565,0.29543624836932514,1037.562252232321
0.7579777949780178,1.3142099112004748e-07,2.6320458532694523e-05,1.6310653175046558e-07,7.018194772913351e-06,0.06048691665880747,2.9979416815979815e-10,4.554158404841802e-11,0.4101381952697652,0.292787955266974,1056.7739764004473
0.7579777900265583,1.26904994503116e-07,2.6079046038868764e-05,1.6015477786137507e-07,7.021445358747952e-06,0.06048703950556438,3.0024339070810046e-10,4.506341100824979e-11,0.4064621851781244,0.2901635624818943,1076.3529265347952
0.7579777849595684,1.2260604347970605e-07,2.5846793405714994e-05,1.573104548016635e-07,7.025044532420512e-06,0.06048715740516889,3.0063482705929675e-10,4.4606742236083054e-11,0.4028191226401367,0.28756282915668624,1096.3014852063866
0.7579777797820599,1.1851088057245841e-07,2.5623326638217798e-05,1.545687436817343e-07,7.028972087592524e-06,0.060487270565439566,3.0097164263381355e-10,4.4170758631493344e-11,0.39920871235158234,0.2849855182080885,1116.6217513984984
0.7579777744993793,1.1460720648241786e-07,2.540829163454647e-05,1.519250988841656e-07,7.033208514851237e-06,0.060487379183198076,3.012568961927393e-10,4.375468417854392e-11,0.3956306616550113,0.2824313962159792,1137.3155432900473
0.7579777691171592,1.1088359779705345e-07,2.5201352651710102e-05,1.4937522847425645e-07,7.037734963409414e-06,0.06048748344511207,3.014935422946888e-10,4.335778251748095e-11,0.3920846805160204,0.2799002333166725,1158.38440143671
0.7579777636412774,1.073294371183701e-07,2.5002191037809316e-05,1.4691507772916244e-07,7.042533211102206e-06,0.06048758352839197,3.0168443276272154e-10,4.297935407090723e-11,0.3885704814997433,0.27739180310034084,1179.829592316361
0.7579777580778164,1.0393485058832726e-07,2.4810504132258723e-05,1.4454081471370698e-07,7.0475856390159075e-06,0.06048767960139628,3.018323176986942e-10,4.261873352612635e-11,0.38508777974755154,0.2749058825123965,1201.6521122072445
0.7579777524330364,1.0069062598854341e-07,2.46260032434676e-05,1.4224880445958414e-07,7.052875173103828e-06,0.060487771824733076,3.019398531943538e-10,4.2275285123183653e-11,0.3816362929539637,0.2724422517586758,1223.8526913690082
0.7579777467133249,9.758820657877264e-08,2.4448414614366088e-05,1.4003561988159922e-07,7.058385328924808e-06,0.06048786035074981,3.020095899445284e-10,4.1948405052420036e-11,0.378215741343762,0.27000069421427353,1246.4317984983927
0.757977740925187,9.461959037057818e-08,2.4277476311154995e-05,1.3789800239319393e-07,7.064100114255051e-06,0.060487945325218714,3.020439893196834e-10,4.1637514011450775e-11,0.3748258476493145,0.2675809963358815,1269.3896454329233
0.7579777350752109,9.177730170485485e-08,2.4112938143713832e-05,1.3583286003356227e-07,7.070004036513207e-06,0.060488026887388725,3.020454198117369e-10,4.134205717634979e-11,0.37146633708809884,0.265182947577491,1292.726192077479
0.7579777291700404,8.90543543493177e-08,2.3954561002056934e-05,1.33837258262114e-07,7.07608208958087e-06,0.060488105170349624,3.0201615792537086e-10,4.1061502594450283e-11,0.3681369373404295,0.26280634030932437,1316.441151530012
0.7579777232163563,8.644420496364171e-08,2.3802115729360753e-05,1.3190840501076656e-07,7.082319724638123e-06,0.060488180301645114,3.019583924767964e-10,4.0795338547579795e-11,0.36483737852738335,0.2604509697398668,1340.533995384089
0.7579777172208384,8.394076225728732e-08,2.36553842519288e-05,1.3004366377702556e-07,7.088702895839719e-06,0.06048825240267096,3.018742147594847e-10,4.054307592547955e-11,0.36156739318892367,0.25811663384087236,1365.0039591871914
0.7579777111901622,8.15382909014842e-08,2.351415651486675e-05,1.2824051310238683e-07,7.095217964322358e-06,0.060488321590334404,3.0176563595024625e-10,4.030424177910075e-11,0.3583267162622196,0.255803133275226,1389.850048034983
0.7579777051310058,7.923142221168155e-08,2.3378230211202456e-05,1.2649655072423938e-07,7.101851705272382e-06,0.060488387977176636,3.0163458774368533e-10,4.0078375888207237e-11,0.3551150850601609,0.2535102713275473,1415.0710422828975
0.7579776990451784,7.701344808198998e-08,2.324731067178383e-05,1.248081909289772e-07,7.108596741376862e-06,0.060488451719973975,3.0148278271870197e-10,3.98648710908882e-11,0.35193223925006406,0.2512378693519732,1440.6859248542944
0.757977692910603,7.48708681107889e-08,2.3120589427051227e-05,1.2316557394722124e-07,7.115474992339895e-06,0.06048851322280422,3.01311212535426e-10,3.9662162193094796e-11,0.34877792083257053,0.24898584184010095,1466.8240776073128
0.7579776867351011,7.280195318331091e-08,2.299791579852832e-05,1.2156760964465767e-07,7.122476616358271e-06,0.060488572567678665,3.0112149951637966e-10,3.946971442136714e-11,0.34565187412073295,0.2467540230288057,1493.4942093723794
0.757977680530368,7.080555346008194e-08,2.287924744171517e-05,1.2001446332382593e-07,7.129586089027959e-06,0.060488629784648994,3.009152966089667e-10,3.928726855151425e-11,0.34255384571928976,0.24454222970185246,1520.6824766774307
0.7579776743062928,6.887956535294726e-08,2.276451707835709e-05,1.1850582438567096e-07,7.136789204522344e-06,0.060488684916291696,3.00694154175893e-10,3.911458179532731e-11,0.33948358450412486,0.24235028042341278,1548.3787482685134
0.757977668071355,6.702140496261858e-08,2.265363963214161e-05,1.1704101690205146e-07,7.144073068303565e-06,0.06048873801384548,3.0045951804744135e-10,3.8951416933939485e-11,0.3364408416019118,0.24017799551493946,1576.576290977076
0.7579776618329589,6.522822664163387e-08,2.2546514183330693e-05,1.1561907044961123e-07,7.151425940884992e-06,0.060488789136159585,3.0021275177373873e-10,3.879752632195988e-11,0.3334253703699401,0.23802519703257244,1605.2714736331577
0.7579776555975978,6.349713960550279e-08,2.244303120970467e-05,1.1423883437965089e-07,7.1588372446323965e-06,0.060488838345887426,2.999551208073975e-10,3.8652657109227474e-11,0.3304369263761228,0.23589170874505844,1634.4634881615586
0.757977649371035,6.182526500841163e-08,2.2343074055698114e-05,1.1289902793268208e-07,7.166297412792841e-06,0.060488885708768245,2.996878075506034e-10,3.8516546477776785e-11,0.32747526737918287,0.2337773561121657,1664.1540870353572
0.7579776431584194,6.020977912153517e-08,2.2246521412062947e-05,1.1159828985574911e-07,7.173797786363179e-06,0.06048893129238752,2.994119159754065e-10,3.838892311583532e-11,0.32454015330901714,0.23168196626357762,1694.347336296852
0.7579776369643826,5.864795120162255e-08,2.215324966559683e-05,1.1033522034345068e-07,7.181330525192692e-06,0.060488975165003935,2.9912847446340583e-10,3.8269509791173636e-11,0.3216313462472366,0.22960536797824885,1725.049383390292
0.7579776307931007,5.713720963358599e-08,2.2063136874538608e-05,1.0910843902274682e-07,7.188888577320886e-06,0.06048901739350878,2.9883842851945363e-10,3.81580302916651e-11,0.3187486104078808,0.2275473916642082,1756.2682390836567
0.757977624648402,5.56750548011742e-08,2.1976059518847358e-05,1.0791655116375035e-07,7.1964654657085905e-06,0.060489058045231296,2.985426695870929e-10,3.805420230787148e-11,0.3158917121183051,0.22550786933879308,1788.0135727882798
0.75797761853378,5.425916312563269e-08,2.1891898541859957e-05,1.0675822396679259e-07,7.204055343598906e-06,0.06048909718478975,2.9824201324405265e-10,3.795774995438131e-11,0.3130604198002394,0.22348663460930154,1820.2965206153865
0.7579776124524743,5.28873306538656e-08,2.1810537102083857e-05,1.0563216064095776e-07,7.2116528365643835e-06,0.06048913487534722,2.9793722006338786e-10,3.7868399002586737e-11,0.31025450395101684,0.2214835226540471,1853.1295055376218
0.7579776064075069,5.155746857498762e-08,2.1731861303062836e-05,1.0453710946428924e-07,7.21925298085829e-06,0.06048917117827819,2.9762899846831253e-10,3.7785878738790494e-11,0.3074737371249698,0.21949837020380414,1886.526069051496
0.7579776004017015,5.026764465982581e-08,2.1655762978299333e-05,1.0347189627032127e-07,7.226851218660433e-06,0.06048920615174021,2.973179980070966e-10,3.770992832182192e-11,0.304717893914994,0.21753101552362988,1920.5007137633484
0.7579775944377455,4.90160211823621e-08,2.1582136664758968e-05,1.0243538774185241e-07,7.2344432631259865e-06,0.060489239852315725,2.97004829072144e-10,3.764029004626631e-11,0.30198675093427674,0.21558129839505125,1955.0687563470424
0.7579775885181849,4.7800892898506846e-08,2.1510882735995325e-05,1.0142652663906439e-07,7.242025119099767e-06,0.060489272333395475,2.966900525664623e-10,3.757671700796535e-11,0.29928008679818946,0.21364906009860468,1990.2461903461235
0.7579775826454703,4.662065990904735e-08,2.14419057284401e-05,1.0044431110624212e-07,7.249592998169757e-06,0.06048930364608977,2.9637419204060254e-10,3.75189691122483e-11,0.2965976821063424,0.21173414339671673,2026.0495583167221
0.7579775768219671,4.54738149983997e-08,2.1375114384723828e-05,9.948779369860312e-08,7.257143285644318e-06,0.06048933383923293,2.960577358598881e-10,3.746681345846154e-11,0.2939393194248003,0.20983639251691563,2062.495832830008
0.7579775710499633,4.4358967411328404e-08,2.1310423336913086e-05,9.855609905867588e-08,7.264672537948949e-06,0.0604893629585225,2.9574113390667097e-10,3.742002865770569e-11,0.29130478326845693,0.20795565313536205,2099.602305874654
0.7579775653317006,4.3274788169936654e-08,2.124774988154147e-05,9.764838635683202e-08,7.27217740091266e-06,0.06048939104822713,2.9542481193765396e-10,3.737839685064588e-11,0.28869386008356857,0.2060917723606896,2137.386486220453
0.7579775596693605,4.2220057070758676e-08,2.1187017494897013e-05,9.676388714500015e-08,7.279654647404084e-06,0.060489418149363795,2.9510916069621467e-10,3.734171276842739e-11,0.2861063382304431,0.20424459871814504,2175.866004324123
0.7579775540650909,4.1193617199223524e-08,2.1128152844460448e-05,9.590187115981995e-08,7.28710111159395e-06,0.06048944430127211,2.9479454848964236e-10,3.730977621050438e-11,0.28354200796628487,0.20241398213401873,2215.0585243773367
0.757977548521,4.0194376964918284e-08,2.1071086277777798e-05,9.506165048967281e-08,7.294513689645543e-06,0.06048946954136699,2.944813200087752e-10,3.728239346842743e-11,0.28100066142819274,0.2005997739203563,2254.9816631152735
0.7579775430391628,3.922133459072205e-08,2.1015753550932222e-05,9.424259798204384e-08,7.30188934294322e-06,0.06048949390425044,2.941697934634101e-10,3.725938173863387e-11,0.27848209261631124,0.19880182675994273,2295.6529150214437
0.7579775376216169,3.8273511986184574e-08,2.0962091727959765e-05,9.344410065316181e-08,7.30922505528714e-06,0.06048951742384666,2.938602720374402e-10,3.724055910263053e-11,0.2759860973771322,0.1970199946915506,2337.089583581267
0.757977532270374,3.735002648709566e-08,2.0910043757486287e-05,9.266561000903205e-08,7.316517863689618e-06,0.06048954013103186,2.935530338610684e-10,3.7225755748764726e-11,0.2735124733869461,0.19525413309544445,2379.30871825296
0.7579775269873991,3.6450008164250834e-08,2.085955331436493e-05,9.190658396115371e-08,7.3237648244494174e-06,0.06048956205630852,2.932483441651738e-10,3.7214801514647594e-11,0.2710610201354421,0.19350409867913324,2422.3270568395865
0.757977521774631,3.557266874547363e-08,2.0810569371619316e-05,9.116653718637172e-08,7.330963032395125e-06,0.060489583227444604,2.929464467251919e-10,3.720753715744186e-11,0.26863153890945446,0.1917697494633635,2466.16097296089
0.7579775166339543,3.47172366860164e-08,2.076304183386753e-05,9.044499198230753e-08,7.3381096093697465e-06,0.06048960367172581,2.926475726043436e-10,3.720380368809333e-11,0.2662238327768553,0.1900509447683464,2510.826428337563
0.7579775115672152,3.388299643735665e-08,2.0716924455982993e-05,8.974151046141612e-08,7.345201710237665e-06,0.06048962341445377,2.9235193557117945e-10,3.7203449759862566e-11,0.26383770657059125,0.1883475452002111,2556.338929614134
0.757977506576203,3.3069262121980315e-08,2.067217261729582e-05,8.905566940332419e-08,7.35223652660639e-06,0.06048964248008606,2.9205973621278454e-10,3.7206326051475364e-11,0.2614729668728634,0.1866594126376783,2602.713489459543
0.7579775016626535,3.2275385396730813e-08,2.0628744593659092e-05,8.838707415881481e-08,7.359211286867352e-06,0.06048966089158711,2.9177116034012577e-10,3.721228887649054e-11,0.25912942199944894,0.18498641021894752,2649.9645916968425
0.7579774968282336,3.1500744863160133e-08,2.058660001991232e-05,8.773534116107966e-08,7.366123268760589e-06,0.06048967867120703,2.914863813766618e-10,3.722119610235998e-11,0.2568068819841634,0.1833284023287914,2698.1061602252967
0.7579774920745486,3.0744753180091975e-08,2.0545701136777727e-05,8.710011191170084e-08,7.372969794318653e-06,0.06048969583984789,2.9120555934152633e-10,3.723291069610973e-11,0.25450515856346206,0.18168525458585214,2747.151531509472
0.7579774874031233,3.0006846733749235e-08,2.0506011431075775e-05,8.648103741151226e-08,7.379748247008777e-06,0.060489712417749676,2.909288424232221e-10,3.724729720443282e-11,0.2522240651611795,0.18005683383013296,2797.113430420751
0.7579774828154049,2.9286487167584067e-08,2.0467496294995185e-05,8.587778552353072e-08,7.386456070037515e-06,0.060489728424155495,2.906563666471689e-10,3.726422377131912e-11,0.24996341687340584,0.1784430081106806,2848.0039492270735
0.7579774783127589,2.8583162992346976e-08,2.043012266211772e-05,8.529003703975567e-08,7.393090773300047e-06,0.060489743877491675,2.903882567998256e-10,3.7283561132987404e-11,0.24772303045349853,0.17684364667345218,2899.8345295366275
0.7579774738964471,2.7896376411916226e-08,2.039385846859589e-05,8.471747884820391e-08,7.3996499516852385e-06,0.06048975879563748,2.9012462610788234e-10,3.730518168961358e-11,0.24550272429722855,0.17525861994936262,2952.615947010693
0.7579774695676563,2.722566177206549e-08,2.0358673539753255e-05,8.415981522407583e-08,7.406131266134979e-06,0.060489773195475806,2.898655775847881e-10,3.732896152024268e-11,0.2433023184280597,0.17368779954250654,3006.3582986699516
0.7579774653274562,2.657056203461362e-08,2.0324538395666293e-05,8.361675277752017e-08,7.412532478386216e-06,0.06048978709349195,2.896112031356254e-10,3.735477794982835e-11,0.24112163448255958,0.1721310582185506,3061.0709926272125
0.7579774611768157,2.5930641919241917e-08,2.029142467822802e-05,8.308800638115145e-08,7.418851442626307e-06,0.06048980050555449,2.893615845974705e-10,3.7382510458464796e-11,0.23896049569594202,0.170588269893292,3116.7627400878337
0.7579774571166088,2.5305487361171067e-08,2.0259305428413264e-05,8.257330219688688e-08,7.425086101613238e-06,0.06048981344677614,2.8911679422167513e-10,3.741204162747712e-11,0.23681872688773822,0.16905930962137752,3173.4415494670657
0.7579774531475779,2.4694686429825175e-08,2.0228154009844286e-05,8.207236451345489e-08,7.4312345152333695e-06,0.060489825932054105,2.888768938723113e-10,3.7443254940209945e-11,0.23469615444759698,0.1675440535851806,3231.1147224810893
0.7579774492703689,2.4097895261575495e-08,2.0197945073578034e-05,8.15849306572284e-08,7.437294884257066e-06,0.060489837975533686,2.886419363842877e-10,3.7476035283217085e-11,0.2325926063212119,0.16604237908383104,3289.788852075818
0.7579774454854694,2.351455172867275e-08,2.016865430131849e-05,8.111073317007284e-08,7.443265384989743e-06,0.060489849590960834,2.8841196350337137e-10,3.751027997571542e-11,0.2305079119963748,0.1645541645215692,3349.470913700462
0.7579774417621447,2.294037337563617e-08,2.0140014091335863e-05,8.064557537013677e-08,7.449194996982044e-06,0.06048986088730525,2.8818510909770497e-10,3.7546145287480256e-11,0.22844190248915397,0.1630792889521763,3410.687188018656
0.7579774380865181,2.2374461539071524e-08,2.011188480560749e-05,8.018736991703759e-08,7.455107810372643e-06,0.06048987192157843,2.8796051935906504e-10,3.7583626010686566e-11,0.2263944103301966,0.1616176324905986,3473.7466938935995
0.7579774344730141,2.1819457137813463e-08,2.0084352071030708e-05,7.97377328835395e-08,7.4609818827514e-06,0.06048988266194454,2.8773906765720135e-10,3.7622477429580163e-11,0.22436526955115385,0.16016907665522903,3538.4833160526377
0.7579774309326134,2.1276764982167925e-08,2.0057477247196075e-05,7.929790375297315e-08,7.46679929716745e-06,0.06048989308713491,2.875214265729892e-10,3.76624894834208e-11,0.22235431567122743,0.1587335040264304,3604.7531011087012
0.7579774274736971,2.0746916022081524e-08,2.0031305711146826e-05,7.886882602142475e-08,7.472545332021853e-06,0.060489903182566,2.873081141716116e-10,3.7703492172982617e-11,0.22036138568383695,0.15731079823701524,3672.4326741989826
0.7579774241024787,2.0229980677910226e-08,2.0005867945180817e-05,7.845115628631576e-08,7.478208199795324e-06,0.060489912939773544,2.8709951858078405e-10,3.774533925876847e-11,0.2183863180434068,0.1559008439628114,3741.417740556904
0.7579774208233478,1.9725769913761644e-08,1.9981181394583992e-05,7.804529791256839e-08,7.4837787268663635e-06,0.06048992235556214,2.868959180998482e-10,3.7787900746492106e-11,0.2164289526522712,0.15450352691331184,3811.621668096384
0.7579774176393176,1.9233976348541072e-08,1.9957254421167597e-05,7.765146256372778e-08,7.489249863353623e-06,0.060489931430202905,2.8669750679397236e-10,3.783106253607044e-11,0.21448913084769697,0.15311873382240865,3882.974147253189
0.7579774145520904,1.875418954975688e-08,1.993408579611992e-05,7.72696807880269e-08,7.4946165644434376e-06,0.06048994016774778,2.865043993903254e-10,3.787472001029674e-11,0.21256669538902237,0.15174635243921009,3955.4199244873803
0.7579774115625056,1.828601308839105e-08,1.991166909501027e-05,7.689987153571356e-08,7.4998752886797136e-06,0.060489948574015094,2.8631665697984867e-10,3.7918780006974034e-11,0.2106614904449112,0.1503862715189398,4028.917606003624
0.7579774086704294,1.7828986542884267e-08,1.9889990649445155e-05,7.654182348501402e-08,7.505024020070392e-06,0.060489956657658106,2.861342816688114e-10,3.796315552659014e-11,0.2087733615807213,0.14903838081391796,4103.438528392822
0.7579774058752842,1.738273112249848e-08,1.986903508501785e-05,7.61952845557464e-08,7.510061701576777e-06,0.060489964427584905,2.8595724716351803e-10,3.800776957773431e-11,0.2069021557459862,0.14770257106462306,4178.965693039281
0.757977403175802,1.694681428218857e-08,1.9848782003776747e-05,7.585991706033e-08,7.514988378828784e-06,0.060489971894638755,2.8578548526075323e-10,3.805255018725649e-11,0.20504772126200863,0.146378733990834,4255.492761272735
0.7579774005703869,1.6520861012274038e-08,1.9829209580251556e-05,7.553535560599298e-08,7.51980481099651e-06,0.06048997906992988,2.8561890697996885e-10,3.809743206910991e-11,0.20320990780956652,0.14506676228285198,4333.023107374161
0.7579773980571459,1.6104510607270822e-08,1.9810294653870884e-05,7.522121281247527e-08,7.5245123650626275e-06,0.060489985964867404,2.854574047211365e-10,3.814235622832478e-11,0.2013885664167269,0.14376654959279997,4411.568926668858
0.7579773956338441,1.5697403462886017e-08,1.9792011784495674e-05,7.491706342209109e-08,7.529113014389467e-06,0.06048999259165911,2.8530084992433913e-10,3.818726686230907e-11,0.1995835494467711,0.1424779905260016,4491.150396059425
0.7579773932982748,1.5299244998681364e-08,1.9774337219450163e-05,7.462251210055383e-08,7.533608927932959e-06,0.06048999896147654,2.8514911485933797e-10,3.823211604085553e-11,0.19779471058622736,0.14120098063243644,4571.794884466008
0.7579773910479644,1.490972141800916e-08,1.9757245299837796e-05,7.433713262137568e-08,7.538002712193439e-06,0.060490005086210996,2.850020555771898e-10,3.827685774145174e-11,0.19602190483301069,0.13993541639827248,4653.53621075101
0.7579773888804102,1.4528556701738363e-08,1.974071090380054e-05,7.406050910265964e-08,7.542297149240093e-06,0.06049001097734358,2.848595260441795e-10,3.8321450021030343e-11,0.19426498848466897,0.138681195237474,4736.413946810841
0.7579773867931885,1.4155505891109126e-08,1.9724710463451707e-05,7.379225279336475e-08,7.546495044169668e-06,0.060490016645513296,2.847213845273401e-10,3.836585641736315e-11,0.19252381912673477,0.13743821548348517,4820.472763618465
0.7579773847837249,1.3790321880805576e-08,1.9709219355605126e-05,7.353195801517845e-08,7.550599437865008e-06,0.060490022101760924,2.8458748039490506e-10,3.841004079037883e-11,0.19079825562118122,0.13620637638098804,4905.761818097488
0.7579773828496208,1.3432795869604899e-08,1.9694215231717e-05,7.327925760910327e-08,7.5546132412568235e-06,0.060490027356004866,2.844576732735875e-10,3.845397222801352e-11,0.18908815809498128,0.1349855780777343,4992.334178801533
0.7579773809884935,1.308272892428929e-08,1.9679676253200203e-05,7.303379287021828e-08,7.5585393804023795e-06,0.06049003241788452,2.843318237922738e-10,3.8497621713804484e-11,0.18739338792877003,0.1337757216164506,5080.246288461941
0.7579773791979012,1.2739930910714297e-08,1.9665580373980488e-05,7.279520241040883e-08,7.5623808657761254e-06,0.060490037297094255,2.842097895599753e-10,3.8540960406570395e-11,0.18571380774560803,0.13257670892681622,5169.557461552304
0.7579773774757174,1.2404244798578053e-08,1.965190882100553e-05,7.256317787926786e-08,7.566140362208422e-06,0.06049004200182424,2.8409144663070564e-10,3.85839650620344e-11,0.18404928139984578,0.1313884428175127,5260.329415100494
0.7579773758197367,1.2075513323797072e-08,1.9638642342730507e-05,7.23374030655776e-08,7.569820610627839e-06,0.06049004654047255,2.8397666704372705e-10,3.862661164010642e-11,0.18239967396608783,0.1302108269683448,5352.625831057416
0.757977374227791,1.1753591447188862e-08,1.962576234788956e-05,7.21175728062883e-08,7.573424293282609e-06,0.06049005092113041,2.8386532568752257e-10,3.8668877010815236e-11,0.1807648517282557,0.12904376592243227,5446.511948607211
0.7579773726980068,1.1438356705342454e-08,1.961325307240613e-05,7.190342688803856e-08,7.576953728344397e-06,0.060490055150635526,2.8375731480021266e-10,3.8710741866676764e-11,0.17914468216874915,0.12788716507847128,5542.054184875876
0.7579773712284277,1.1129686014932617e-08,1.9601098304613538e-05,7.169469788578523e-08,7.580411292899057e-06,0.060490059236031485,2.836525227412288e-10,3.875218590526614e-11,0.1775390339577042,0.1267409306830656,5639.319782564631
0.7579773698171973,1.0827466911856042e-08,1.9589282982837004e-05,7.149113688367464e-08,7.583799209433177e-06,0.06049006318386131,2.8355084442887176e-10,3.879319009330809e-11,0.17594777694234764,0.1256049698231262,5738.376483100754
0.7579773684626773,1.0531601103299385e-08,1.9577794072406048e-05,7.12925269220786e-08,7.587119400924736e-06,0.06049006699979714,2.8345218785489296e-10,3.8833737406494843e-11,0.1743707821364471,0.12447919041833935,5839.292223962257
0.7579773671631249,1.0241986682808051e-08,1.9566618023512787e-05,7.109864303841567e-08,7.590373864686477e-06,0.06049007068974578,2.83356456212692e-10,3.887381009660618e-11,0.17280792170985534,0.12336350121370199,5942.134858893871
0.7579773659170124,9.958535468538775e-09,1.9555743240321683e-05,7.090929134567478e-08,7.593564294706103e-06,0.06049007425878425,2.8326356562784696e-10,3.8913392099776346e-11,0.17125906897814844,0.12225781177212408,6046.971899790145
0.7579773647228711,9.681162254383163e-09,1.9545158859703302e-05,7.072428967548034e-08,7.59669226195811e-06,0.06049007771169105,2.8317343650081806e-10,3.895246781484211e-11,0.16972409839235697,0.12116203246709749,6153.870279077571
0.7579773635791186,9.409775213925543e-09,1.9534853527788875e-05,7.054344831775477e-08,7.599759424886395e-06,0.06049008105346024,2.8308598401071417e-10,3.899102169409461e-11,0.16820288552878893,0.12007607447543017,6262.896131481311
0.7579773624845267,9.14430406099688e-09,1.9524818718958153e-05,7.036662299955018e-08,7.602766961072225e-06,0.06049008428790434,2.8300114389784965e-10,3.902903958335706e-11,0.16669530707894414,0.11899984977004592,6374.1145941134455
0.7579773614377451,8.884668071345077e-09,1.9515045333705074e-05,7.019366054968074e-08,7.6057161456726885e-06,0.06049008741908948,2.8291884612019644e-10,3.906650741720092e-11,0.16520124083951887,0.11793327111284853,6487.589623868931
0.7579773604373775,8.6307834940718e-09,1.9505524268795986e-05,7.002440827124104e-08,7.608608265615387e-06,0.06049009045108669,2.828390191075897e-10,3.9103411746494925e-11,0.16372056570250015,0.11687625204764986,6603.383831162668
0.7579773594823219,8.382582062066937e-09,1.9496248730434884e-05,6.985875147910423e-08,7.611444191754898e-06,0.06049009338701841,2.827616084873696e-10,3.913973979223235e-11,0.16225316164534892,0.11582870689316124,6721.55832908616
0.7579773585713452,8.139987822781886e-09,1.9487211279558022e-05,6.969656517495724e-08,7.6142249191398165e-06,0.06049009623027897,2.8268655347794155e-10,3.917547926075725e-11,0.16079890972127092,0.11479055073604809,6842.172597105511
0.7579773577032118,7.902920240950892e-09,1.9478404755377224e-05,6.953773015352412e-08,7.616951404257279e-06,0.060490098984149865,2.8261379406218416e-10,3.9210618747972195e-11,0.15935769204957506,0.1137616994240463,6965.284358463979
0.7579773568768885,7.67130672021241e-09,1.9469823613963606e-05,6.938215505244374e-08,7.619624300054514e-06,0.060490101651258475,2.8254328228686785e-10,3.924514716985748e-11,0.15792939180611804,0.11274206955914073,7090.94947049181
0.7579773560912324,7.445079429964167e-09,1.946146172524821e-05,6.92297378817119e-08,7.622244384465652e-06,0.06049010423446558,2.8247496464163527e-10,3.9279053986710855e-11,0.15651389321383466,0.1117315784908045,7219.221827064169
0.7579773553450767,7.22414886826875e-09,1.9453313167672718e-05,6.90803836521271e-08,7.62481241389483e-06,0.06049010673655002,2.824087873244295e-10,3.93123302993745e-11,0.1551110815333531,0.11073014430929935,7350.153272484151
0.7579773546374945,7.008452245274868e-09,1.9445373687244594e-05,6.893402512992768e-08,7.627328815500798e-06,0.060490109159616376,2.8234471024974565e-10,3.934496635668761e-11,0.1537208430536941,0.10973768583903556,7483.793526102734
0.7579773539673418,6.797900037844409e-09,1.943763788705514e-05,6.879057799190692e-08,7.629794269272448e-06,0.06049011150622479,2.822826819927452e-10,3.937695471786757e-11,0.15234306508305365,0.10875412263199181,7620.1901170206875
0.7579773533335757,6.592416568726789e-09,1.9430101176076884e-05,6.864997240286621e-08,7.632209306249115e-06,0.060490113778604526,2.8222265730784763e-10,3.94082880689024e-11,0.1509776359396683,0.10777937496119376,7759.388328249335
0.7579773527352504,6.391931232907321e-09,1.942275972082422e-05,6.851215280903733e-08,7.634574310168812e-06,0.06049011597868043,2.821645967243967e-10,3.943895914020081e-11,0.14962444494276234,0.10681336381425124,7901.431149737459
0.7579773521712007,6.196347369403799e-09,1.9415608523684035e-05,6.837704642855173e-08,7.636889943977696e-06,0.060490118108824126,2.821084491062422e-10,3.9468963753791426e-11,0.14828338240357608,0.1058560108869533,8046.359239700774
0.7579773516405187,6.0056001755172845e-09,1.940864426381986e-05,6.824460949022737e-08,7.639156516333096e-06,0.06049012017074064,2.8205417796835697e-10,3.9498295916076987e-11,0.1469543396164744,0.10490723857692069,8194.210893718231
0.7579773511422467,5.819611919976312e-09,1.940186345123033e-05,6.811479769267361e-08,7.641374393994534e-06,0.06049012216619204,2.820017443047283e-10,3.952695116558347e-11,0.14563720885013534,0.10396696997731533,8345.022021086002
0.7579773506752804,5.638287070277674e-09,1.9395261825282514e-05,6.798755603853595e-08,7.643544142341352e-06,0.06049012409722587,2.8195110120684383e-10,3.9554927663443476e-11,0.14433188333881744,0.10303512887060601,8498.826127945538
0.7579773502386556,5.461551619654407e-09,1.938883605332135e-05,6.78628463271759e-08,7.645666136170098e-06,0.06049012596551557,2.8190220987241597e-10,3.958222277599977e-11,0.1430382572737053,0.10211163972239014,8655.654306726276
0.7579773498314569,5.289331017750155e-09,1.9382583173824703e-05,6.77406386226463e-08,7.647740684133042e-06,0.06049012777258046,2.818550342639662e-10,3.960883424403208e-11,0.14175622579433284,0.10119642767527076,8815.535231467024
0.7579773494526251,5.121532799719495e-09,1.9376499429520545e-05,6.762089186795986e-08,7.649768306076084e-06,0.060490129520228045,2.818095303520247e-10,3.963476265301557e-11,0.1404856849800833,0.10028941854278847,8978.495158602123
0.7579773491011979,4.958079663497233e-09,1.937058169610496e-05,6.750357708151377e-08,7.651749394453351e-06,0.060490131210007785,2.817656596832576e-10,3.966000816680317e-11,0.13922653184176564,0.0993905388034079,9144.557932819742
0.7579773487762753,4.7988972823166545e-09,1.9364827260096535e-05,6.738867384142314e-08,7.653684262704887e-06,0.06049013284330024,2.817233872328351e-10,3.9684570981855006e-11,0.13797866431326625,0.09849971559455778,9313.744997620093
0.7579773484767949,4.643891271684834e-09,1.9359232453839237e-05,6.72761480175674e-08,7.655573483481229e-06,0.06049013442182467,2.816826686174611e-10,3.970845478310676e-11,0.13674198124327547,0.09761687670672474,9486.075410220532
0.7579773482018151,4.492986059298987e-09,1.9353794354397536e-05,6.716597899279594e-08,7.657417467333936e-06,0.06049013594700441,2.816434663463319e-10,3.9731662199053574e-11,0.1355163823870884,0.09674195057759985,9661.56586047319
0.7579773479504793,4.346111278048486e-09,1.9348510554218577e-05,6.705815611050168e-08,7.659216516655137e-06,0.060490137420056204,2.816057475282887e-10,3.975419543663782e-11,0.1343017683984792,0.09587486628627782,9840.230693478385
0.757977347721793,4.203178967677618e-09,1.9343377790886036e-05,6.695265610535541e-08,7.660971170837046e-06,0.060490138842494795,2.8156947105022636e-10,3.9776059912750357e-11,0.13309804082164794,0.09501555354750799,10022.08193559391
0.7579773475147519,4.064103098672754e-09,1.933839273101544e-05,6.684945609741681e-08,7.662682013901828e-06,0.060490140215838706,2.815345950537297e-10,3.979726224497017e-11,0.13190510208324005,0.09416394270599693,10207.129323556517
0.7579773473285397,3.92881985556258e-09,1.93335531488714e-05,6.674855156825986e-08,7.664349362485391e-06,0.06049014154118673,2.815010882242926e-10,3.981780645841242e-11,0.130722855484437,0.09331996473076225,10395.380336447148
0.7579773471622325,3.797246547248322e-09,1.9328856131008672e-05,6.664992841493793e-08,7.665973732687618e-06,0.0604901428198708,2.8146891257405616e-10,3.983769955033223e-11,0.1295512051931179,0.09248355120953679,10586.840230246264
0.7579773470148438,3.6692952763497837e-09,1.9324298334977297e-05,6.655356665812392e-08,7.667555777147555e-06,0.06049014405335628,2.814380261266144e-10,3.985695068564387e-11,0.12839005623609162,0.0916546343432232,10781.512074739529
0.7579773468855616,3.5449032880550014e-09,1.9319877417636074e-05,6.645946180528324e-08,7.669095901458677e-06,0.06049014524273259,2.814083966827918e-10,3.987556631520757e-11,0.12723931449139803,0.09083314694039789,10979.396792547526
0.7579773467735367,3.4239987197200306e-09,1.9315590742372734e-05,6.636760544969964e-08,7.67059460912944e-06,0.06049014638917706,2.813799893016955e-10,3.989355458686738e-11,0.12609888668067878,0.09001902241186481,11180.493200065834
0.7579773466778286,3.306487210840969e-09,1.9311435062336328e-05,6.627798100299127e-08,7.672052587733439e-06,0.06049014749406865,2.8135276306928164e-10,3.991092661158984e-11,0.12496868036161611,0.08921219476525737,11384.798050114057
0.7579773465975997,3.192300244608254e-09,1.9307407678257208e-05,6.619057923407556e-08,7.67347039445506e-06,0.060490148558572515,2.8132668283929435e-10,3.992769191767899e-11,0.12384860392043955,0.08841259859968931,11592.306076103796
0.7579773465320961,3.081398296036676e-09,1.9303506268424262e-05,6.610539491452692e-08,7.674848505294299e-06,0.060490149583694884,2.813017179436217e-10,3.994385890430169e-11,0.12273856656449976,0.08762016910045316,11803.010037546766
0.7579773464803263,2.9733893768892268e-09,1.9299716116251147e-05,6.602215460975072e-08,7.676191759665978e-06,0.060490150573715464,2.812777577600552e-10,3.995948721518266e-11,0.12163847831490898,0.08683484203372462,12017.57949892204
0.7579773464413498,2.8681292681007664e-09,1.9296024400420526e-05,6.594061748422685e-08,7.677504336393995e-06,0.06049015153236269,2.81254708528073e-10,3.99746250522459e-11,0.1205482499992474,0.08605655374137951,12236.625836246456
0.7579773464145919,2.7657765837811373e-09,1.9292432654566536e-05,6.586085606035064e-08,7.678785421495862e-06,0.06049015245952982,2.8123256891050717e-10,3.998926378746373e-11,0.11946779324433482,0.08528524113588792,12460.019503186617
0.7579773463994426,2.66638005481436e-09,1.9288941419489404e-05,6.578292672575158e-08,7.680034553832348e-06,0.06049015335539044,2.812113289028051e-10,4.0003400922029726e-11,0.11839702046906726,0.08452084169516444,12687.662797129797
0.7579773463952018,2.5699380395641154e-09,1.9285549944329837e-05,6.57068621597251e-08,7.681251705278234e-06,0.060490154220491935,2.81190968252982e-10,4.001704005660203e-11,0.11733584487731766,0.0837632934575002,12919.487324868483
0.7579773464011942,2.4763965246178967e-09,1.9282257034159618e-05,6.5632685496688e-08,7.682437027951664e-06,0.06049015505548267,2.811714636602503e-10,4.0030187792318595e-11,0.11628418045090033,0.08301253501654028,13155.4514832432
0.7579773464168413,2.3857043491682474e-09,1.9279061617519555e-05,6.556041622608458e-08,7.683590676687286e-06,0.06049015586092512,2.8115279473649345e-10,4.004285041971099e-11,0.11524194194259817,0.08226850551630614,13395.538085312675
0.7579773464415197,2.29778692764377e-09,1.927596186423469e-05,6.549005901181503e-08,7.684713064515786e-06,0.060490156637595625,2.8113493538224683e-10,4.005503772759791e-11,0.11420904486925285,0.08153114464626274,13639.75212507414
0.7579773464745321,2.2125549205860514e-09,1.9272955041131507e-05,6.542160150829835e-08,7.68580490450794e-06,0.06049015738653187,2.811178524957943e-10,4.006676355226094e-11,0.1131854055049164,0.08080039263642966,13888.118674058382
0.7579773465153614,2.129953703331527e-09,1.927003932192978e-05,6.535503994714752e-08,7.686866661285987e-06,0.06049015810844429,2.811015228368021e-10,4.0078037585686916e-11,0.11217094087406469,0.08007619025253637,14140.680903413273
0.7579773465634719,2.0499164267940385e-09,1.9267212458782897e-05,6.529036185691574e-08,7.687898946857606e-06,0.06049015880415789,2.810859201361484e-10,4.0088871517059455e-11,0.11116556874487125,0.07935847879122059,14397.49822536728
0.7579773466182927,1.972363889459332e-09,1.9264471715489875e-05,6.522754538943482e-08,7.688902537262825e-06,0.0604901594746376,2.8107101436231e-10,4.009927927990351e-11,0.11016920762254186,0.07864720007526994,14658.644548230626
0.7579773466792512,1.8972259855517484e-09,1.9261814122131953e-05,6.516656222195443e-08,7.689878296449504e-06,0.06049016012090237,2.810567743221273e-10,4.010927577655482e-11,0.10918177674270838,0.07794229644890607,14924.206639347296
0.7579773467459049,1.8244520435430555e-09,1.925923748056886e-05,6.510739334523276e-08,7.690826863774994e-06,0.060490160743709366,2.8104317649713903e-10,4.011887240255981e-11,0.10820319606488225,0.07724371077311115,15194.282590655948
0.7579773468177928,1.7539828359221876e-09,1.9256739311788066e-05,6.505001414871363e-08,7.691748975044785e-06,0.06049016134389467,2.8103019520624286e-10,4.012808194402876e-11,0.10723338626596636,0.07655138642099618,15468.980381752928
0.7579773468944593,1.685758265804377e-09,1.9254317037342104e-05,6.499439690542866e-08,7.692645403770082e-06,0.06049016192231721,2.810178042841979e-10,4.013691761264023e-11,0.10627226873382517,0.0758652672732109,15748.416535575681
0.7579773469754005,1.61971515698573e-09,1.925196760187533e-05,6.494050485154651e-08,7.693517083136235e-06,0.060490162479974074,2.8100597373938564e-10,4.014539495234918e-11,0.10531976556091256,0.07518529771339481,16032.71486204115
0.7579773470602771,1.5558128033361994e-09,1.9249689137472376e-05,6.48883183941023e-08,7.694364578569787e-06,0.06049016301748492,2.809946844243556e-10,4.0153523950066696e-11,0.10437579953795653,0.07451142262366885,16322.005285180818
0.7579773471487193,1.4940016088463125e-09,1.9247479460320222e-05,6.483781200329139e-08,7.695188559948026e-06,0.060490163535563156,2.8098391453117255e-10,4.0161316193073995e-11,0.10344029414770083,0.07384358738016764,16616.42274951258
0.7579773472403348,1.4342246163106931e-09,1.9245336141813473e-05,6.478895543837644e-08,7.695989778205227e-06,0.060490164034994985,2.809736401716232e-10,4.016878453535744e-11,0.10251317355870243,0.0731817378486118,16916.106201580315
0.757977347334733,1.3764290068537742e-09,1.9243256681268138e-05,6.47417154027244e-08,7.696769013696122e-06,0.0604901645165813,2.8096383716506223e-10,4.0175942210284266e-11,0.10159436261918468,0.07252582037991963,17221.1976427743
0.7579773474316149,1.3205752421405187e-09,1.9241239316227687e-05,6.469606991468684e-08,7.697526812371698e-06,0.06049016498089496,2.8095448781457625e-10,4.0182798965388e-11,0.10068378685094566,0.07187578180585863,17531.841249720645
0.7579773475306815,1.2666188620183563e-09,1.923928222849951e-05,6.465199515450448e-08,7.6982637408477e-06,0.060490165428523895,2.809455739672871e-10,4.018936494115801e-11,0.09978137244332079,0.07123156943473545,17848.18255869587
0.7579773476316284,1.2145108199519482e-09,1.923738352570248e-05,6.460946532314034e-08,7.698980391087913e-06,0.06049016586007798,2.80937076811851e-10,4.0195650741695804e-11,0.0988870462472001,0.07059313104712497,18170.367710682865
0.7579773477341144,1.164197181169687e-09,1.9235540850892753e-05,6.456844411234716e-08,7.699677512417236e-06,0.060490166276299766,2.8092897393331515e-10,4.0201669264809596e-11,0.09800073576909851,0.06996041489163725,18498.542753839243
0.7579773478379047,1.1156432253674374e-09,1.9233752878343907e-05,6.452891320009062e-08,7.700355516349969e-06,0.06049016667762462,2.8092125152866e-10,4.020742843361517e-11,0.09712236916527982,0.06933336968072272,18832.853000295836
0.7579773479427655,1.0688092940900786e-09,1.923201823701638e-05,6.449085240576581e-08,7.701014831187933e-06,0.06049016706450029,2.8091389542311296e-10,4.021293650196584e-11,0.0962518752359329,0.06871194458651475,19173.442434345194
0.7579773480484399,1.0236459397529069e-09,1.9230335254677823e-05,6.445423485150437e-08,7.701655986419327e-06,0.060490167437462605,2.809068889637059e-10,4.021820329804378e-11,0.09538918341940038,0.06809608923670965,19520.45316921473
0.7579773481546745,9.801050474635722e-10,1.9228702209109222e-05,6.441903083777734e-08,7.702279530731016e-06,0.06049016779705872,2.809002152992295e-10,4.022323887617174e-11,0.09453422378645894,0.06748575371048347,19874.02494974935
0.7579773482612447,9.381458814908826e-10,1.922711764571967e-05,6.438521447828359e-08,7.70288592584522e-06,0.06049016814375547,2.8089385986033255e-10,4.0228052014394616e-11,0.09368692703465097,0.06688088853444554,20234.294698452308
0.7579773483679679,8.977335869473723e-10,1.9225580565674484e-05,6.435276821129529e-08,7.70347548125927e-06,0.060490168477887685,2.8088781170168243e-10,4.023264932447734e-11,0.09284722448266682,0.06628144467862807,20601.396102452287
0.7579773484746429,8.588224566282233e-10,1.9224089643958564e-05,6.43216665336368e-08,7.704048618058423e-06,0.060490168799882914,2.808820573455969e-10,4.0237039084930044e-11,0.09201504806477764,0.06568737355251189,20975.45923907835
0.7579773485810811,8.213695239225514e-10,1.92226436181528e-05,6.42918836941723e-08,7.704605736926333e-06,0.060490169110149046,2.8087658397878557e-10,4.024122919417555e-11,0.09119033032531801,0.0650986270010877,21356.610237833745
0.7579773486870778,7.853264034871107e-10,1.9221240874659104e-05,6.42633843999959e-08,7.705147362152537e-06,0.06049016940918944,2.8087137629954397e-10,4.024522929472573e-11,0.09037300441321794,0.06451515730095268,21744.970976663833
0.7579773487924945,7.506645169679237e-10,1.9219880753419114e-05,6.423615366079595e-08,7.705673692159653e-06,0.06049016969723829,2.8086642629997423e-10,4.0249044370648104e-11,0.08956300407658414,0.0639369171564421,22140.658810513414
0.7579773488971825,7.173448005961244e-10,1.921856228763263e-05,6.421016834226148e-08,7.706185032135639e-06,0.06049016997461442,2.8086172374809077e-10,4.025268092065032e-11,0.0887602636573295,0.06336385969579546,22543.786330264444
0.7579773490009881,6.85320133700879e-10,1.92172843029884e-05,6.418539948800089e-08,7.706681759862515e-06,0.06049017024169354,2.808572569327996e-10,4.025614646865657e-11,0.087964718085851,0.0627959384673572,22954.461150236668
0.7579773491037629,6.545465410326788e-10,1.921604553170905e-05,6.416181394809478e-08,7.707164288045869e-06,0.06049017049887304,2.808530137794667e-10,4.025944886173208e-11,0.08717630287575519,0.062233107435811286,23372.785722521337
0.7579773492053837,6.249915974385354e-10,1.921484512323977e-05,6.413938745641017e-08,7.707632885905598e-06,0.06049017074643336,2.808489853864611e-10,4.026259388971419e-11,0.08639495411863093,0.06167532097844966,23798.857176501995
0.7579773493057411,5.966222558679562e-10,1.921368235458162e-05,6.411809795719431e-08,7.70808777957036e-06,0.06049017098461857,2.808451638501831e-10,4.026558673203119e-11,0.0856206084788691,0.0611225338814741,24232.767181996627
0.757977349404725,5.693973674626593e-10,1.9212556298263163e-05,6.409791743141974e-08,7.708529267730045e-06,0.06049017121372716,2.8084153991181093e-10,4.0268433529659825e-11,0.08485320318852851,0.06057470133633118,24674.601834532
0.7579773495022305,5.43274272482659e-10,1.9211465884731356e-05,6.40788128472812e-08,7.708957700839117e-06,0.06049017143409285,2.808381035764162e-10,4.027114098260009e-11,0.08409267604224818,0.06003177893608015,25124.441561334592
0.7579773495981587,5.182159125095438e-10,1.9210410033545045e-05,6.406074948797155e-08,7.709373435121859e-06,0.06049017164604861,2.8083484506414235e-10,4.0273715695270637e-11,0.08333896539220481,0.05949372267179334,25582.361046692597
0.757977349692433,4.941964333160087e-10,1.9209388261919308e-05,6.4043707841617e-08,7.709776617076809e-06,0.06049017184976627,2.808317586943091e-10,4.027616149206303e-11,0.08259201014311579,0.0589604889289888,26048.42917541055
0.7579773497849797,4.711814601435716e-10,1.9208399837378362e-05,6.402766098521473e-08,7.710167482931487e-06,0.060490172045482085,2.8082883726038495e-10,4.027848329839276e-11,0.08185174974728676,0.05843203448409497,26522.708993142325
0.7579773498757312,4.49130814491657e-10,1.9207443803779616e-05,6.401257547786506e-08,7.710546350526693e-06,0.06049017223348778,2.808260723376507e-10,4.0280686930522513e-11,0.08111812419970377,0.05790831650094699,27005.257682449526
0.7579773499646228,4.280062914723648e-10,1.9206519247837217e-05,6.399841733608162e-08,7.710913521198271e-06,0.060490172414065194,2.8082345578141814e-10,4.028277802041721e-11,0.08039107403316915,0.05738929252731441,27496.12655349098
0.7579773500518925,4.077346491101915e-10,1.9205622167357578e-05,6.398510702858682e-08,7.711270532251631e-06,0.06049017258808097,2.8082097190010924e-10,4.028476836375673e-11,0.07967054031348132,0.05687492049146007,27997.149614948816
0.7579773501383041,3.8816085343443286e-10,1.920474350399728e-05,6.397250022324267e-08,7.711620957891824e-06,0.06049017275733962,2.8081859330939654e-10,4.028667938671294e-11,0.07895646463465751,0.056365158698729795,28513.549304241285
0.7579773502235205,3.6938956343567545e-10,1.9203885312884975e-05,6.39606158031876e-08,7.711963944258567e-06,0.06049017292149798,2.8081632300401554e-10,4.028850808403315e-11,0.07824878911419939,0.055859965828172625,29044.370907251636
0.7579773503072037,3.514996806252402e-10,1.920304977018726e-05,6.394947047397355e-08,7.712298583699986e-06,0.060490173080200924,2.80814163659482e-10,4.029025171921323e-11,0.07754745638840126,0.05535930092919141,29588.346891100467
0.7579773503891675,3.3442163166864445e-10,1.9202237867025864e-05,6.393905562427584e-08,7.712624425198478e-06,0.06049017323336154,2.8081211206425675e-10,4.02919122958959e-11,0.07685240960770008,0.05486312341822334,30144.38569888009
0.757977350469225,3.1814235355849225e-10,1.9201450982131825e-05,6.392937668281706e-08,7.71294088674107e-06,0.060490173380772935,2.8081016873701325e-10,4.029348907505483e-11,0.07616359243206736,0.054371393075450275,30711.55903756273
0.7579773505472372,3.0263786025487087e-10,1.9200690008839497e-05,6.392042964387617e-08,7.713247577144397e-06,0.060490173522325504,2.8080833277415687e-10,4.029498246207943e-11,0.07548094902644222,0.053884070041538584,31289.08985092639
0.7579773506231179,2.878639105374831e-10,1.919995521548577e-05,6.391219688300549e-08,7.713544346292787e-06,0.06049017365804359,2.808066009288661e-10,4.029639468796626e-11,0.07480442405620548,0.05340111481440815,31876.340945799537
0.7579773506968204,2.737645793579671e-10,1.9199246414366864e-05,6.390465149963741e-08,7.713831221606332e-06,0.06049017378804627,2.808049684181262e-10,4.029772919310516e-11,0.07413396268269422,0.05292248824603033,32472.804241267793
0.7579773507683083,2.6030991806335373e-10,1.9198563226848947e-05,6.389776328077747e-08,7.714108308048202e-06,0.06049017391248337,2.8080343047970626e-10,4.029898941328446e-11,0.07346951055875668,0.052448151539254736,33078.09061177462
0.7579773508375581,2.474779612379773e-10,1.9197905321177612e-05,6.389150648591324e-08,7.714375700902811e-06,0.06049017403147999,2.808019833171084e-10,4.030017810833822e-11,0.07281101382434679,0.05197806624466422,33691.92029628485
0.7579773509045666,2.3524299383852505e-10,1.919727224629484e-05,6.388585477957141e-08,7.714633546033675e-06,0.06049017414517926,2.808006230664728e-10,4.0301298133749165e-11,0.07215841910215846,0.05151219425745834,34314.11384686691
0.7579773509693524,2.235729580027049e-10,1.9196663316657142e-05,6.388077732107349e-08,7.714882081076039e-06,0.060490174253772226,2.8079934510666213e-10,4.030235294471166e-11,0.0715116734932987,0.051050497814364486,34944.583591189454
0.7579773510319442,2.1243987392661557e-10,1.9196077770645735e-05,6.387624300986612e-08,7.71512157626131e-06,0.06049017435746015,2.807981448815816e-10,4.030334596704964e-11,0.07087072457299981,0.050592939490576916,35583.32558452098
0.7579773510923892,2.0181749547609542e-10,1.9195514492478753e-05,6.387221115724814e-08,7.715352436054893e-06,0.06049017445652286,2.807970164716646e-10,4.0304281670985456e-11,0.07023552038636977,0.050139482196723054,36230.41202787105
0.7579773511507198,1.9168956925524159e-10,1.9194972881283417e-05,6.386865927347775e-08,7.715574879004023e-06,0.060490174551109686,2.8079595679949314e-10,4.0305162407841705e-11,0.06960600944418083,0.04969008917585707,36885.98412991801
0.7579773512069804,1.8203672652695857e-10,1.919445219913284e-05,6.386556191495642e-08,7.715789176868868e-06,0.06049017464139862,2.8079496232214676e-10,4.0305990895536104e-11,0.06898214071869586,0.04924472400048042,37550.24539133477
0.757977351261226,1.728366549066584e-10,1.9193951580670158e-05,6.386289071877135e-08,7.71599565061794e-06,0.06049017472759475,2.807940290449496e-10,4.0306770206423107e-11,0.06836386363953202,0.048803350569588996,38223.45529105071
0.7579773513135165,1.6406550610260807e-10,1.9193470118239538e-05,6.386061686888635e-08,7.71619463839414e-06,0.06049017480991085,2.807931528778214e-10,4.0307503492765114e-11,0.06775112808956164,0.048365933105746856,38905.923354877465
0.7579773513639142,1.557050805772394e-10,1.919300688071221e-05,6.385871150449032e-08,7.716386488916541e-06,0.06049017488856157,2.807923298431903e-10,4.030819383126812e-11,0.06714388440084969,0.04793243615218609,39598.003587779
0.7579773514124842,1.4773876993778345e-10,1.919256092863834e-05,6.385714611339194e-08,7.716571555433487e-06,0.06049017496376098,2.807915560617707e-10,4.0308844234191465e-11,0.06654208335062771,0.04750282456993277,40300.089251885176
0.7579773514592747,1.401527108861995e-10,1.9192131658724343e-05,6.385590326855376e-08,7.716750066748656e-06,0.06049017503564363,2.807908291747614e-10,4.030945655299441e-11,0.06594567615730396,0.04707706353495854,41012.607973132115
0.7579773515043395,1.3293146860531906e-10,1.9191718399386528e-05,6.385496367437915e-08,7.716922277715045e-06,0.06049017510435899,2.807901465690206e-10,4.0310032839704457e-11,0.06535461447650906,0.04665511853535785,41736.01716016646
0.7579773515477388,1.2605790690231696e-10,1.919132040607846e-05,6.385430594419308e-08,7.717088470884499e-06,0.060490175170072734,2.8078950535207204e-10,4.031057536631373e-11,0.0647688503971774,0.04623695536855046,42470.799719871306
0.7579773515895278,1.1951525768716516e-10,1.919093700727904e-05,6.385391076769479e-08,7.717248901106759e-06,0.06049017523293437,2.8078890290804834e-10,4.0311086188508e-11,0.06418833643766328,0.04582254013850888,43217.460054565076
0.7579773516297768,1.1328805461964487e-10,1.9190567345866993e-05,6.385375390688696e-08,7.717403894714475e-06,0.060490175293132185,2.8078833606212813e-10,4.031156780963491e-11,0.06361302554189244,0.045411839253011045,43976.52032658667
0.7579773516685437,1.0736334594914029e-10,1.9190210731216772e-05,6.385381605853246e-08,7.71755371525022e-06,0.06049017535081701,2.8078780229786327e-10,4.0312022222128004e-11,0.06304287107554726,0.04500481942091704,44748.5169766193
0.7579773517058661,1.0173076643563861e-10,1.9189866763486362e-05,6.385408619699663e-08,7.71769851584142e-06,0.06049017540607548,2.80787300184541e-10,4.031245056773036e-11,0.06247782682228698,0.04460144764947071,45533.99748271177
0.7579773517417859,9.63785143773763e-11,1.9189534989633637e-05,6.38545517194158e-08,7.717838469820939e-06,0.060490175459005945,2.8078682809820823e-10,4.0312854142793424e-11,0.06191784698000125,0.04420169124162529,46333.51734754439
0.757977351776352,9.129310817460879e-11,1.9189214893938238e-05,6.38551982072669e-08,7.717973774382012e-06,0.060490175509720426,2.80786384190913e-10,4.0313234423079625e-11,0.06136288615709753,0.04380551779339296,47147.63730204498
0.7579773518096197,8.645917474007053e-11,1.9188905890802046e-05,6.385600925378927e-08,7.718104653364994e-06,0.06049017555834611,2.807859663683517e-10,4.0313593081810845e-11,0.060812899368821616,0.04341289519121822,47976.920713998625
0.7579773518416292,8.186689268140701e-11,1.9188607567986657e-05,6.385697275512526e-08,7.718231263739715e-06,0.060490175604972864,2.8078557318316996e-10,4.031393126991717e-11,0.06026784203361125,0.04302379160937479,48821.93119080948
0.7579773518724426,7.750385540052102e-11,1.918831926940461e-05,6.385807124054477e-08,7.718353857798182e-06,0.0604901756497402,2.807852024471307e-10,4.031425074850942e-11,0.059727669969482346,0.04263817550738583,49683.23036606634
0.7579773519020844,7.336244936827223e-11,1.918804076116364e-05,6.385929732470849e-08,7.718472524188615e-06,0.06049017569269992,2.807848533012966e-10,4.0314552210554074e-11,0.05919233939044764,0.04225601562746729,50561.37586003648
0.7579773519305851,6.943349765056417e-11,1.9187771755094002e-05,6.386064227052442e-08,7.71858737253831e-06,0.060490175733915096,2.807845247187548e-10,4.0314836486028846e-11,0.05866180690296743,0.04187728099199415,51456.91940466526
0.7579773519579827,6.570600551156345e-11,1.9187511898636765e-05,6.386209581152479e-08,7.718698537458023e-06,0.060490175773462024,2.8078421547842e-10,4.031510456349406e-11,0.05813602950243208,0.041501940900989465,52370.405124092635
0.7579773519843138,6.216871054840819e-11,1.9187260858916788e-05,6.386364780588006e-08,7.718806145436636e-06,0.06049017581141345,2.8078392441362577e-10,4.031535738443809e-11,0.05761496456967617,0.04112996492963578,53302.36796211364
0.7579773520096243,5.881242180365564e-11,1.91870182217423e-05,6.386528681002131e-08,7.71891035534368e-06,0.060490175847856834,2.8078365023309274e-10,4.031559599049752e-11,0.05709856986752376,0.04076132292580893,54253.33224840791
0.7579773520339599,5.5627650891972565e-11,1.918678355083766e-05,6.386700144657364e-08,7.719011335454773e-06,0.060490175882883586,2.807833915553952e-10,4.0315821511286625e-11,0.05658680353736468,0.04039598500763394,55223.81039574444
0.7579773520573347,5.260911507693073e-11,1.9186556732122e-05,6.386878656161803e-08,7.719109127037181e-06,0.06049017591652138,2.8078314789591645e-10,4.0316034339714076e-11,0.05607962409576151,0.04003392156106281,56214.301720732794
0.7579773520797698,4.9750059951489895e-11,1.918633759869631e-05,6.3870636032091e-08,7.719203792211009e-06,0.06049017594880812,2.8078291863645135e-10,4.0316234979496403e-11,0.05557699043108698,0.03967510323747403,57225.29138104197
0.7579773521012937,4.7042055392062934e-11,1.9186125922261878e-05,6.3872542665515e-08,7.719295417412677e-06,0.06049017597979352,2.8078270300689016e-10,4.0316424060482955e-11,0.05507886180019142,0.03931950095129359,58257.24942234208
0.7579773521219434,4.447477990585092e-11,1.918592140400907e-05,6.387449809522474e-08,7.719384117074431e-06,0.06049017600954076,2.807825000658685e-10,4.031660235484992e-11,0.05458519782510024,0.038967085877637336,59310.62992854487
0.7579773521417458,4.204058228676547e-11,1.9185723829254052e-05,6.387649534290148e-08,7.719469972132571e-06,0.060490176038096866,2.807823090860144e-10,4.0316770457852934e-11,0.05409595848974084,0.03861782944997443,60385.87026922555
0.757977352160743,3.9733561147295776e-11,1.918553282681999e-05,6.387852579167477e-08,7.719553126896037e-06,0.06049017606553664,2.807821290582206e-10,4.031692920146259e-11,0.053611104136699,0.03827170335781177,61483.39043840181
0.7579773521789508,3.754916819463577e-11,1.918534828462936e-05,6.388058469658015e-08,7.719633622096214e-06,0.06049017609188634,2.80781959557111e-10,4.0317078934779216e-11,0.053130595464004206,0.03792867954439915,62603.59247912685
0.757977352196385,3.5482350320100036e-11,1.9185170094400015e-05,6.388266750828987e-08,7.719711497084517e-06,0.060490176117171286,2.807818001754725e-10,4.0317219993082205e-11,0.05265439352194391,0.03758873020445505,63746.85998862152
0.7579773522130684,3.3526687342496595e-11,1.918499809238227e-05,6.388476905553787e-08,7.719786813600826e-06,0.06049017614142681,2.8078165039287537e-10,4.031735280711321e-11,0.05218245970990629,0.037251827781912675,64913.557698928314
0.757977352229032,3.167424603540333e-11,1.9184832052558442e-05,6.388688350209714e-08,7.719859658563988e-06,0.060490176164699413,2.807815095635633e-10,4.0317477913355785e-11,0.051714755773251256,0.03691794496768634,66104.03112831531
0.7579773522442875,2.99205110143521e-11,1.9184671905735868e-05,6.388900681908677e-08,7.719930055522412e-06,0.06049017618700716,2.807813773721402e-10,4.031759557076409e-11,0.05125124380020965,0.03658705469745781,67318.60629889352
0.7579773522588901,2.8258873200574713e-11,1.918451718777407e-05,6.38911315554063e-08,7.719998188838281e-06,0.0604901762084374,2.8078125278288665e-10,4.031770664617622e-11,0.05079188621881005,0.03625913014948245,68557.58951613601
0.7579773522728475,2.6686640841053652e-11,1.918436785944445e-05,6.389325463674522e-08,7.720064070636906e-06,0.06049017622900164,2.8078113558421614e-10,4.0317811314456153e-11,0.05033664579383327,0.03593414474241508,69821.26720620203
0.7579773522861706,2.520046685404264e-11,1.918422385957088e-05,6.389537294048832e-08,7.720127722129577e-06,0.06049017624871498,2.8078102553140993e-10,4.031790977930366e-11,0.04988548562379406,0.03561207213315537,71109.9058071752
0.7579773522988761,2.3796044495840612e-11,1.9184085082590473e-05,6.38974831088531e-08,7.720189182764027e-06,0.06049017626760011,2.8078092230500733e-10,4.031800230839205e-11,0.049438369137949925,0.03529288621471241,72423.75171052085
0.7579773523109865,2.2468022186928352e-11,1.918395137405092e-05,6.389958154337137e-08,7.720248512101147e-06,0.06049017628568799,2.8078082550411984e-10,4.031808923912422e-11,0.048995260093336726,0.034976561114088506,73763.03124925614
0.7579773523225307,2.120991687044762e-11,1.918382252602024e-05,6.390166439955309e-08,7.72030579172861e-06,0.06049017630301861,2.807807346396302e-10,4.031817098448919e-11,0.04855612257183081,0.03466307119018197,75127.95072950516
0.7579773523335244,2.0019772148782117e-11,1.918369843481637e-05,6.390372861138433e-08,7.720361060565685e-06,0.06049017631961356,2.8078064944705746e-10,4.0318247762894506e-11,0.04812092097723756,0.034352391031708646,76518.69650228346
0.7579773523440007,1.8893759543937376e-11,1.9183578829956672e-05,6.390577089180996e-08,7.72041442696821e-06,0.060490176335521915,2.80780569385177e-10,4.0318320035552807e-11,0.04768962003240596,0.034044495455142085,77935.43507251973
0.7579773523539683,1.7829633443994938e-11,1.9183463665324386e-05,6.390778912980317e-08,7.720465906977234e-06,0.06049017635075465,2.8078049429023144e-10,4.031838794078637e-11,0.047262184776369065,0.03373935950267219,79378.31324247921
0.7579773523634404,1.6824562958387058e-11,1.9183352862927153e-05,6.390978122951542e-08,7.720515529961238e-06,0.0604901763653278,2.8078042395497105e-10,4.0318451654701855e-11,0.046838580561510086,0.03343695844018215,80847.45828690234
0.7579773523724339,1.5875043703524616e-11,1.9183246307687566e-05,6.391174510873212e-08,7.720563340793775e-06,0.060490176379263405,2.80780358120933e-10,4.0318511397885555e-11,0.046418773050753884,0.033137267755243546,82342.97815731524
0.7579773523809707,1.4976852209666993e-11,1.9183143844627835e-05,6.39136787088494e-08,7.720609401044639e-06,0.06049017639258988,2.807802964749598e-10,4.0318567438442123e-11,0.04600272821478359,0.03284026315512928,83864.96171310509
0.7579773523890595,1.4128002989699468e-11,1.9183045441332936e-05,6.391558008738894e-08,7.72065372118538e-06,0.060490176405315406,2.807802389116674e-10,4.031861986172489e-11,0.04559041232928231,0.03254592056484458,85413.47897708172
0.7579773523967415,1.3324851481869446e-11,1.9182950748679028e-05,6.391744773943857e-08,7.720696444572535e-06,0.06049017641749875,2.807801848799205e-10,4.031866914401099e-11,0.045181791972199306,0.032254216125175365,86988.5814133739
0.757977352404027,1.2565727910500994e-11,1.9182859701695246e-05,6.391928035108501e-08,7.720737596092611e-06,0.060490176429152574,2.807801342309468e-10,4.031871541339266e-11,0.04477683402104097,0.0319651261907543,88590.30222562377
0.7579773524109238,1.184906977708265e-11,1.918277225686283e-05,6.392107673157829e-08,7.720777191824756e-06,0.060490176440285856,2.8078008685595595e-10,4.031875876324437e-11,0.04437550565018585,0.0316786273281441,90218.65667355788
0.7579773524174431,1.1172927594682924e-11,1.918268834553484e-05,6.392283582720833e-08,7.720815258525542e-06,0.060490176450911384,2.8078004261799677e-10,4.031879931173878e-11,0.04397777432822386,0.03139469631393805,91873.64240612109
0.7579773524235989,1.0534943634689356e-11,1.918260787239317e-05,6.392455673401663e-08,7.720851834292029e-06,0.060490176461046014,2.807800013504045e-10,4.0318837203221045e-11,0.043583607815319295,0.031113310132877468,93555.23980945995
0.7579773524294083,9.93233107115205e-12,1.9182530713931e-05,6.392623871038016e-08,7.720886969214097e-06,0.060490176470710866,2.807799628552766e-10,4.031887260955758e-11,0.043192974160597496,0.0308344459759862,95263.41236814344
0.7579773524348922,9.361853592918253e-12,1.9182456716965595e-05,6.39278811894273e-08,7.720920726013824e-06,0.06049017647993155,2.8077992690198287e-10,4.031890573145499e-11,0.04280584169955494,0.030558081238721665,96998.10703809923
0.75797735244006,8.822356773568198e-12,1.9182385792713775e-05,6.392948471393077e-08,7.720953142680809e-06,0.06049017648872145,2.807798933936704e-10,4.03189366534443e-11,0.04242217905149251,0.030284193519142594,98761.31814247789
0.7579773524449752,8.31184476457953e-12,1.9182317188712802e-05,6.393106060278157e-08,7.720984552399381e-06,0.06049017649718309,2.807798617719008e-10,4.0318965875228594e-11,0.04204195511697183,0.030012760616093048,100564.48597423451
0.7579773524496383,7.829713514094098e-12,1.918225093269317e-05,6.39326072379668e-08,7.721014940693386e-06,0.06049017650531467,2.8077983200971833e-10,4.03189934189085e-11,0.041665139075294344,0.029743760527402963,102407.56235475207
0.7579773524540472,7.37539460294514e-12,1.918218710074991e-05,6.393412175424647e-08,7.721044270627001e-06,0.06049017651310866,2.807798040981598e-10,4.0319019289842457e-11,0.04129170038200303,0.029477171448104543,104288.70682801763
0.7579773524582046,6.947702123034905e-12,1.918212571865995e-05,6.393560206740889e-08,7.72107252752816e-06,0.06049017652056435,2.807797779921952e-10,4.031904352597287e-11,0.04092160876640644,0.029212971768664817,106206.43301750305
0.7579773524621178,6.544873893812595e-12,1.9182066766087064e-05,6.393704679878894e-08,7.72109971710889e-06,0.060490176527687296,2.8077975361333927e-10,4.031906619544862e-11,0.040554834229125064,0.02895114007323397,108159.58058673533
0.7579773524657982,6.164604079143301e-12,1.9182010180148093e-05,6.393845520853985e-08,7.721125863865835e-06,0.06049017653448887,2.8077973085176465e-10,4.031908739469576e-11,0.04019134703965951,0.02869165513790939,110147.28877021767
0.7579773524692579,5.804465516533339e-12,1.9181955884985143e-05,6.393982688439199e-08,7.721150998287568e-06,0.06049017654098198,2.807797095930969e-10,4.031910722442261e-11,0.0398311177339806,0.028434495929015275,112168.97140056103
0.757977352472503,5.464919467850219e-12,1.918190383767403e-05,6.394116140069815e-08,7.721175137176423e-06,0.060490176547174215,2.807796897728448e-10,4.0319125740950674e-11,0.03947411711214107,0.02817964160139765,114224.29336086358
0.7579773524755549,5.144281083968844e-12,1.918185385205913e-05,6.394245996616621e-08,7.72119835947169e-06,0.060490176553093564,2.8077967120069264e-10,4.0319143113861856e-11,0.03912031623590861,0.027927071496734696,116313.14839442323
0.7579773524784176,4.841975509047395e-12,1.9181805906412142e-05,6.394372234499602e-08,7.721220673562756e-06,0.06049017655874392,2.807796538415111e-10,4.0319159374381986e-11,0.03876968642642014,0.027676765141862167,118435.63820679423
0.7579773524810968,4.557258749665623e-12,1.9181759962398626e-05,6.394494859214214e-08,7.721242095240955e-06,0.06049017656413139,2.807796376496498e-10,4.031917456333418e-11,0.03842219926185716,0.027428702247113874,120592.05279800545
0.7579773524835992,4.2892211748730755e-12,1.9181715965880558e-05,6.394613903062322e-08,7.721262647323406e-06,0.060490176569264156,2.8077962256915474e-10,4.031918873092996e-11,0.03807782657514183,0.027182862704677003,122782.85196545083
0.7579773524859333,4.03678757320067e-12,1.918167384737001e-05,6.394729423494336e-08,7.721282359432272e-06,0.060490176574152496,2.807796085337674e-10,4.031920193675922e-11,0.037736540451653866,0.026939226586962205,125008.64792054618
0.7579773524881092,3.798713871429258e-12,1.9181633522145037e-05,6.394841502042087e-08,7.721301267924459e-06,0.060490176578808716,2.8077959546671344e-10,4.031921424997314e-11,0.03739831322696768,0.026697774144988258,127270.18896472515
0.757977352490138,3.5735806181932597e-12,1.9181594890038792e-05,6.394950243822097e-08,7.721319415966837e-06,0.06049017658324724,2.807795832802859e-10,4.031922574965393e-11,0.037063117484610025,0.026458485806781246,129568.3441727242
0.7579773524920217,3.3612838555596806e-12,1.9181557944146374e-05,6.395055626059685e-08,7.721336805957206e-06,0.06049017658746948,2.807795719665455e-10,4.031923644181819e-11,0.03673092605383756,0.026221342175788063,131904.08903338725
0.7579773524937796,3.161066791138583e-12,1.9181522486164324e-05,6.3951579218935e-08,7.721353524553962e-06,0.06049017659150288,2.8077956138075846e-10,4.031924645793829e-11,0.03640171200743447,0.025986324029304134,134278.4920004072
0.7579773524954193,2.972218809052797e-12,1.9181488444250498e-05,6.395257225834399e-08,7.721369603038578e-06,0.060490176595357485,2.80779551465839e-10,4.031925585013767e-11,0.036075448659529705,0.025753412316915237,136692.7019075197
0.757977352496944,2.794350679774767e-12,1.918145579106714e-05,6.395353570406343e-08,7.721385053221795e-06,0.060490176599037174,2.8077954219984486e-10,4.031926463846515e-11,0.03575210956343388,0.02552258815895331,139147.93620467442
0.7579773524983573,2.6270044117811604e-12,1.918142449281045e-05,6.395446999433698e-08,7.721399889786985e-06,0.060490176602546665,2.807795335568948e-10,4.0319272846597174e-11,0.03543166850949549,0.025293832844966044,141645.46997364017
0.7579773524996638,2.4696465381717495e-12,1.9181394508630094e-05,6.395537568901637e-08,7.721414130544257e-06,0.060490176605891635,2.8077952550677783e-10,4.031928050219706e-11,0.03511409952297642,0.02506712783220025,144186.62568334554
0.7579773525008686,2.321660150078079e-12,1.9181365789902516e-05,6.395625348126552e-08,7.721427796750692e-06,0.06049017660907878,2.807795180144904e-10,4.0319287637340986e-11,0.034799376861946424,0.02484245474409879,146772.76364703372
0.757977352501978,2.1823357056482337e-12,1.9181338279361877e-05,6.395710421228038e-08,7.721440913495084e-06,0.06049017661211595,2.8077951103970324e-10,4.0319294289009076e-11,0.03448747501519648,0.02461979536881097,149405.2731450061
0.7579773525029987,2.050860640679515e-12,1.9181311910091845e-05,6.395792888894845e-08,7.721453510145637e-06,0.06049017661501226,2.807795045361595e-10,4.03193004996404e-11,0.034178368700170915,0.024399131657716344,152085.56417835946
0.7579773525039378,1.926435665328873e-12,1.9181286617791358e-05,6.395872844282614e-08,7.72146561484984e-06,0.06049017661777655,2.80779498460156e-10,4.0319306309151745e-11,0.03387203286091797,0.024180445723961635,154815.05982068393
0.7579773525047948,1.8097663445443933e-12,1.9181262416231504e-05,6.39595023683226e-08,7.7214772209468e-06,0.06049017662040722,2.807794928344159e-10,4.03193116949072e-11,0.03356844266605883,0.02396371984101091,157595.18913618187
0.7579773525055854,1.6996628049917636e-12,1.918123912636265e-05,6.396025405799568e-08,7.721488408440237e-06,0.060490176622927674,2.8077948754585236e-10,4.031931676267391e-11,0.03326757350677476,0.02374893644120863,160427.380634106
0.7579773525063105,1.5959612215499875e-12,1.918121674093378e-05,6.396098353464499e-08,7.721499180293986e-06,0.06049017662533902,2.807794825877825e-10,4.031932151859328e-11,0.03296940099481237,0.02353607811435566,163313.05623078477
0.7579773525069718,1.498456049902482e-12,1.9181195248677142e-05,6.396169090151855e-08,7.721509541274677e-06,0.06049017662764292,2.8077947795158084e-10,4.031932597062016e-11,0.0326739009605067,0.023325127606297978,166253.62569182206
0.7579773525075715,1.4068944544223964e-12,1.9181174633675872e-05,6.396237635662259e-08,7.721519498239629e-06,0.060490176629841595,2.8077947362641264e-10,4.031933012877306e-11,0.03238104945082203,0.02311606781752808,169250.4815283184
0.7579773525081118,1.3209702912260318e-12,1.9181154874673407e-05,6.396304020848201e-08,7.721529060451547e-06,0.06049017663193796,2.807794695989454e-10,4.031933400540462e-11,0.032090822727410304,0.022908881801798932,172304.9943221675
0.7579773525085958,1.2403176578525382e-12,1.91811359443263e-05,6.396368289331231e-08,7.721538239919346e-06,0.06049017663393568,2.8077946585303924e-10,4.031933761549208e-11,0.031803197264686875,0.022703552764750258,175418.50845664187
0.7579773525090271,1.1645040216807165e-12,1.918111780840202e-05,6.396430499356219e-08,7.721547051764327e-06,0.06049017663583932,2.8077946236941674e-10,4.031934097694684e-11,0.031518149747923566,0.022500064062547266,178592.33822958585
0.7579773525094099,1.0930229400251597e-12,1.918110042492341e-05,6.3964907257784e-08,7.721555514610934e-06,0.060490176637654394,2.8077945912531354e-10,4.031934411094287e-11,0.031235657071358756,0.02229839920053146,181827.76432759804
0.7579773525097492,1.02528638584381e-12,1.9181083743261676e-05,6.396549062178745e-08,7.721563651001273e-06,0.06049017663938751,2.807794560941087e-10,4.031934704226303e-11,0.0309556963363245,0.02209854183188362,185126.03064059943
0.7579773525100432,9.618742309801033e-13,1.9181067792553097e-05,6.39660542340609e-08,7.721571447203707e-06,0.06049017664103535,2.807794532847798e-10,4.031934976226625e-11,0.030678244849390315,0.021900475756298728,188488.3413971573
0.7579773525103015,9.021417244838755e-13,1.918105244900181e-05,6.396660087650596e-08,7.721578959488879e-06,0.06049017664261327,2.807794506460718e-10,4.031935231919498e-11,0.030403280120523717,0.0217041849186728,191915.85860186507
0.7579773525105253,8.459625406266985e-13,1.9181037706896946e-05,6.396713055965342e-08,7.721586190148177e-06,0.06049017664412216,2.8077944817335005e-10,4.031935471737178e-11,0.03013077986126716,0.02150965340780144,195409.6997569708
0.7579773525107155,7.932265699074291e-13,1.9181023562341004e-05,6.3967643257009e-08,7.721593140655469e-06,0.060490176645562686,2.807794458629335e-10,4.031935696022959e-11,0.029860721982931358,0.021316865455090112,198970.9358512986
0.7579773525108731,7.437927328322999e-13,1.9181010007728338e-05,6.396813903481714e-08,7.721599814191757e-06,0.06049017664693596,2.8077944370987126e-10,4.03193590524072e-11,0.029593084594804808,0.02112580543327595,202600.58960032338
0.7579773525109997,6.974858071815246e-13,1.918099703129833e-05,6.396861806427261e-08,7.721606215853643e-06,0.060490176648243583,2.807794417078072e-10,4.031936099987749e-11,0.02932784600237932,0.02093645785516101,206299.6339220439
0.7579773525110971,6.54093146271082e-13,1.9180984616671452e-05,6.396908063422596e-08,7.721612352869843e-06,0.060490176649487706,2.8077943984884114e-10,4.031936281008029e-11,0.029064984705591476,0.02074880737235688,210068.99063403963
0.7579773525111675,6.133612969820772e-13,1.9180972742369458e-05,6.396952716434672e-08,7.72161823482516e-06,0.06049017665067109,2.807794381233846e-10,4.0319364492059293e-11,0.028804479397079877,0.020562838774040578,213909.5293578189
0.7579773525112132,5.749925268055582e-13,1.918096138132113e-05,6.396995821870617e-08,7.721623873891282e-06,0.060490176651797165,2.8077943652001365e-10,4.0319366056602824e-11,0.028546308960457945,0.020378536985721552,217822.06661724378
0.7579773525112375,5.386412696149466e-13,1.9180950500354943e-05,6.397037451973958e-08,7.721629285063733e-06,0.06049017665287006,2.80779435025317e-10,4.031936751638793e-11,0.02829045246860227,0.020195887068019742,221807.36511847505
0.7579773525112382,5.04706061499287e-13,1.9180940138183407e-05,6.397077490853786e-08,7.721634450023753e-06,0.060490176653885466,2.8077943364940447e-10,4.0319368861677004e-11,0.02803688918195625,0.020014874215454653,225866.13319950225
0.7579773525112223,4.727515880496242e-13,1.9180930185855942e-05,6.397116221782532e-08,7.72163941918614e-06,0.060490176654856224,2.8077943235847084e-10,4.031937012472665e-11,0.027785598546848984,0.01983548375524516,229999.02443792473
0.7579773525111909,4.4269079286783057e-13,1.918092063568615e-05,6.397153656575768e-08,7.72164419588149e-06,0.06049017665578339,2.8077943114888623e-10,4.031937130898554e-11,0.027536560193829177,0.019657701146120202,234206.63740621795
0.7579773525111445,4.144809541906453e-13,1.9180911486757852e-05,6.397189789641e-08,7.721648780310448e-06,0.06049017665666719,2.807794300192411e-10,4.031937241578797e-11,0.027289753936014027,0.019481511977140056,238489.5155642683
0.7579773525110837,3.880647955727259e-13,1.918090273577935e-05,6.397224622464973e-08,7.721653173795574e-06,0.06049017665750813,2.807794289675507e-10,4.031937344702263e-11,0.027045159767452868,0.01930690196652818,242848.147279479
0.7579773525110092,3.6336935695219115e-13,1.918089437687321e-05,6.397258164279856e-08,7.721657378881756e-06,0.060490176658307006,2.8077942799120985e-10,4.031937440517651e-11,0.02680275786150552,0.01913385696051357,247282.96596524917
0.7579773525109219,3.4030485790480263e-13,1.9180886401364065e-05,6.397290432736259e-08,7.721661399437581e-06,0.060490176659064906,2.807794270869466e-10,4.031937529337927e-11,0.026562528569235154,0.01896236293218344,251794.3503291059
0.757977352510823,3.187635568068027e-13,1.9180878797565208e-05,6.397321454580802e-08,7.721665240757318e-06,0.06049017665978328,2.807794262507767e-10,4.031937611544767e-11,0.026324452417815558,0.018792405980346233,256382.62472222108
0.7579773525107134,2.9861860967094694e-13,1.9180871550564645e-05,6.397351266336021e-08,7.721668909663158e-06,0.060490176660463926,2.807794254779573e-10,4.031937687593005e-11,0.026088510108952658,0.018623972328404775,261048.05958248302
0.7579773525105947,2.79707898392157e-13,1.9180864636476616e-05,6.39737993802174e-08,7.721672417418273e-06,0.06049017666110954,2.8077942476237646e-10,4.031937758070703e-11,0.02585468251732027,0.01845704832323959,265794.79486026976
0.7579773525104668,2.6168589724257775e-13,1.918085796733864e-05,6.397407804847848e-08,7.721675807787562e-06,0.0604901766617288,2.80779424091126e-10,4.031937824234393e-11,0.02562295068900975,0.018291620434102113,270673.52616517956
0.7579773525103305,2.4455653671931633e-13,1.9180851541951697e-05,6.39743485754682e-08,7.7216790809994e-06,0.06049017666232206,2.8077942346240034e-10,4.0319378862508856e-11,0.025393295839993647,0.018127675251517997,275689.5873029373
0.7579773525101858,2.28782714502417e-13,1.9180845387594312e-05,6.397460984013396e-08,7.72168222326291e-06,0.06049017666288671,2.807794228811753e-10,4.031937943628468e-11,0.02516569935460306,0.01796519948620007,280831.3270604197
0.7579773525100362,2.1389235375660095e-13,1.9180839448791077e-05,6.397486342403366e-08,7.721685260510805e-06,0.06049017666342912,2.8077942233259855e-10,4.031937997808811e-11,0.024940142784018664,0.017804179967971158,286088.7169349358
0.7579773525098822,1.9990301937781604e-13,1.918083374076694e-05,6.397510865329077e-08,7.721688184892295e-06,0.060490176663947924,2.807794218177309e-10,4.0319380486862754e-11,0.024716607844775286,0.017644603644696503,291453.2336407721
0.7579773525097243,1.8681247102884808e-13,1.9180828273513194e-05,6.397534505574419e-08,7.72169099116059e-06,0.0604901766644423,2.8077942133695056e-10,4.0319380962221925e-11,0.024495076417279823,0.017486457581225762,296917.74795469263
0.757977352509563,1.7460078080465538e-13,1.9180823052378445e-05,6.397557233810364e-08,7.721693676378761e-06,0.06049017666491185,2.807794208900287e-10,4.0319381404374494e-11,0.024275530544342516,0.017329728958344507,302476.41960685694
0.757977352509399,1.6323218735212445e-13,1.9180818078600294e-05,6.397579036528727e-08,7.721696239654735e-06,0.060490176665356596,2.8077942047619634e-10,4.031938181405936e-11,0.02405795242972131,0.01717440507173508,308124.5979360637
0.7579773525092329,1.5265666940395827e-13,1.9180813349773565e-05,6.397599914209794e-08,7.721698681907539e-06,0.060490176665776926,2.807794200942016e-10,4.031938219248901e-11,0.02384232443667935,0.01702047333094683,313858.7280401557
0.7579773525090651,1.4281123067415262e-13,1.9180808860252953e-05,6.397619879731694e-08,7.721701005665814e-06,0.06049017666617354,2.8077941974235747e-10,4.031938254130252e-11,0.023628629086555327,0.01686792125837551,319676.2621638875
0.7579773525088963,1.3362089478825982e-13,1.9180804601489526e-05,6.397638957023511e-08,7.721703214898841e-06,0.060490176666547414,2.8077941941858027e-10,4.0319382862528097e-11,0.023416849057346673,0.01671673648825185,325575.57607754983
0.7579773525087271,1.249994137593047e-13,1.918080056230184e-05,6.397657179959848e-08,7.7217053148798e-06,0.060490176666899806,2.807794191204178e-10,4.031938315855488e-11,0.023206967182305457,0.016566906765639218,331555.8902102018
0.7579773525085581,1.1684969680918813e-13,1.9180796729082972e-05,6.397674591491532e-08,7.721707312080514e-06,0.06049017666723221,2.8077941884506875e-10,4.031938343211406e-11,0.022998966448546876,0.016418419945440223,337617.1953114908
0.75797735250839,1.0906396837748626e-13,1.918079308594556e-05,6.397691243005226e-08,7.721709214096734e-06,0.06049017666754634,2.8077941858939276e-10,4.0319383686268775e-11,0.022792829995670158,0.01627126399141224,343760.1824257618
0.7579773525082228,1.017632120767527e-13,1.9180789642773596e-05,6.397707094532505e-08,7.721711015986301e-06,0.06049017666784123,2.807794183566274e-10,4.03193839177857e-11,0.022588541114391916,0.01612542697519179,349986.17697148054
0.7579773525080571,9.503381595034804e-14,1.9180786374370696e-05,6.397722235959862e-08,7.721712730030096e-06,0.06049017666811948,2.8077941814392167e-10,4.03193841294567e-11,0.022386083245191677,0.015980897075327592,356297.0767279502
0.7579773525078932,8.871184125290578e-14,1.9180783250961698e-05,6.397736773803014e-08,7.72171437074276e-06,0.06049017666838417,2.807794179450435e-10,4.0319384327431053e-11,0.022185439976969583,0.015837662576322353,362695.2935398838
0.7579773525077314,8.278581617932306e-14,1.918078027020873e-05,6.397750716503929e-08,7.721715939264796e-06,0.06049017666863553,2.807794177595946e-10,4.031938451210212e-11,0.02198659504571613,0.01569571186768311,369183.6985586313
0.7579773525075716,7.724259326587851e-14,1.9180777429294402e-05,6.397764074449462e-08,7.721717436978013e-06,0.060490176668873845,2.8077941758711947e-10,4.0319384683919686e-11,0.0217895323331938,0.01555503344298009,375765.57084676385
0.7579773525074138,7.206732375804138e-14,1.918077472493803e-05,6.397776859874635e-08,7.72171886549622e-06,0.060490176669099456,2.807794174271046e-10,4.031938484339108e-11,0.021594235865630543,0.01541561589891401,382444.54918029683
0.7579773525072584,6.724337523932445e-14,1.9180772153393124e-05,6.397789086844065e-08,7.721720226665457e-06,0.06049017666931273,2.8077941727897525e-10,4.031938499108415e-11,0.021400689812424944,0.015277447934391725,389224.58689010073
0.7579773525071051,6.27521946183595e-14,1.9180769710426797e-05,6.397800771308388e-08,7.721721522573345e-06,0.060490176669514104,2.8077941714209056e-10,4.03193851276321e-11,0.021208878484863008,0.01514051834961018,396109.9095910244
0.757977352506954,5.857311828180029e-14,1.9180767391281758e-05,6.397811931232907e-08,7.721722755567246e-06,0.060490176669704035,2.8077941701573686e-10,4.031938525374007e-11,0.02101878633484645,0.015004816045148549,403104.97565393813
0.7579773525068052,5.4683130938547456e-14,1.918076519062151e-05,6.397822586796104e-08,7.721723928280946e-06,0.06049017666988307,2.807794168991191e-10,4.031938537019353e-11,0.02083039795363236,0.014870330021068542,410214.4392823176
0.7579773525066589,5.10565744154268e-14,1.9180763102459128e-05,6.397832760655982e-08,7.721725043669606e-06,0.060490176670051805,2.807794167913512e-10,4.031938547786822e-11,0.020643698070584207,0.014737049376022734,417443.1160611354
0.757977352506515,4.766480742273353e-14,1.9180761120070082e-05,6.397842478282574e-08,7.721726105052808e-06,0.06049017667021091,2.8077941669144354e-10,4.0319385577741814e-11,0.020458671551933955,0.014604963306370912,424795.95085172367
0.7579773525063735,4.4475817094927803e-14,1.918075923588939e-05,6.397851768355231e-08,7.721727116165507e-06,0.060490176670361134,2.807794165982902e-10,4.0319385670907224e-11,0.02027530339955544,0.014474061105304387,432277.9879119133
0.7579773525062348,4.1453782930550147e-14,1.918075744139337e-05,6.397860663223571e-08,7.721728081216772e-06,0.06049017667050333,2.807794165106535e-10,4.031938575858744e-11,0.020093578749748504,0.014344332161978033,439894.3431261901
0.7579773525060988,3.8564611591209816e-14,1.9180755728562255e-05,6.39786919267605e-08,7.721729004147661e-06,0.06049017667063831,2.8077941642752593e-10,4.0319385841774686e-11,0.019913482872034236,0.014215765960650219,447650.17823577276
0.7579773525059661,3.596941785556297e-14,1.918075412655059e-05,6.397877231229528e-08,7.721729870138761e-06,0.06049017667076334,2.8077941635861977e-10,4.031938591077594e-11,0.019735001167960887,0.014088352079830403,455550.6769635178
0.7579773525058359,3.3521585602780915e-14,1.9180752583592842e-05,6.397884998433512e-08,7.721730705433788e-06,0.06049017667088326,2.807794162935879e-10,4.03193859759084e-11,0.019558119169920566,0.013962080191434393,463601.02293331065
0.7579773525057081,3.121970923200659e-14,1.9180751100002492e-05,6.397892492450979e-08,7.721731509854053e-06,0.06049017667099805,2.8077941623238157e-10,4.031938603722073e-11,0.01938282253997647,0.01383694005994712,471806.37928817817
0.7579773525055828,2.906181549898066e-14,1.9180749675981913e-05,6.39789971189321e-08,7.721732283276009e-06,0.0604901766711077,2.8077941617493537e-10,4.0319386094777854e-11,0.019209097068700696,0.013712921541592985,480171.8699157302
0.7579773525054602,2.7045250894419884e-14,1.918074831158707e-05,6.397906655978078e-08,7.721733025649441e-06,0.06049017667121221,2.8077941612116475e-10,4.0319386148664096e-11,0.01903692867402239,0.013590014583513603,488702.5621937383
0.7579773525053402,2.5166558273107753e-14,1.9180747006688216e-05,6.397913324707116e-08,7.721733737017789e-06,0.06049017667131161,2.807794160709621e-10,4.031938619898652e-11,0.01886630340008631,0.013468209222952917,497403.4511726721
0.7579773525052227,2.3421342868188765e-14,1.9180745760926563e-05,6.397919719061187e-08,7.721734417540538e-06,0.060490176671405944,2.8077941602419334e-10,4.031938624587866e-11,0.01869720741612154,0.013347495586449638,506279.44511586684
0.7579773525051079,2.1804127835771697e-14,1.918074457366701e-05,6.397925841214379e-08,7.721735067517693e-06,0.060490176671495276,2.8077941598069403e-10,4.0319386289504455e-11,0.018529627015320398,0.013227863889036894,515335.3523216803
0.7579773525049958,2.0308199491394196e-14,1.9180743443947012e-05,6.397931694765885e-08,7.721735687416251e-06,0.0604901766715797,2.8077941594026485e-10,4.0319386330062503e-11,0.018363548613727354,0.013109304433449083,524575.869155525
0.7579773525048864,1.8925442421629267e-14,1.9180742370421632e-05,6.397937284989497e-08,7.721736277898687e-06,0.06049017667165937,2.807794159026672e-10,4.0319386367790586e-11,0.018198958749137937,0.0129918076093358,534005.5692230484
0.7579773525047798,1.7646164680555022e-14,1.9180741351304902e-05,6.397942619100354e-08,7.721736839853356e-06,0.06049017667173443,2.8077941586761854e-10,4.0319386402970455e-11,0.01803584408000749,0.012875363892482844,543628.8936189611
0.7579773525046759,1.6458913311370676e-14,1.9180740384307505e-05,6.397947706538516e-08,7.721737374426815e-06,0.06049017667180512,2.8077941583478697e-10,4.031938643593288e-11,0.017874191384369718,0.012759963844040184,553450.1421891218
0.7579773525045747,1.5350280467538862e-14,1.9180739466570976e-05,6.397952559268918e-08,7.721737883057979e-06,0.060490176671871704,2.8077941580378636e-10,4.031938646706296e-11,0.01771398755876492,0.012645598109756863,563473.4657464449
0.7579773525044761,1.4304700444870193e-14,1.918073859459845e-05,6.397957192097147e-08,7.721738367514065e-06,0.06049017667193451,2.8077941577417045e-10,4.0319386496805675e-11,0.017555219617177844,0.012532257419222727,573702.8591840413
0.75797735250438,1.3304237975358035e-14,1.9180737764182143e-05,6.397961623000481e-08,7.72173882992825e-06,0.06049017667199392,2.807794157454271e-10,4.031938652567166e-11,0.01739787468998502,0.012419932585116984,584142.1554317188
0.7579773525042866,1.2328368174742943e-14,1.9180736970327665e-05,6.397965873473534e-08,7.721739272838981e-06,0.060490176672050394,2.807794157169725e-10,4.031938655424326e-11,0.01724194002291159,0.012308614502463504,594795.0202045635
0.7579773525041966,1.1450528888728142e-14,1.9180736225480966e-05,6.397969880752213e-08,7.721739689611607e-06,0.06049017667210291,2.807794156948169e-10,4.0319386576508533e-11,0.01708740297599744,0.012198294147892745,605664.9474948205
0.757977352504109,1.0652373676802819e-14,1.9180735514724466e-05,6.397973717216435e-08,7.721740088119977e-06,0.06049017667215271,2.8077941567629865e-10,4.031938659513152e-11,0.016934251022572608,0.012088962578910335,616755.2557606602
0.7579773525040236,9.900517611668079e-15,1.9180734830352816e-05,6.397977419935132e-08,7.721740472406953e-06,0.06049017667220045,2.807794156587889e-10,4.0319386612741726e-11,0.016782471748241885,0.01198061093317221,628069.0847677046
0.7579773525039405,9.194908751175644e-15,1.9180734172894207e-05,6.39798098596668e-08,7.721740842172908e-06,0.06049017667224609,2.807794156422965e-10,4.031938662933005e-11,0.016632052849878527,0.011873230427766227,639609.3930413546
0.7579773525038594,8.535209326740329e-15,1.918073354276766e-05,6.397984412903557e-08,7.721741197176087e-06,0.06049017667228961,2.8077941562682544e-10,4.031938664489249e-11,0.016482982134626945,0.011766812358500241,651378.9558900461
0.7579773525037807,7.920763175059592e-15,1.918073294026696e-05,6.397987698953472e-08,7.721741537241267e-06,0.060490176672331,2.80779415612374e-10,4.031938665943076e-11,0.016335247518914377,0.01166134809919652,663380.363961557
0.7579773525037043,7.35056229129973e-15,1.918073236554411e-05,6.397990843023027e-08,7.721741862268684e-06,0.06049017667237025,2.8077941559893405e-10,4.0319386672952927e-11,0.016188837027471405,0.011556829100992542,675616.0222963782
0.7579773525036304,6.823212599342164e-15,1.9180731818592355e-05,6.397993844803654e-08,7.721742172243199e-06,0.060490176672407366,2.8077941558649046e-10,4.031938668547411e-11,0.016043738792361234,0.011453246891648018,688088.1498439945
0.7579773525035588,6.336899039157485e-15,1.918073129922881e-05,6.397996704859557e-08,7.72174246724367e-06,0.060490176672442365,2.807794155750204e-10,4.031938669701714e-11,0.015899941052017693,0.011350593074858145,700798.7794096498
0.7579773525034896,5.88935007553654e-15,1.9180730807076732e-05,6.397999424717411e-08,7.721742747452524e-06,0.06049017667247529,2.8077941556449273e-10,4.031938670761329e-11,0.015757432150291857,0.01124885932957299,713749.7580008379
0.7579773525034228,5.477801736216772e-15,1.9180730341547516e-05,6.398002006957529e-08,7.721743013165477e-06,0.060490176672506196,2.807794155548671e-10,4.031938671730291e-11,0.015616200535507187,0.01114803740932301,726942.7475443415
0.7579773525033584,5.098961290858634e-15,1.9180729901822477e-05,6.398004455306207e-08,7.721743264801371e-06,0.06049017667253516,2.8077941554609333e-10,4.031938672613626e-11,0.015476234759523184,0.011048119141550593,740379.2259461649
0.7579773525032965,4.748970685320882e-15,1.918072948683445e-05,6.398006774728967e-08,7.721743502912118e-06,0.06049017667256226,2.8077941553811094e-10,4.0319386734174095e-11,0.01533752347680739,0.010949096426947585,754060.4884681499
0.7579773525032367,4.423369848226026e-15,1.918072909524926e-05,6.398008971524383e-08,7.721743728192699e-06,0.06049017667258763,2.80779415530848e-10,4.031938674148849e-11,0.015200055443515737,0.010850961238798784,767987.6493964458
0.7579773525031792,4.117059988876424e-15,1.9180728725447182e-05,6.398011053418201e-08,7.721743941491189e-06,0.06049017667261139,2.8077941552422066e-10,4.031938674816353e-11,0.01506381951658113,0.010753705622331288,782161.6439783291
0.7579773525031239,3.824267007159607e-15,1.9180728375504374e-05,6.398013029657423e-08,7.721744143818786e-06,0.060490176672633705,2.8077941551813246e-10,4.0319386754296013e-11,0.014928804652810183,0.010657321694069683,796583.2306051261
0.7579773525030705,3.5385051371555657e-15,1.91807280431744e-05,6.398014911104064e-08,7.721744336359798e-06,0.060490176672654765,2.8077941551247346e-10,4.031938675999619e-11,0.01479499990798809,0.010561801641197029,811252.9932201923
0.7579773525030193,3.262685595667802e-15,1.9180727729121012e-05,6.398016693443285e-08,7.72174451871052e-06,0.060490176672674534,2.807794155072595e-10,4.031938676524801e-11,0.01466239443599147,0.010467137720921543,826171.3439320578
0.7579773525029707,3.02855189393444e-15,1.9180727438463534e-05,6.398018350237844e-08,7.721744688085014e-06,0.06049017667269262,2.807794155027669e-10,4.031938676977424e-11,0.014530977487909198,0.010373322259848976,841338.5258139333
0.7579773525029236,2.808110134472952e-15,1.9180727159297297e-05,6.398019943660143e-08,7.721744850979826e-06,0.06049017667270992,2.8077941549851913e-10,4.031938677405387e-11,0.014400738411171109,0.01028034765336063,856754.6158718236
0.757977352502878,2.601319652524312e-15,1.918072689178472e-05,6.398021472749776e-08,7.72174500729785e-06,0.06049017667272643,2.807794154945175e-10,4.031938677808553e-11,0.014271666648684503,0.010188206364996902,872419.5281644885
0.7579773525028339,2.408068115760842e-15,1.918072663604185e-05,6.398022936798754e-08,7.721745156967898e-06,0.06049017667274213,2.8077941549076224e-10,4.031938678186898e-11,0.01414375173797839,0.010096890925846414,888333.0170594407
0.7579773525027914,2.2281672543049597e-15,1.9180726392135138e-05,6.398024335369423e-08,7.721745299946524e-06,0.06049017667275704,2.807794154872525e-10,4.0319386785405145e-11,0.014016983310355419,0.010006393933940563,904494.680610078
0.7579773525027504,2.061180528355237e-15,1.918072615984112e-05,6.39802566967514e-08,7.721745436359196e-06,0.06049017667277115,2.8077941548398277e-10,4.031938678869953e-11,0.01389135109005139,0.009916708053653545,920921.2975783654
0.7579773525027109,1.9064881490309383e-15,1.9180725938709945e-05,6.398026942226855e-08,7.721745566464194e-06,0.06049017667278451,2.807794154809443e-10,4.0319386791760936e-11,0.013766844893402314,0.00982782601510771,937647.7489601064
0.7579773525026728,1.7637360358780673e-15,1.9180725728712032e-05,6.398028153111355e-08,7.721745690272139e-06,0.06049017667279711,2.807794154781339e-10,4.031938679459255e-11,0.013643454628018923,0.009739740613584295,954678.6275140058
0.7579773525026363,1.6324771596637058e-15,1.9180725529763187e-05,6.398029302710554e-08,7.721745807823988e-06,0.06049017667280897,2.807794154755471e-10,4.031938679719893e-11,0.0135211702919686,0.009652444708939396,972018.3280760439
0.7579773525026012,1.5121578549797883e-15,1.918072534171073e-05,6.398030391779928e-08,7.721745919199074e-06,0.06049017667282009,2.807794154731777e-10,4.0319386799586246e-11,0.013399981972964613,0.009565931225025205,989671.7788608266
0.7579773525025677,1.402111436808451e-15,1.9180725164330405e-05,6.398031421464844e-08,7.721746024516786e-06,0.0604901766728305,2.80779415471018e-10,4.031938680176237e-11,0.013279879847562652,0.00948019314911641,1007644.368695008
0.7579773525025355,1.3015505454282386e-15,1.918072499732228e-05,6.398032393322456e-08,7.721746123938823e-06,0.060490176672840214,2.8077941546905826e-10,4.0319386803737e-11,0.01316085418036453,0.009395223531341762,1025941.8790390232
0.7579773525025048,1.2095582542259415e-15,1.918072484030569e-05,6.39803330934899e-08,7.721746217671997e-06,0.06049017667284927,2.8077941546728696e-10,4.0319386805521764e-11,0.01304289532322904,0.00931101548412071,1044570.420553579
0.7579773525024753,1.1250779746665423e-15,1.9180724692813194e-05,6.398034172012291e-08,7.721746305971582e-06,0.060490176672857686,2.8077941546569045e-10,4.031938680713039e-11,0.012925993714489896,0.009227562181605104,1063536.3739782106
0.7579773525024472,1.0469021923919735e-15,1.9180724554283642e-05,6.398034984289448e-08,7.721746389145176e-06,0.06049017667286553,2.8077941546425286e-10,4.031938680857889e-11,0.012810139878180655,0.009144856859125902,1082846.3350996596
0.7579773525024204,9.736600682726574e-16,1.918072442405435e-05,6.39803574970935e-08,7.721746467557068e-06,0.06049017667287282,2.8077941546295584e-10,4.031938680988571e-11,0.012695324423266612,0.00906289281264482,1102507.0635977946
0.7579773525023947,9.038039382993751e-16,1.9180724301352367e-05,6.398036472400025e-08,7.721746541633102e-06,0.060490176672879634,2.8077941546177845e-10,4.0319386811072e-11,0.012581538042883563,0.008981663398210916,1122525.4355663955
0.7579773525023701,8.355947465295269e-16,1.918072418528498e-05,6.398037157140605e-08,7.721746611866011e-06,0.06049017667288603,2.8077941546069676e-10,4.0319386812161756e-11,0.0124687715135834,0.008901162031422025,1142908.3995152842
0.7579773525023464,7.670864459231099e-16,1.9180724074829337e-05,6.39803780941775e-08,7.721746678821203e-06,0.06049017667289208,2.807794154596839e-10,4.031938681318215e-11,0.012357015694586469,0.008821382186891049,1163662.9356690906
0.7579773525023237,7.033630761866256e-16,1.9180723969171148e-05,6.398038433596873e-08,7.721746742948536e-06,0.060490176672897855,2.80779415458727e-10,4.03193868141461e-11,0.012246261527040609,0.008742317397716989,1184796.018386364
0.7579773525023018,6.49972106024674e-16,1.918072386891991e-05,6.398039026510275e-08,7.721746803915179e-06,0.060490176672903295,2.807794154578492e-10,4.0319386815030406e-11,0.012136500033286866,0.008663961254960776,1206314.5815308145
0.7579773525022808,6.007420495724952e-16,1.918072377400934e-05,6.398039588570912e-08,7.721746861759945e-06,0.0604901766729084,2.807794154570419e-10,4.031938681584364e-11,0.012027722316131756,0.008586307407125722,1228225.4866342116
0.7579773525022607,5.553579897639048e-16,1.9180723684272606e-05,6.398040120694748e-08,7.721746916575382e-06,0.0604901766729132,2.807794154563015e-10,4.031938681658945e-11,0.011919919558126072,0.008509349559642719,1250535.4936978598
0.7579773525022415,5.134526878506824e-16,1.918072359950103e-05,6.398040624034662e-08,7.721746968478026e-06,0.06049017667291769,2.807794154556237e-10,4.031938681727216e-11,0.011813083020850148,0.008433081474359973,1273251.2344866935
0.7579773525022232,4.746020505608204e-16,1.9180723519440052e-05,6.398041100003365e-08,7.721747017610717e-06,0.060490176672921905,2.807794154550035e-10,4.031938681789688e-11,0.011707204044205522,0.008357496969037355,1296379.1881768042
0.7579773525022055,4.3832037801734546e-16,1.9180723443784983e-05,6.398041550297599e-08,7.72174706414506e-06,0.060490176672925854,2.807794154544349e-10,4.031938681846952e-11,0.011602274045712962,0.008282589916845272,1319925.6592237363
