p+n->D+γ,D+p->He3+γ,D+D->n+He3,D+D->p+T,He3+n->p+T,T+D->n+He4,He3+D->p+He4,He3+He4->Be7+γ,T+He4->Li7+γ,Be7+n->p+Li7,Li7+p->He4+He4
2878611.3306845757,158724.63549005846,2649030912.849683,2301877657.8313947,23557439711.2271,1084539571.1611254,1534365773.320559,284031.10302848974,234887.42018971092,26559374224.172882,531058894.5494515
2821535.1428933395,154494.8948507056,2578438760.14202,2240536546.8810554,22929674148.57175,1061953418.1809759,1500009750.533171,276303.4498207789,228628.07132567526,25851612230.170376,516907081.3716773
2763934.669758766,150377.86958046316,2509727767.8238893,2180830071.846234,22318637466.74922,1039837278.6298516,1466421172.795932,268766.5643554655,222535.52342599104,25162710885.36562,503132389.86209077
2705988.965706015,146370.55600711657,2442847806.1815004,2122714672.4696274,21723883869.63665,1018181375.887978,1433582921.7007544,261416.5367696776,216605.33152963888,24492167585.64712,489724770.37187153
2647860.458759329,142470.0305011892,2377750081.372377,2066147949.300444,21144979440.81695,996976136.6453953,1401478260.3442466,254249.50076451953,210833.16912622403,23839493120.445126,476674441.05818754
2589696.184591911,138673.4473429404,2314387099.8266706,2011088632.7608938,20581501827.005024,976212186.6746387,1370090824.8298929,247261.63515683694,205214.82499946989,23204211315.816647,463971880.74762404
2531628.937639271,134978.03664620372,2252712633.5971107,1957496553.0369992,20033039929.90997,955880346.691302,1339404615.9594502,240449.16527660182,199746.20015482622,22585858687.041584,451607821.98978794
2473778.344526806,131381.1023375514,2192681686.632319,1905332610.7717633,19499193606.308685,935971628.3006632,1309403991.1093588,233808.3642185637,194423.30482895146,21983984100.476555,439573244.2960213
2416251.864744085,127880.02018931156,2134250461.948899,1854558748.5393288,18979573376.1121,916477230.0285909,1280073656.2880538,227335.55395639682,189242.25557888835,21398148444.41989,427859367.5582951
2359145.723196027,124472.23590500062,2077376329.6783075,1805137923.0792785,18473800138.210728,897388533.4349613,1251398658.3701282,221027.10632718215,184199.272448806,20827924308.74728,416457645.6434729
2302545.778981982,121155.26325577703,2022017795.9652433,1757034078.270866,17981504893.892662,878697099.3078871,1223364377.5034375,214879.4438937012,179290.67621224534,20272895673.084774,405359760.15828127
2246528.334486021,117926.68226655462,1968134472.6948326,1710212118.8274264,17502328477.63191,860394663.9370723,1195956519.6852746,208889.04069164774,174512.88568785324,19732657603.29139,394557614.38043064
2191160.88861193,114784.13745045295,1915687048.0265286,1664637884.6917849,17035921295.05072,842473135.4646419,1169161109.5038598,203052.42286853518,169862.41512664725,19206815956.029854,384043327.35146093
2136502.8377623525,111725.336090297,1864637257.7132454,1620278126.1139913,16581943067.864893,824924590.3118482,1142964483.0414684,197366.16922074487,165335.87166890647,18694987091.210194,373809228.1270055
2082606.127938868,108748.04656591121,1814947857.1847718,1577100479.393181,16140062585.625704,807741269.6800632,1117353280.9355865,191826.91163484775,160929.95286883065,18196797592.09602,363847850.180272
2029515.861133,105850.09672598937,1766582594.3751333,1535073443.2658877,15709957464.077671,790915576.1245255,1092314441.5945914,186431.33543904446,156641.44428516433,17711883992.869724,354151925.9546653
1977270.858981101,103029.37230334982,1719506183.2740333,1494166355.9235451,15291313909.95542,774440070.1993134,1067835194.564497,181176.17967026477,152467.21713602456,17239892513.457317,344714381.5615681
1925904.186473401,100283.81537242339,1673684278.1831355,1454349372.6424618,14883826492.048624,758307467.1720842,1043903054.043427,176058.2372622204,148404.2260162265,16780478801.42007,335528331.61942345
1875443.6383327746,97611.42284784475,1629083448.6583412,1415593444.0098932,14487197918.367393,742510633.8071064,1020505812.540498,171074.3551594189,144449.50667543543,16333307680.723993,326587074.2303408
1825912.1905179168,95010.2450230548,1585671155.1198297,1377870294.7303631,14101138819.245958,727042585.2151818,997631534.6759177,166221.43436191996,140600.17385552885,15898052907.20433,317884086.0905695
1777328.4191505553,92478.38414784707,1543415725.1120536,1341152402.9967692,13725367536.22634,711896481.7690647,975268551.1191539,161496.42990536417,136853.41918558942,15474396930.546593,309413017.7312722
1729706.8890245652,90013.99304381871,1502286330.1963427,1305412980.4111896,13359609916.567677,697065626.0830019,953405452.6620786,156896.35078058034,133206.50913299114,15062030662.610125,301167688.8861178
1683058.5137178418,87615.27375671899,1462252963.4593065,1270625952.4407902,13003599113.231804,682543460.0550851,932031084.4241151,152418.25979686843,129656.78300908742,14660653251.92574,293142083.98232573
1637390.88920205,85280.47624470937,1423286417.6205828,1236765939.394536,12657075390.198685,668323561.9710851,911134540.1864204,148059.27339283391,126201.65102804312,14269971864.202435,285330347.7518632
1592708.6027253182,83007.89710157941,1385358263.7239828,1203808237.9068418,12319785932.969915,654399643.6685086,890705156.852246,143816.56139846612,122838.59241739554,13889701468.683277,277726780.95959723
1549013.5186310487,80795.87831398686,1348440830.3964767,1171728802.9146504,11991484664.121975,640765547.7596117,870732509.0306607,139687.3467519541,119565.15357896565,13519564630.194513,270325836.2452835
1506305.042670639,78642.80605181563,1312507183.6599057,1140504230.1148038,11671932063.774746,627415244.912157,851206403.7408986,135668.90517456108,116378.94629877883,13159291306.73633,263122114.07636186
1464580.3662686553,76547.10949076765,1277531107.2806559,1110111738.8888745,11360894994.844095,614342831.1867003,832116875.2346277,131758.56480669676,113277.64600468654,12808618652.467285,256110358.80859858
1423834.6921067012,74507.25966633142,1243487083.6429954,1080529155.6830359,11058146532.951277,601542525.429243,813454179.9335347,127953.70580817535,110258.99007042062,12467290825.939005,249285454.85170874
1384061.442304137,72521.76835829031,1210350275.132103,1051734897.8308291,10763465800.86496,589008666.7180946,795208791.4796476,124251.75992547855,107320.77616484146,12135058803.44109,242642422.9371582
1345252.4503925703,70589.18700495645,1178096506.0132008,1023707957.8070205,10476637807.355059,576735711.8638167,777371395.8958848,120650.21002870139,104460.86064517558,11811680197.320005,236176416.48542097
1307398.1382036412,68708.10564633869,1146702244.7935817,996427887.9010696,10197453290.340832,564718232.9611475,759932886.8543818,117146.5896207104,101677.15699307075,11496919079.139496,229882718.07004362
1270487.67871758,66877.15189547326,1116144587.054658,969874785.2990246,9925708564.21885,552950914.9918253,742884361.0501931,113738.4823209133,98967.63429232784,11190545807.553473,223756735.97593653
1234509.1458524794,65094.989937166654,1086401238.7415059,944029277.5629557,9661205371.259369,541428553.4772524,726217113.6780225,110423.52132590381,96330.31574719815,10892336860.765787,217794000.8493804
1199449.652110013,63360.31955342053,1057450499.8977168,918872508.4973427,9403750736.962791,530146052.17996436,709922634.009691,107199.38884912722,93763.277240166,10602074673.454678,211990162.43730488
1165295.4749345414,61671.875174827044,1029271248.8336841,894386124.3920927,9153156829.270575,519098420.8528882,693992601.0700953,104063.81554158744,91264.6459281635,10319547478.042883,206340986.41345912
1132032.1725856853,60028.42495724312,1001842926.716781,870552260.6321629,8909240821.527964,508280773.03539735,678418879.4094666,101014.57989551174,88832.59887619414,10044549150.197653,200842351.28916025
1099644.6902727133,58428.7698830697,975145522.572182,847353528.6640114,8671824759.098516,497688323.8951902,663193514.9697849,98049.50763277648,86465.36172736787,9776879058.447906,195490245.40636447
1068117.4572493075,56871.74288648037,949159558.6833884,824773003.3093712,8440735429.533142,487316388.1150393,648308731.0432528,95166.47107979645,84161.20740837745,9516341917.808855,190280764.01086825
1037434.4755215377,55356.20800196117,923866076.3818026,802794210.4170898,8215804236.198893,477160377.82347804,633756924.3207791,92363.38853048373,81918.45486947164,9262747647.307251,185210106.40350324
1007579.4007782555,53881.0595355403,899246622.214989,781401114.8440267,7996867075.275343,467215800.56851274,619530661.0284657,89638.22359879078,79735.46785800606,9015911231.303383,180274573.16724735
978535.6161128993,52445.221258103236,875283234.4835247,760578108.7562382,7783764216.028807,457478257.3334633,605622673.1501428,86988.98456225997,77610.65372467668,8775652584.508562,175470563.46822825
950286.2990674196,51047.645620204574,851958430.1366212,740310000.2419182,7576340184.277039,447943440.5940593,592025854.7340328,84413.7236979217,75542.46226156528,8541796420.599697,170794572.4286508
922814.482493573,49687.31298780365,829255192.0169536,720582002.2277801,7374443648.959389,438607132.4159303,578733258.2816694,81910.53661180244,73529.38457114875,8314172124.33503,166243188.569731
896103.1096935545,48363.23089836688,807156956.445398,701379721.690805,7177927311.729709,429465202.59165573,565738091.2172464,79477.56156322657,71569.9519654479,8092613627.077818,161813091.32277238
870135.0842704948,47074.43333679338,785647601.1366104,682689149.1574731,6986647799.491385,420513606.8165465,553033712.4355973,77112.97878502423,69662.73489451155,7876959285.637067,157501048.60656708
844893.3150901805,45819.98003063588,764711433.4366325,664496648.4828217,6800465559.796113,411748384.90235496,540613628.9270576,74815.00980068916,67806.34190345476,7667051764.336917,153303914.46935475
820360.7567281806,44598.95576410316,744333178.8739539,646788946.9018805,6619244759.030176,403165659.0281278,528471492.4775036,72581.91673946458,65999.41861729059,7462737920.228766,149218626.79362065
796520.4457504422,43410.469710342804,724497970.0156598,629553125.3462121,6442853183.313832,394761632.0274246,516601096.441885,70412.0016502719,64240.64675281399,7263868691.36222,145242205.0620556
773355.5331520586,42253.654781517616,705191335.6205481,612776609.0185038,6271162142.04158,386532585.7111488,504996372.58961946,68303.60581533959,62528.74315681732,7070298988.033448,141371748.18304965
750849.3132558366,41127.666996201406,686399190.0812968,596447158.2183299,6104046373.992919,378474879.2252513,493651388.02025104,66255.10906433215,60862.45886993599,6881887586.931607,137604432.3741331
728985.2493517962,40031.684863632574,668107823.1479791,580552859.4123918,5941383955.945095,370584947.4425797,482560342.1478035,64264.929089725854,59240.578215440895,6698497028.106062,133937509.10181971
707746.9963387827,38964.90878437621,650303889.9254285,565082116.5427192,5783056213.721141,362859299.38816327,471717563.75229985,62331.52076412709,57661.91791231286,6519993514.679249,130368303.07634948
687118.4206111638,37926.560466957795,632974401.1371608,550023642.5664978,5628947635.608385,355294516.6972432,461117508.09695774,60453.37546018236,56125.32621195255,6346246815.2320595,126894210.29986902
667083.6174163362,36915.882360042146,616106713.6487392,535366451.2213385,5478945788.084131,347887252.1053578,450754754.10958874,58629.02037367991,54629.68205789491,6177130168.790414,123512696.16662301
647626.925892822,35932.13709974433,599688521.2436824,521099849.0099955,5332941233.787185,340634227.96982735,440624001.62678176,56857.01785040431,53173.89426791644,6012520192.343862,120221293.6137739
628732.9419836336,34974.60697166848,583707845.6451758,507213427.3986743,5190827451.675251,333532234.8219776,430720068.69946694,55135.96471725957,51756.90073793762,5852296790.828604,117017601.3214983
610386.5294056588,34042.5933872824,568153027.7770371,493697055.2232406,5052500759.31,326578129.94946533,421037888.95849234,53464.4916181402,50377.66766713984,5696343069.509313,113899281.96104752
592572.8288427561,33135.41637424604,553012719.2575667,480540871.2977944,4917860237.213141,319768836.0080831,411572509.0388836,51841.26235499251,49035.188803731995,5544545248.695863,110864060.48949505
575277.265517955,32252.41408032169,538275874.1200689,467735277.2202094,4786807655.2382345,313101339.6624242,402319086.06147164,50264.97323447112,47728.484710815814,5396792580.732679,107909722.48992556
558485.5552888789,31392.94229050415,523931740.75400734,455270930.3693939,4659247400.904589,306572690.254814,393272885.1706167,48734.352420565556,46456.60205181472,5252977269.200189,105034112.555855
542183.7093997872,30556.37395701869,509969854.0609179,443138737.089164,4535086409.64095,300179998.5019165,384429277.1267786,47248.159293538694,45218.61289494491,5112994390.269435,102235132.7187037
526358.0380137571,29742.098741843514,496380027.8193483,431329846.053752,4414234096.888042,293920435.2184398,375783735.95270896,45805.18381548874,44013.61403622082,4976741816.152413,99510740.91717374
510995.1526392957,28949.522571423502,483152347.2532641,419835641.8101161,4296602292.010506,287791230.0673818,367331836.63207614,44404.24590281921,42840.726340501664,4844120140.592381,96858949.50741585
496081.9675569757,28178.067203249844,470277161.79849046,408647738.49233365,4182105173.969925,281789670.33625853,359069252.85935074,43044.19480587533,41699.09410009772,4715032606.339675,94277823.8128969
481605.7003437855,27427.169803989676,457745078.06191635,397757973.7034963,4070659208.712083,275913099.73877907,350991754.8398134,41723.90849597778,40587.884410468716,4589385034.560194,91765480.7129114
467553.87158524117,26696.28253885787,445546952.96832573,387158402.5606426,3962183088.222743,270158917.2414361,343095207.1385671,40442.293060064476,39506.28656255887,4467085756.125035,89320087.26870671
453914.3038584846,25984.872171931387,433673887.0898532,376841291.89838326,3856597671.207485,264524575.91449565,335375566.5774647,39198.28210312511,38453.51145132515,4348045544.7311325,86939859.38621986
440675.1200629933,25292.41967711439,422117218.1531966,366799114.62698746,3753825925.3523064,259007581.80687532,327828880.17888075,37990.836158594764,37428.791000027086,4232177551.804107,84623060.51444954
427824.7411695576,24618.419859470712,410868514.71985346,357024544.2408195,3653792871.122905,253605492.84441936,320451283.15528935,36818.94210685195,36431.3775998585,4119397243.1358666,82368000.37851492
415351.8834525091,23962.38098664697,399919570.0347671,347510449.4731145,3556425527.0615945,248315917.75107947,313238996.94362456,35681.612601947,35460.543564511885,4009622337.2106833,80173033.74647585
403245.55526503077,23323.824430117802,389262396.0388969,338249889.0931959,3461652856.5419827,243136514.9925283,306188327.283428,34577.8855066708,34515.580599277935,3902772745.174797,78036559.22901554
391495.0534124327,22702.28431599115,378889217.5413427,329236106.84233844,3369405715.9425335,238064991.7417379,299295662.33780783,33506.823336055415,33595.799284292516,3798770512.4057145,75957018.1111094
380089.9591738259,22097.307185119065,368792466.54677105,320462526.5045804,3279616804.2012115,233099102.8660656,292557470.8562547,32467.512709383525,32700.52857155418,3697539761.6385813,73932893.21482794
369020.13401845074,21508.451662265987,358964776.7340087,311922747.1088922,3192220613.714428,228236649.93540266,285970300.37838525,31459.06381076919,31829.115295345488,3599006637.608157,71962707.79244415
358275.7150589336,20935.28813409305,349398978.0817686,303610538.259197,3107153382.544419,223475480.25094503,279530775.4776991,30480.609858357253,30980.923695700538,3503099253.1659617,70045024.44903745
347847.1102802613,20377.398435723677,340088091.6375945,295519835.58884066,3024353047.900246,218813485.89415973,273235596.0444603,29531.3065821779,30155.33495457153,3409747636.83334,68178444.09380883
337724.99357980606,19834.375545661558,331025324.42620206,287644736.3361899,2943759200.8584247,214248602.79552513,267081535.60683042,28610.331710678474,29351.746744355474,3318883681.7521205,66361604.919341184
327900.2996506973,19305.823288838605,322204064.4935045,279979495.03813493,2865313042.290181,209778809.8226354,261065439.68940187,27716.884465944997,28569.572788452017,3230441095.9956627,64593181.40806088
318364.2187379174,18791.356047576097,313617876.0827065,272518519.3383514,2788957339.963166,205402127.88726526,255184224.20829943,26850.18506761467,27808.242433531548,3144355354.204026,62871883.36517525
309108.1912938847,18290.598480248365,305260494.9389479,265256365.9072673,2714636386.7863507,201116619.07100278,249434873.90203556,26009.4742454705,27067.200233201827,3060563650.507994,61196454.977381
300123.902557758,17803.18524744343,297125823.7390689,258187736.47075287,2642295960.1675997,196920385.76906136,243814440.79732063,25194.01276069999,26345.905542768916,2979004852.707567,59565673.89665598
291403.27708048944,17328.76074542115,289207927.64316607,251307473.9446419,2571883282.4543233,192811569.85189626,238320042.7090548,24403.080935792008,25643.832124797318,2899619457.6715474,57978350.348466724
282938.4732154802,16866.978846674097,281501029.9646896,244610558.67225888,2503346982.4282885,188788351.8442514,232948861.7737341,23635.978193036357,24960.467765180976,2822349547.92562,56433326.26374034
274721.8775928043,16417.502647402234,273999507.9559279,238092104.76221243,2436637057.8265615,184848950.12127924,227698143.01553282,22892.022601584984,24295.31389944564,2747138749.397322,54929474.433968425
266746.0995931185,15980.004221716761,266697888.70579907,231747356.5237773,2371704838.8611703,180991620.1213733,222565192.944329,22170.55043302511,23647.885249009345,2673932190.2870016,53465697.688825384
259003.9658357611,15554.164382394149,259590845.146961,225571684.99726984,2308502952.7109303,177214653.57537,217547378.1849657,21470.915725409588,23017.709467136126,2602676461.0348196,52040928.09570229
251488.51469400263,15139.672448005625,252673192.16932458,219560584.57688162,2246985288.959489,173516377.75177762,212642124.13705054,20792.489855682747,22404.326794324374,2533319575.3545523,50654126.1805716
244192.99084898285,14736.226016252222,245939882.83713457,213709669.72350886,2187106965.9543886,169895154.71769857,207846913.66461283,20134.66112043541,21807.289722878482,2465810932.3057733,49304280.16961446
237110.8398926114,14343.530743340189,239386004.7068611,208014671.76518103,2128824298.06262,166349380.6151218,203159285.81495652,19496.834324917174,21226.16267041926,2400101279.3767695,47990405.25105764
230235.70298849887,13961.300129235464,233006776.24320933,202471435.78274938,2072094763.7987258,162877484.95226046,198576834.5660534,18878.430380229496,20660.52166209443,2336142676.5511947,46711542.856680766
223561.4115988951,13589.255308640926,226797543.33063933,197075917.57856932,2016876974.8022654,159477929.90962753,194097207.60184667,18278.885908619235,20109.95402125793,2273888461.3323193,45466759.9624705
217081.9822846122,13227.124847543722,220753775.8778479,191824180.7259618,1963130645.6419723,156149209.66054013,189718105.11484006,17697.65285678822,19574.058068392063,2213293214.699321,44255148.407911226
210791.61158399322,12874.64454518414,214871064.51273265,186712393.69729984,1910816564.4245605,152889849.70575187,185437278.6353644,17134.198117130654,19052.442828052655,2154312727.970755,43075824.23341494
204684.67097614263,12531.557241301813,209145117.36543265,181736827.06862864,1859896564.1867805,149698406.22192177,181252529.8869298,16588.00315680753,18544.72774362387,2096903970.5510921,41927927.03540807
198755.70193286997,12197.612628518422,203571756.9370937,176893850.79877675,1810333495.0498126,146573465.42363045,177161709.66708085,16058.563654563975,18050.54239967419,2041025058.5367308,40810619.338603824
192999.41106309416,11872.567069720086,198146917.05207643,172179931.5809747,1762091197.1157055,143513642.93866226,173162716.75318742,15545.389145192972,17569.526251711155,1986635224.158619,39723085.98500248
187410.66535281928,11556.183420306168,192866639.89138225,167591630.26504776,1715134474.0860708,140517583.19627777,169253496.83261508,15048.002671546566,17101.328363137673,1933694786.0391686,38664533.539173745
181984.48750320642,11248.230855174923,187727073.10513428,163125599.34830403,1669429067.5838056,137583958.82820624,165432041.45673347,14565.940443993879,16645.607149218034,1882165120.2417824,37634189.709387414
176716.05136874004,10948.4847003196,182724467.00200474,158778580.5332849,1624941632.159084,134711470.08209407,161696387.01822993,14098.751507223014,16202.030127866723,1832008632.09185,36631302.78416976
171600.6774970011,10656.726268912298,177855171.81354055,154547402.35059842,1581639710.9614122,131898844.2471498,158044613.75121176,13645.997414282998,15770.273677078401,1783188728.7486825,35655141.08387499
166633.82877114494,10372.742701755828,173115635.03138843,150428977.84509885,1539491712.059964,129144835.09173177,154474844.75358626,13207.251907759686,15350.022798821805,1735669792.5083363,34704992.42687101
161811.1061557486,10096.326811987306,168502398.81547964,146420302.32372653,1498466885.3949502,126448222.31263117,150985245.0312257,12782.100607979732,14940.970889225593,1689417154.81789,33780163.60995073
157128.2445463929,9827.27693392017,164012097.47128204,142518451.163364,1458535300.3431983,123807810.99580674,147574020.56343037,12370.140708134237,14542.81951488834,1644397070.982191,32879979.90258951
152581.10872297187,9565.396775914189,159641454.99427816,138720577.6771081,1419667823.8815565,121222431.0883322,144239417.38921484,11970.980676214333,14155.278195149405,1600576695.5446174,32003784.554679558
148165.68940647776,9310.495277166345,155387282.67988,135023911.03740335,1381836099.3322198,118690936.8813252,140979720.7139551,11584.239963649441,13778.064190161995,1557924058.32391,31150938.3173826
143878.09941873504,9062.38646831795,151246476.79703468,131425754.25451976,1345012525.6744528,116212206.50362743,137793254.03594235,11209.548720539184,13410.902294613703,1516408041.0895782,30320818.97675093
139714.56994432956,8820.889335776306,147216016.32382452,127923482.20890038,1309170237.4076114,113785141.42601359,134678378.29239926,10846.547517368881,13053.524636943968,1475998354.8588612,29512820.89977654
135671.44689379237,8585.82768965204,143292960.7434101,124514539.73594438,1274283084.9507952,111408665.9757102,131633491.0245271,10494.887073099404,12705.670483912167,1436665517.7986965,28726354.592537507
131745.18736689727,8357.030035215606,139474447.89870697,121196439.76182637,1240325615.564803,109081726.8610091,128657025.56115805,10154.227989521401,12367.086050373513,1398380833.7165532,27960846.270118773
127932.35621480431,8134.329447779335,135757691.9042324,117966761.48899399,1207273054.782495,106803292.7057672,125747450.22059973,9824.240491764338,12037.524314124226,1361116371.124459,27215737.437994055
124229.62269960954,7917.563450913572,132139981.11359683,114823148.63001785,1175101288.3339963,104572353.59358509,122903267.5302652,9504.604174851012,11716.744835680634,1324844942.8609223,26490484.484562937
120633.75724978354,7706.573897908218,128618676.14115903,111763307.68850707,1143786844.5535684,102387920.62146479,120123013.46369395,9195.00775618857,11404.513582860956,1289540086.255905,25784558.28454641
117141.62830983925,7501.206856393102,125191207.93640071,108785006.28583546,1113306877.255307,100249025.46274914,117405256.69457541,8895.14883388751,11100.602760041644,1255176043.824364,25097443.8129511
113750.19928252437,7301.312496032978,121855075.90961495,105886071.53245695,1083639149.0651681,98154719.93914892,114748597.86739662,8604.733650800525,10804.790641963713,1221727744.474269,24428639.76932067
110456.52556171911,7106.744979215336,118607846.10754293,103064388.44262357,1054762015.1971753,96104075.60167052,112151668.88434356,8323.476864174017,10516.861411967928,1189170785.2154055,23777658.21200041
107257.75165420241,6917.362354651129,115447149.43762611,100317898.3913478,1026654407.6619563,94096183.32025726,109613132.20809482,8051.101320805431,10236.605004540681,1157481413.3555982,23144024.202147916
104151.10838836493,6733.026453810892,112370679.93957919,97644597.61248451,999295819.8960981,92130152.88196455,107131680.18015245,7787.337837600652,9963.816952055775,1126636509.1713798,22527275.45723034
101133.91020793834,6553.6027901206635,109376193.10302298,95042535.73683661,972666291.801105,90205112.5974907,104706034.3543651,7531.924987426316,9698.298235600296,1096613569.0404546,21926962.013755374
98203.5525487605,6378.960460844146,106461504.22994919,92509814.36921735,946746395.1810399,88320208.91588998,102334944.84530433,7284.608890153041,9439.855139775687,1067390689.0236549,21342645.898989826
95357.50929659208,6208.97205157955,103624486.8408227,90044585.70343168,921517219.5682288,86474606.04729752,100017189.69116317,7045.1430087863,9188.299111368146,1038946548.884407,20773900.811426338
92593.33032397847,6043.513543301434,100863071.12315878,87645051.174166,896960358.4266864,84667485.59349994,97751574.23085415,6813.287950582861,8943.446621785211,1011260396.5340548,20220311.809765153
89908.63910414981,5882.464221879725,98175242.4214429,85309460.1448027,873057895.7231979,82898046.1861881,95536930.49498986,6588.81127305172,8705.11903315819,984312032.8916878,19681475.010183975
87301.1303999551,5725.706590009893,95559039.76729155,83036108.63020228,849792392.8562558,81165503.13273238,93372116.61043684,6371.48729473956,8473.142468012702,958081797.1474274,19156997.291675072
84768.56802582656,5573.126281490031,93012554.44878173,80823338.05352081,827146875.9333191,79469088.06932418,91256016.21814093,6161.096910701919,8247.347682412295,932550552.4184227,18646496.009234596
82308.78268079022,5424.61197778233,90533928.61790566,78669534.03615668,805104823.3871144,77808048.62133065,89187537.90392788,5957.427412562549,8027.569942482578,907699671.7870895,18149598.714695
79919.66985054762,5280.05532679803,88121353.93513428,76573125.21994284,783650153.9219398,76181648.07071213,87165614.64199074,5760.272313064391,7813.648904225772,883511024.7114084,17665942.884996776
77599.18777668016,5139.3508638466055,85773070.25010051,74532582.12072535,762767214.7811762,74589165.03035581,85189203.2507808,5569.431175017135,7605.428496537962,859966963.7973593,17195175.657701183
75345.35549104778,5002.395934691533,83487364.31744048,72546416.01249264,742440770.3274539,73029893.12518193,83257283.86102635,5384.709444547544,7402.756807343788,837050311.9238542,16736953.573551262
73156.25091347405,4869.090620656498,81262568.54685539,70613177.84124061,722655990.9271368,71503140.67988148,81368859.39560878,5205.918288559781,7205.485972765436,814744349.7107664,16290942.325893067
71030.00901085748,4739.337665727377,79097059.78648175,68731457.16778125,703398442.1310158,70008230.4131475,79522955.06103209,5032.874436314612,7013.472069245071,793032803.3209144,15856816.516774422
68964.82001585535,4613.042405596828,76989258.13868292,66899881.13872352,684654074.143316,68544499.13826491,77718617.85022704,4865.400025037509,6826.575008542032,771899832.5871016,15434259.419543186
66958.92770334218,4490.112698599748,74937625.80739799,65117113.48487648,666409211.5713438,67111297.46992731,75954916.05643854,4703.322449467016,6644.6584355282,751330019.455555,15022962.747771991
65010.6277228631,4370.458858489141,72940665.9762064,63381853.54634232,648650543.4482785,65707989.5371499,74230938.79794781,4546.4742152562,6467.589628706886,731308356.7373185,14622626.430340564
63118.26598535149,4253.993589003425,70996921.71629061,61692835.32358966,631365113.5218484,64333952.702153414,72545795.55338946,4394.692796141249,6295.239403382773,711820237.1594095,14232958.392511854
61280.23710240841,4140.631920177406,69104974.9234995,60048826.55381404,614540310.8017924,62988577.28509364,70898615.70742665,4247.820494792752,6127.4820174122015,692851442.7077407,13853674.342842089
59494.982876484006,4030.291146350439,67263445.28373732,58448627.81191155,598163860.3592162,61671266.29451562,69288548.1065535,4105.704307266526,5964.19507946503,674388134.2540332,13484497.565769255
57760.99084034044,3922.8907658265816,65470989.26592315,56891071.635410264,582223814.3711308,60381435.16341321,67714760.62479961,3968.1957909722087,5805.259459731179,656416841.459158,13125158.719728796
56076.792844213865,3818.3524221426965,63726299.14178636,55375021.67272059,566708543.4036388,59118511.49077782,66176439.739115916,3835.1509360793066,5650.559203006689,638924452.9455336,12775395.640649168
54440.96368913142,3716.599846901659,62028102.03178289,53899371.85408344,551606727.9274081,57881934.788521595,64672790.114225894,3706.4300402816434,5499.981444095888,621898206.7314146,12434953.150683897
52852.1198048838,3617.558804128952,60375158.97643594,52463045.58461094,536907350.0592432,56671156.233663835,63203034.196731634,3581.897586842647,5353.416325467929,605325680.9200865,12103582.872040585
51308.91797118923,3521.1570361120935,58766264.03242444,51064994.95883174,522599685.52373326,55485638.42567125,61766411.81826876,3461.4221258452426,5210.756917107687,589194784.6371839,11781043.045771133
49810.05408062671,3427.324210683306,57200243.392758496,49704199.996166684,508673295.8291026,54324855.14884402,60362179.8075076,3344.876158571439,5071.899138502425,573493749.2095062,11467098.355390763
48354.26194195608,3335.991869907047,55675954.53040112,48379667.89677823,495118020.65156585,53188291.13964399,58989611.61080482,3232.1360249381955,4936.7416827074385,558211119.5789075,11161519.7551974
46940.31212248232,3247.0933801349242,54192285.36471099,47090432.31725019,481923970.42262644,52075441.85886143,57647996.92131222,3123.081793917346,4805.185942435203,543335745.9449922,10864084.303166034
45567.01082815809,3160.5638833915455,52748153.450097814,45835552.66556907,469081519.11390924,50985813.26851981,56336641.316353776,3017.59715686885,4677.135938114108,528856775.6305152,10574574.99829611
44233.1988201619,3076.3402500558777,51342505.18629899,44614113.41489333,456581297.21426743,49918921.6134204,55054865.90288777,2915.569323717943,4552.498247864328,514763645.1635586,10292780.622293403
42937.750366720065,2994.3610328035343,49974315.04970057,43425223.43560908,444414184.8940339,48874293.20722983,53802006.97087275,2816.888921907961,4431.181939339676,501046072.5707009,10018495.585470714
41679.57222898859,2914.566421776455,48642584.8451427,42268015.34518581,432571305.3514378,47851464.22301653,52577415.65436232,2721.449898062219,4313.098503385804,487694049.8755645,9751519.776755132
40457.602679835414,2836.898200947223,47346342.97766298,41141644.87535712,421044018.33632594,46849980.48814333,51380457.600155696,2629.1494222893275,4198.16178946627,474697835.7972624,9491658.417692328
39270.81055441065,2761.299705646188,46084643.74364643,40045290.25616492,409823913.8464646,45869397.28342549,50210512.64383606,2539.887795067799,4086.2879428093897,462047948.6434165,9238721.92034133
38118.19433142211,2687.7157812204387,44856566.6408654,38978151.616418004,398902805.99182624,44909279.14646585,49066974.49303211,2453.5683566470875,3977.3953432300286,449735159.39256865,8992525.748956224
36998.78124406917,2616.0927427944334,43661215.69690565,37939450.40012731,388272727.0223823,43969199.679080054,47949250.41774196,2370.097398903393,3871.4045455816913,437750484.9609317,8752890.285353791
35911.62641962294,2546.378336102933,42497718.81548849,36928428.79849202,377925921.51504284,43048741.35872649,46856760.947561465,2289.38407958985,3768.238221795435,426085181.64856905,8519640.697868817
34855.81204667356,2478.5216993676922,41365227.14021277,35944349.197022624,367854840.71550816,42147495.35385839,45788939.57566421,2211.3403389220207,3667.8211044633913,414730738.7602255,8292606.813801602
33830.446569097854,2412.4733261900433,40262914.435251586,34986493.63739677,358052137.0308962,41265061.343115754,44745232.46938143,2135.880818440761,3570.0799319256416,403678872.39614826,8071622.995264444
32834.663905831796,2348.185029432355,39189976.48255276,34054163.2936561,348510658.6691356,40401047.33827788,43725098.18723598,2062.9227820957763,3474.943394820475,392921519.40837544,7856528.018336658
31867.622695563306,2285.609906061967,38145630.495102555,33146677.962361325,339223444.42120725,39555069.51089779,42728007.40228564,1992.386039494381,3382.3420840589592,382450831.51807624,7647164.955439879
30928.505565493106,2224.702302931995,37129114.54582521,32263375.566333923,330183718.582432,38726752.022542514,41753442.63163588,1924.1928712611636,3292.2084401859256,372259169.5896565,7443381.060847878
30016.518423335267,2165.4177834740003,36139687.01170117,31403611.671622217,321384886.0090962,37915726.85856378,40800897.97198404,1858.2679564553998,3204.476704090383,362339098.05744773,7245027.659247343
29130.889771763646,2107.713095278252,35176626.03269855,30566759.01733945,312820527.3068099,37121633.665325895,39869878.84106097,1794.538301994234,3119.08286902941,352683379.50091594,7051960.037268307
28270.87004453387,2051.5461385379226,34239228.985123396,29752207.058031,304484394.1470882,36344119.59081918,38959901.72483845,1732.9331740307505,3035.9646339305536,343284969.364433,6864037.337905142
27435.73096353864,1996.8759353341795,33326811.96900393,28959361.518236514,296370404.7087356,35582839.128587894,38070493.93037391,1673.3840312371956,2955.0613579386,334137010.817754,6681122.457751002
26624.764916079894,1943.6625997397957,32438709.309135504,28187643.958922487,288472639.2407121,34837453.96490461,37201193.34416717,1615.8244599447041,2876.314016173641,325232829.75345874,6503081.946970856
25837.28435166735,1891.867308719425,31574273.069421463,27436491.35546835,280785335.74323916,34107632.829122625,36351548.195905894,1560.1901110919612,2799.6651566680716,316565929.917698,6329785.911939999
25072.621197675922,1841.4522738053581,30732872.580156367,26705355.68689881,273302885.7639987,33393051.347141203,35521116.82748002,1506.4186389362742,2725.0588584511756,308129988.17070115,6161107.920477147
24330.126293218873,1792.3807135280554,29913893.977906033,25993703.536062248,266019830.3063548,32693391.897918135,34709467.4671476,1454.4496414816244,2652.440690750665,299918849.87358046,5996924.909602862
23609.168840616923,1744.616826581363,29116739.75764909,25301015.70046371,258930855.84661478,32008343.472966723,33916178.00873738,1404.224602579242,2581.7576732814314,291926524.39807016,5837117.095756069
22909.13587386502,1698.1257657028377,28340828.33685327,24626786.81346866,252030790.45742416,31337601.538775135,33140835.795775663,1355.6868356573175,2512.958237592549,284147180.755924,5681567.887403171
22229.43174351911,1652.8736122501023,27585593.631168142,23970524.975600816,245314600.03446501,30680867.90208698,32383037.410427976,1308.7814290373763,2445.9921894442905,276575143.3447801,5530163.799975942
21569.477617448796,1608.827351454712,26850484.64142511,23331751.395665433,238777384.62370807,30037850.577984106,31642388.46714812,1263.4551927959183,2380.810672187756,269204887.80739343,5382794.373076223
20928.71099691728,1565.9548483354542,26134965.051643018,22710000.04143594,232414374.84653598,29408263.660712976,30918503.410929598,1219.6566071308112,2317.3661311203514,262031037.00121087,5239352.089886937
20306.585247473948,1524.2248242535206,25438512.83774628,22104817.299649235,226220928.42013186,28791827.19719768,30211005.320057113,1177.3357721928878,2255.612278791147,255048357.07535124,5099732.298730689
19702.569144160218,1483.6068340924444,24760619.88670999,21515761.645061497,220192526.77059272,28188267.063183848,29519525.71325758,1136.4443593441372,2195.504061230781,248251753.65212673,4963833.136718674
19116.146430548844,1444.071244046149,24100791.625854112,20942403.318323057,214324771.73629794,27597314.841958515,28843704.361152727,1096.935563804777,2136.9976250812774,241636268.11031985,4831555.455434214
18546.815391153923,1405.5892099989173,23458546.6620165,20384324.0124375,208613382.35912824,27018707.70559263,28183189.101917565,1058.7640586523912,2080.050285601811,235197073.96750638,4702802.748596735
17994.08843676546,1368.1326564814835,22833416.430341117,19841116.56757588,203054191.7611913,26452188.29865349,27537635.661050588,1021.8859501371633,2024.620495527044,228929473.3587805,4577481.081653316
17457.491702278796,1331.6742561879255,22224944.852425717,19312384.674023848,197643144.10477966,25897504.624336038,26906707.47516467,986.2587342781628,1970.6678147553564,222828893.60931906,4455499.023246567
16936.564656603732,1296.1874100383816,21632688.003579017,18797742.583044518,192376291.6333381,25354409.93296236,26290075.519708294,951.8412547063874,1918.1528808448127,216890883.8982782,4336767.578508716
16430.85972425519,1261.6462277730718,21056213.788945135,18296814.825446494,187249791.7912861,24822662.612800505,25687418.140530296,918.5936617211787,1867.037380295376,211111112.01159343,4221200.124133334
15939.941918239985,1228.0255090634523,20495101.628258623,17809235.93765151,182259904.4205913,24302026.083154112,25098420.889201846,886.4773725273819,1817.2840205963955,205485361.18131125,4108712.3451772635
15463.388483868139,1195.3007251267265,19948942.149000328,17334650.195061937,177402989.0320495,23792268.68967585,24522776.36201234,855.4550326214263,1768.856503018983,200009527.00914747,3999222.173546687
15000.788553132366,1163.448000830294,19417336.88773001,16872711.352533527,172675502.14928046,23293163.60185816,23960184.04255702,825.4904782952925,1721.719496133421,194679614.47202688,3892649.728122413
14551.742809310152,1132.4440972730922,18899897.999378104,16423082.391764224,168073994.72350204,22804488.71265637,23410350.1478365,796.5487002280747,1675.8386100322978,189491735.00742128,3788917.256480753
14115.863161456633,1102.2663948311083,18396247.97428416,15985435.275414487,163595109.61719528,22326026.540199447,22872987.47778975,768.5958081356099,1631.1803712405358,184442103.6763568,3687949.078167399
13692.772428468163,1072.8928766547053,17906019.362775918,15559450.70778005,159235579.1548268,21857564.131545343,22347815.26818416,741.5989964493515,1587.7121982940434,179527036.40202376,3589671.5294829938
13282.104032407642,1044.3021126057122,17428854.507087726,15144817.901842194,154992222.7388389,21398892.96843814,21834559.046787705,715.5265109964081,1545.4023779691363,174742947.28197157,3494012.909740039
12883.501700793995,1016.473243622566,16964405.280423004,14741234.352525845,150861944.52917078,20949808.875025522,21332950.492750183,690.3476166533457,1504.220042145419,170086345.97193012,3400903.4289519936
12496.619177569248,989.3859665020926,16512332.832970105,14348405.615999874,146841731.18461522,20510111.92749574,20842727.299121942,666.0325659470394,1464.1351452852196,165553835.1393468,3310275.156916339
12121.119942466055,963.020519086833,16072307.344686592,13966045.094858743,142928649.6643656,20079606.365594205,20363633.038440138,642.5525685765484,1425.1184425131682,161142107.98478365,3222061.9736545226
11756.676938509221,937.3576658470946,15644007.784671225,13593873.829028621,139119845.08814672,19658100.505980574,19895417.03131421,619.8797618306166,1387.1414682799095,156847945.82936367,3136199.521172571
11402.972307393818,912.3786838472226,15227121.676948387,13231620.292245548,135412538.65337047,19245406.657388,19437834.217943627,597.9871818760608,1350.1765155943976,152668215.7665088,3052625.15650721
11059.69713249196,888.0653490858417,14821344.87249389,12879020.193957064,131804025.60779482,18841341.03754731,18990645.03250267,576.8487358929374,1314.1966158096077,148599868.37625408,2971277.90602322
10726.551189248557,864.3999232001116,14426381.327335969,12535816.286502896,128291673.2762091,18445723.691839058,18553615.28032824,556.439175032975,1279.1755189469338,144639935.5004725,2892098.4209287027
10403.242702735377,841.3651405242863,14041942.88656943,12201758.17743384,124872919.13970356,18058378.413637828,18126516.0178482,536.7340681783811,1245.0876745448963,140785528.077385,2815028.9339757664
10089.48811214066,818.9441954931455,13667749.074125513,11876602.146832142,121545268.96612404,17679132.666313387,17709123.435189266,517.7097764786962,1211.908213018208,137033834.0337784,2740013.217315088
9785.011841979438,797.1207303810994,13303526.888144009,11560110.969499886,118306294.99034639,17307817.506854404,17301218.741404578,499.34342864397297,1179.612927513585,133382116.23339123,2666996.5414735638
9489.546079816646,775.8788233680273,12949010.601798335,11252053.741885806,115153634.14304344,16944267.511080783,16902588.052262668,481.61289697307643,1148.1782562490682,129827710.47997181,2595925.6354251397
9202.830560303699,755.20297692314,12603941.56942831,10952205.713624185,112084986.32665248,16588320.700411795,16513022.280540625,464.4967740964875,1117.5812653239743,126368023.57355148,2526748.647725686
8924.61235533431,735.0781064983964,12268068.037839198,10660348.123562997,109098112.73728551,16239818.47015757,16132317.028765775,447.9743504135145,1087.7996319869344,123000531.41851526,2459415.108683571
8654.645670133874,715.4895295232133,11941144.9626292,10376268.04016152,106190834.23135684,15898605.51930209,15760272.484351046,432.025592204317,1058.8116283498018,119722777.18208803,2393875.8935383004
8392.691645101582,696.4229546924563,11622933.829411633,10099758.206141213,103361029.73573846,15564529.781747041,15396693.317070961,416.6311203977122,1030.5961055355688,116532369.50189534,2330083.1866204105
8138.51816323196,677.864471539881,11313202.479801126,9830616.88727626,100606634.70028098,15237442.358985782,15041388.578825789,401.77218997616353,1003.1324782487029,113426980.74128844,2267990.4464664194
7891.899662947242,659.800540289427,11011724.942037042,9568647.725213658,97925639.59157288,14917197.454177873,14694171.605643047,387.43066999990475,976.4007097566642,110404345.29116267,2207552.371863411
7652.616956178657,642.2179819769589,10718281.266120538,9313659.594215412,95316088.42683862,14603652.307595091,14354859.921866419,373.58902423258075,950.3812972716411,107462257.91702956,2148724.8687984855
7420.457051539762,625.1039688352415,10432657.36334481,9065466.461718222,92776077.34690513,14296667.133410139,14023275.14648317,360.2302923512756,925.0552577218285,104598572.15013579,2091465.0182889253
7195.212982440329,608.4460149351439,10154644.850101728,8823887.252609113,90303753.227197,13996105.057800496,13699242.901542658,347.33807172424554,900.404113901888,101811198.721457,2035731.0450696535
6976.683639994272,592.2319670762358,9884040.895850645,8588745.717117812,87897312.32574601,13701832.058339747,13382592.722619051,334.8964997401243,876.409880992467,99098104.03742252,1981482.2871151085
6764.673610580222,576.4499959201378,9620648.075138673,8359870.3022296345,85554998.96722901,13413716.904649809,13073157.971272899,322.89023667277957,853.0550534389554,96457308.6962597,1928679.1659733136
6558.993017917822,561.0885873601477,9364274.223564284,8137094.026524936,83275104.26207368,13131631.10028772,12770775.749466756,311.3044490664572,830.3225921798951,93886886.04387477,1877283.1578904865
6359.4573695275685,546.1365341208568,9114732.297579287,7920254.358353924,81055964.85969834,12855448.82584137,12475286.815891527,300.1247936262248,808.1959122157366,91384960.76821738,1827256.7657051368
6165.887407446203,531.5829275816186,8871840.23802683,7709193.097257881,78895961.73497547,12585046.883209044,12186535.504160738,289.33740159915436,786.6588705088625,88949707.5311028,1778563.491491131
5978.108963073807,517.4171498179077,8635420.837315846,7503756.258550299,76793519.00703382,12320304.641038071,11904369.642831182,278.9288636320628,765.695754206055,86579349.63649337,1731167.8099297725
5795.952816033079,503.62886585476656,8405301.610135147,7303793.9609737685,74747102.78953795,12061103.981298618,11628640.477209223,268.88621509201823,745.2912691748184,84272157.7342687,1685035.1423914793
5619.2545569249,490.208016126682,8181314.667612712,7109160.317350593,72755220.0716054,11807329.246968895,11359202.592902888,259.19692183619117,725.4305288451862,82026448.55853766,1640131.8317081337
5447.854453867953,477.14480913839117,7963296.594828391,6919713.328147352,70816417.62854536,11558867.190808652,11095913.841080789,249.84886641798903,706.099043348872,79840583.69957204,1596425.1176176993
5281.597322714165,464.42971432127075,7751088.331590788,6735314.777875863,68929280.96162504,11315606.92519851,10838635.265399996,240.83033471677894,687.2827089478518,77712968.40846688,1553883.1128632175
5120.332400834718,452.0534550800847,7544535.056391131,6555830.134254805,67092433.26608871,11077439.87302271,10587231.030565385,232.13000297883877,668.9677977446484,75642050.43365365,1512474.7799287038
4963.913224375017,440.00700202502685,7343486.073449605,6381128.450058534,65304534.42667744,10844259.719573742,10341568.352484247,223.73692525752048,651.1409476668214,73626318.88841882,1472169.9083949993
4812.197508880211,428.2815663841199,7147794.702771753,6211082.267581497,63564280.039916925,10615962.365457598,10101517.42998061,215.64052124093604,633.7891527183579,71664303.14860125,1432939.0928990596
4665.047033195687,416.8685935911593,6957318.173134621,6045567.525648453,61870400.46245912,10392445.880478758,9866951.378034325,207.83056445580254,616.8997534908398,69754571.77966368,1394753.7116805767
4522.327526550411,405.7597570445297,6771917.5179246785,5884463.469102742,60221659.884784296,10173610.458484594,9637746.16251107,200.29717083638715,600.4604279274779,67895731.49235627,1357585.905700306
4383.908558733292,394.9469520323377,6591457.473751469,5727652.560706541,58616855.42958729,9959358.37314921,9413780.536349963,193.03078764780614,584.4591823332662,66086426.12620971,1321408.5583148517
4249.663433276046,384.4222898194302,6415806.381763048,5575020.395388817,57054816.274190225,9749593.934677243,9194935.977176292,186.02218275322616,568.8843426247018,64325335.66011676,1286195.2754930863
4119.469083558332,374.1780918919813,6244836.091591157,5426455.616778415,55534402.79634122,9544223.447408332,8981096.626307484,179.26243421480208,553.7245458126816,62611175.24927963,1251920.3665597625
3993.2059717537154,364.20688435545367,6078421.867856141,5281849.835961419,54054505.74277642,9343155.168303745,8772149.229121422,172.7429202184777,538.968731712369,60942694.28782159,1218558.8254522814
3870.757990537382,354.5013924818445,5916442.299163338,5141097.552403493,52614045.41993843,9146299.266296659,8567983.076756598,166.4553093130415,524.6061348739781,59318675.49637821,1186086.312476938
3752.01236747898,345.05453540223505,5758779.209524517,5004096.076979464,51211970.9062602,8953567.782488123,8368489.9491143515,160.39155095409873,510.6262767285843,57737934.03400239,1154479.136551319
3636.859572046301,335.85942094077956,5605317.572139863,4870745.4570541,49847259.285441026,8764874.591171276,8173564.059134332,154.5438663438913,497.01895794324264,56199316.63373628,1123714.2379199273
3525.193225147622,326.9093405863552,5455945.425477452,4740948.403559303,48518914.90015374,8580135.361666389,7983101.998314601,148.90473955813863,483.77425097982336,54701700.76121809,1093769.1713303928
3416.910011142814,318.1977645982107,5310553.791589092,4614610.220014593,47225968.625639595,8399267.520949991,7797002.683448713,143.46690895132946,470.88249285214414,53243993.79571091,1064622.0896580124
3311.9095922553715,309.71833724204197,5169036.59660293,4491638.733439078,45967477.162660696,8222190.217061562,7615167.30455261,138.22335883213495,458.33427807611275,51825132.2329557,1036251.7279666705
3210.0945253193913,301.46487215301653,5031290.593334751,4371944.227104496,44742522.349293925,8048824.283271571,7437499.273954792,133.16731140084275,446.1204518077359,50444080.90926687,1008637.3879945063
3111.3701807976813,293.43134782236655,4897215.285961594,4255439.375080273,43550210.491064355,7879092.20299503,7263904.1765238,128.29221894094886,434.2321031639878,49099832.24630431,981758.9230530113
3015.644664008896,285.6119032042555,4766712.856702655,4142039.178522838,42389671.7089295,7712918.075435114,7094289.721007631,123.59175625726016,422.6605587216667,47791405.51597098,955596.7233285406
2922.8287385034114,278.0008334397158,4639688.094454049,4031660.903662743,41260059.30463882,7550227.581941598,6928565.692460358,119.05981335308252,411.39737618949687,46517846.1248999,930131.7015755161
2832.835751529476,270.5925856945345,4516048.325325309,3924224.0214442876,40160549.143005,7390947.953069268,6766643.905731584,114.69048833927769,400.4343382488562,45278224.91800805,905345.2791908771
2745.5815615327915,263.38175510805337,4395703.345026981,3819650.1487736665,39090339.05063695,7235007.936321762,6608438.159995117,110.4780805681798,389.76344655863903,44071637.50060958,881219.3726596262
2660.984467634377,256.3630808499266,4278565.353059976,3717862.991332752,38048648.23069539,7082337.764566566,6453864.194293649,106.41708398556042,379.37691591988016,42897203.57859352,857736.3803615783
2578.965141033008,249.53144228195794,4164548.8886586544,3618788.287916777,37034716.6932442,6932869.125107198,6302839.644076738,102.50218069403024,369.26716859587896,41754066.31618453,834879.1697296846
2499.4465582802595,242.88185522221954,4053570.768440917,3522353.756255337,36047804.70078192,6786535.129398934,6155283.998709999,98.7282347214489,359.4268287836847,40641391.71081823,812631.0647505668
2422.3539363774817,236.4094683087262,3945550.0257198447,3428489.040277181,35087192.228549115,6643270.283394707,6011118.559933815,95.09028598810816,349.84871723290837,39558367.98467538,790975.8337981455
2347.614669645501,230.10955946000905,3840407.851432525,3337125.6587802703,34152178.43921724,6503010.458507983,5870266.401250314,91.58354446662125,340.5258460079296,38504204.99243,769897.6777914708
2275.1582683193205,223.9775324300112,3738067.5366430697,3248196.955469723,33242081.17157641,6365692.863179885,5732652.328218011,88.20338452863987,331.45141338968625,37478133.644780524,749381.2186681358
2204.916298821309,218.00891345478877,3638454.4165778127,3161638.0503271525,32356236.442848746,6231256.015037958,5598202.8396338,84.94533947267989,322.6187989133207,36479405.34734266,729411.4881648517
2136.822325667707,212.19934798857201,3541495.816151881,3077385.792275939,31493997.96426424,6099639.713634262,5466846.089582511,81.80509622750729,314.0215585380648,35507291.4544949,709973.9168970002
2070.811854964574,206.5445975268033,3447120.9969473695,2995378.713107864,30654736.66954548,5970785.013750708,5338511.8503346555,78.77849022569515,305.65341994583844,34561082.73777785,691054.3237291962
2006.8222794504711,201.04053651383836,3355261.10560449,2915556.9826375586,29837840.25595782,5844634.199259953,5213131.476073485,75.86150044212265,297.50827796513386,33640088.868460245,672638.9054291116
1944.7928250443147,195.68314933304902,3265849.123587971,2837862.3650519745,29042712.737589374,5721130.757530132,5090637.867432784,73.05024459233402,289.5801901168436,32743637.91389319,654714.2265969992
1884.664498858131,190.4685273771371,3178819.8182921303,2762238.176423093,28268774.010535687,5600219.354362292,4970965.436827392,70.34097448582902,281.8633722787866,31871075.847286157,637267.2098635865
1826.380038635324,185.3928661965182,3094109.695448896,2688629.2433528355,27515459.42967131,5481845.809449297,4854050.074558702,67.7300715294972,274.3521944657665,31021766.07054638,620285.1263491729
1769.8838635763254,180.452462723696,3011656.952804067,2616981.8627200136,26782219.39669964,5365957.072345451,4739829.115677835,65.21404237655052,267.0411767220831,30195088.949833717,603755.5863769765
1715.1220265144852,175.64371257160286,2931401.4350280436,2547243.7624999643,26068518.95918071,5252501.19893618,4628241.30758966,62.78951471644494,259.92498512350306,29390441.363492347,587666.530433956
1662.0421674060062,170.9631074039352,2853284.5898280917,2479364.0636282717,25373837.42024408,5141427.328397384,4519226.778381044,60.45323320141322,252.99842788577072,28607236.262029257,572006.2203725117
1610.5934680987775,166.40723237556392,2777249.4252301464,2413293.242880747,24697667.958702214,5032685.660634254,4412727.005857206,58.20205550536177,246.25645157681973,27844902.239818472,556763.2308466429
1560.7266083458944,161.97276364115467,2703240.4679989847,2348983.096742608,24039517.25928725,4926227.4341896,4308684.78727036,56.032948511009465,239.69413742992373,27102883.118218746,541926.4409763206
1512.3937230305585,157.6564659301783,2631203.723166423,2286386.7062404696,23398905.152741242,4822004.904611925,4207044.209725227,53.94298462126686,233.3066977550946,26380637.53980038,527485.0262339885
1465.5483605699424,153.4551901865436,2561086.6346380264,2225458.40271151,22775364.265497472,4719971.323273653,4107750.621246264,51.92933819097536,227.08947244611113,25677638.573385216,513428.4505472746
1420.1454424665285,149.3658712711298,2492838.0468495823,2166153.7344848323,22168439.678697117,4620080.916630204,4010750.602491874,49.98928207523936,221.03792558062983,24993373.329611726,499746.4586121549
1376.141223976155,145.3855257255423,2426408.1674453528,2108429.4344506986,21577688.596292503,4522288.865910668,3915991.9391011447,48.120184290696244,215.14764211089573,24327342.586744465,486429.0684109536
1333.4932558629766,141.5112495954609,2361748.5309509025,2052243.3884940052,21002680.02199494,4426551.287231173,3823423.5946590025,46.31950478618044,209.41432464264176,23679060.42645526,473466.56392973074
1292.1603472122042,137.74021631199162,2298811.9634139696,1997554.6047689342,20442994.444831196,4332825.212122112,3732995.684265964,44.58479231933995,203.83379029982314,23048053.879309997,460849.48806973407
1252.1025292723475,134.06967462947765,2237552.5479876115,1944323.1837924034,19898223.53307954,4241068.568460631,3644659.448699026,42.91368143587066,198.4019676729033,22433862.579702824,448568.63574775384
1213.2810202993976,130.49694661826328,2177925.5914304885,1892510.2893344546,19367969.8363617,4151240.161799961,3558367.229150447,41.30388954813022,193.11489384846084,21836038.429985557,436615.047180337
1175.6581913761224,127.01942571094753,2119887.5914998637,1842078.120084376,18851846.49567365,4063299.6570872976,3474072.4425315596,39.753214109992925,187.96871151795335,21254145.273547538,424980.0013469675
1139.1975331803696,123.63457480070237,2063396.2052135274,1792989.882071874,18349476.961143598,3977207.560762214,3391729.5573290014,38.25952988490039,182.95966616352834,20687758.57660745,413655.0096274427
1103.8636236769337,120.33992439026619,2008410.2179574724,1745209.7618231615,17860494.71731113,3892925.2032276113,3311294.0700009833,36.8207863041541,178.08410331882556,20136465.118484627,402631.80960879964
1069.6220967082568,117.13307079026497,1954889.5134168176,1698702.9002324077,17384543.015727334,3810414.7216855325,3232722.4819016224,35.43500491258729,173.33846590277645,19599862.69012433,391902.3590572798
1036.4396114598342,114.01167436554411,1902795.0443080075,1653435.3671294588,16921274.614680625,3729639.043330189,3155972.276721471,34.10027689883679,168.7192916244522,19077559.800656684,381458.83005092916
1004.2838227768693,110.9734578282328,1852088.8038909493,1609374.1365252857,16470351.525858365,3650561.8688908103,3081001.898432759,32.81476070752259,164.223210457068,18569175.39177533,371293.60326855315
973.1233523093246,108.01620457629515,1802733.7982403063,1566487.0625170995,16031444.76775959,3573147.656517012,3007770.7297280766,31.576679730723416,159.84694217930107,18074338.55972739,361399.26243086293
942.9277604631034,105.13775707635658,1754694.0192557157,1524742.8558355588,15604234.125678875,3497361.6059995764,2936239.070941472,30.384320076215683,155.58729398212853,17592688.284712005,351768.58888975566
913.6675191357164,102.33601528962467,1707934.4183912335,1484111.0610169482,15188407.918086188,3423169.6433196613,2866368.1194412056,29.23602841002107,151.44115813943895,17123873.16748985,342394.5563617802
885.3139852152935,98.94265474362095,1659281.7331146377,1441169.8532623001,14763220.495142682,3350538.405519599,2798119.9494836144,28.130209870882545,144.57294131367698,16739504.8863463,330785.3958605848
857.8393748224296,95.43939177820778,1610886.4593943297,1398277.2337281785,14343256.288523387,3279435.225888594,2731457.4925177945,27.065326054360643,137.13588022653337,16386754.773211502,318713.4106994244
831.2167382748288,92.05936978656571,1563819.25445769,1356598.4260671793,13935426.772743445,3209828.1194567904,2666344.517931054,26.039893064314462,130.1267691446874,16039900.717856942,307047.88835997414
805.4199357552699,88.79827829039723,1518046.9630705118,1316101.5994588102,13539359.251532784,3141685.7687912695,2602745.614225269,25.05247962959788,123.51818030434565,15698917.438025847,295776.26965144847
780.4236136638999,85.65195681764466,1473537.1260218981,1276755.655206769,13154694.15986461,3074977.510087697,2540626.170614521,24.101705283870047,117.28462329797598,15363775.758972937,284886.35687178624
756.203181636391,82.61638970418934,1430257.9709650949,1238530.2141872495,12781084.493493054,3009673.319551488,2479952.359034641,23.186238606482917,111.40239595796074,15034442.842933953,274366.30368979846
732.7347902099498,79.68770107509192,1388178.4031286172,1201395.6043206705,12418195.26954989,2945743.800062456,2420691.116555421,22.304795522471995,105.8494476246998,14710882.411259955,264204.60531298775
709.995309119645,76.86214999918603,1347267.9959134622,1165322.8480775636,12065703.016143868,2883160.1681170394,2362810.128186514,21.456137659736388,100.60525369818552,14393054.959245868,254390.08893347663
687.962306207999,74.13612581105508,1307496.981391024,1130283.6500287948,11723295.289065896,2821894.2410423458,2306277.810068253,20.639070761555054,95.65070047615586,14080917.963701632,244911.9044445962
666.6140269311898,71.50614359461987,1268836.2407159505,1096250.3844497562,11390670.213848745,2761918.4244763493,2251063.2930387524,19.85244315264173,90.96797937560731,13774426.083323708,235759.51542083942
645.9293744456996,68.96883982277278,1231257.2944674152,1063196.0829875355,11067536.05156384,2703205.700108712,2197136.4065689165,19.095144256998335,86.54048971881306,13473531.351941634,226922.6903539944
625.8878902596233,66.52096814767671,1194732.2929315837,1031094.4223993842,10753610.786859555,2645729.613676793,2144467.663057134,18.366103165879764,82.35274934101463,13178183.364722667,218391.49413842705
606.4697354332851,64.15939533653928,1159234.0063377821,999919.7123706318,10448621.73685461,2589464.263211558,2093028.242475613,17.664287254236147,78.39031234552017,12888329.457430517,210156.27979862157
587.6556723142113,61.88109734784581,1124735.8150596558,969646.8834192329,10152305.17960419,2534384.2875281647,2042789.977360508,16.988700844049024,74.63969339380402,12603914.878841575,202207.68045221217
569.4270467918858,59.68315554321181,1091211.6997927094,940251.4748940305,9864406.000947764,2480464.8549561566,1993725.3381381684,16.33838391302806,71.0882979740494,12324882.956432633,194536.60150190388
551.765771058116,57.56275303017798,1058636.231718604,911709.62307308,9584677.358633481,2427681.652304265,1945807.4187799841,15.71241084718211,67.72435814205696,12051175.25545797,187134.21304979682
534.6543068591875,55.51717113143607,1026984.5626661999,883998.0493680706,9312880.362691553,2376010.8740549386,1899009.9227784956,15.109889235825849,64.5368732740387,11782731.731545493,179991.9425277904
518.0756492263662,53.54378597612533,996232.4152788784,857094.0486403774,9048783.771102762,2325429.211783848,1853307.1494376087,14.5299587076279,61.51555541210156,11519490.87694124,173101.46753788134
502.013310671633,51.64006520899068,966356.0731969519,830975.4776338664,8792163.699871292,2275913.8437996195,1808673.9804698431,13.97178980634989,58.65077882055675,11261389.860542018,166454.70889629482
486.451305835919,49.80356481334084,937332.3712637967,805620.7435292407,8542803.34667495,2227442.424999305,1765085.8668938347,13.434582904969625,55.933533405028946,11008364.66185554,160043.8238755606
471.3741365773981,48.031926043879814,909138.685763522,781008.7926241732,8300492.727319831,2179993.076935018,1722518.816225305,12.917567156921292,53.355381676977295,10760350.199034821,153861.1996387557
456.7667774877628,46.322872465625125,881752.9246978475,757119.0991433193,8065028.424278886,2133544.3780874037,1680949.3799550033,12.419999483226965,50.90841897404122,10517280.451133473,147899.44686030285
442.6146618246831,44.67420709525235,855153.5181091694,733931.6541816962,7836213.3466413515,2088075.3543415866,1640354.6413071582,11.94116359433146,48.585236671826365,10279088.574731164,142151.393527822
428.903667849012,43.083809641335506,829319.4084565295,711426.9547848897,7613856.500844783,2043565.469661436,1600712.2032722202,11.48036904549125,46.378888145640296,10045707.015083263,136610.07891970838
415.6201055555377,41.549633840069674,804230.0410507491,689585.993168881,7397772.771600139,1999994.6169579732,1562000.1769077159,11.036950324603488,44.2828572614638,9817067.611945027,131268.74775320818
402.75070378643744,40.06970488318479,779865.3545545422,668390.2460822605,7187782.712460974,1957343.1091479233,1524197.1699012667,10.610265971398167,42.29102919434424,9593101.700224752,126120.84449792918
390.28259771683884,38.6421169348689,756205.7715531134,647821.6643131537,6983712.3455198435,1915591.670398422,1487282.2753898858,10.199697726948962,40.39766338956074,9373740.205619479,121160.00784984195
378.20331670217786,37.26503073463034,733232.1892003367,627862.6623429605,6785392.969749518,1874721.4275540242,1451235.0610298354,9.804649712493331,38.59736849754667,9158913.73538762,116380.06536095707
366.50077247733185,35.936671283134565,710925.9699452751,608496.1081486912,6592660.977535525,1834713.9017422174,1416035.5583114475,9.42454763658355,36.88507912776842,8948552.66440963,111775.02822000877
355.1632476977486,34.6553256081513,689268.9323434514,589705.3131554837,6405357.678974234,1795551.0001537197,1381664.2521134273,9.058838029622283,35.256034279722485,8742587.216690697,107339.08617958752
344.1793848130681,33.41934060784911,668243.3419570302,571474.0223406785,6223329.133537926,1757215.007993929,1348102.0704912879,8.70698750486647,33.70575732100673,8540947.542454906,103066.60262530163
333.53817526398007,32.22712096876732,647831.9023475688,553786.4044904187,6046425.988730971,1719688.5806019658,1315330.3746946903,8.368482045012735,32.23003739319156,8343563.790981588,98952.1097826676
323.2289489933006,31.07712715588784,628017.746164918,536627.0426097817,5874503.325384054,1682954.7357338169,1283330.9494085608,8.042826313506186,30.824912136027756,8150366.179330542,94990.30405755274
313.2413642625017,29.96787347231889,608784.4263354784,519980.92448704696,5707420.509255077,1646996.846006167,1252085.9932129947,7.729542989741929,29.486651629488456,7961285.057102337,91176.04150611632
303.56539776514865,28.897926186187465,590115.9073526496,503833.4334125688,5545041.04862347,1611798.6314975752,1221578.1092570461,7.428172127355663,28.21174346132445,7776250.967377604,87504.33343030629
294.191335028941,27.86590172242029,571996.5566722299,488170.33905258257,5387232.457584403,1577344.1525037275,1191790.2961416324,7.138270534825604,26.996878835284058,7595194.7039759,83970.34209509974
285.1097610982566,26.870464917173305,554411.1362151181,472977.7884780232,5233866.124764385,1543617.8024435411,1162705.9390068667,6.859411177633077,25.83893964198179,7418047.365173556,80569.37656376809
276.3115514893384,25.910327332746338,537344.7939794861,458242.29734834254,5084817.187197995,1510604.3009130098,1134308.800819261,6.591182601253856,24.734986420647694,7244740.4040165385,77296.8886475811
267.7878634104451,24.984245630894286,520783.0557644146,443950.74125008995,4939964.409117869,1478288.6868836877,1106583.0138543206,6.333188374275552,23.6822471457026,7075205.675361432,74148.4689664571
259.5301272395232,24.091020002519027,504711.8170066657,430090.34718989936,4799190.0654257545,1446656.3120428221,1079513.0713701688,6.0850465509596585,22.678106777342702,6909375.479775402,71119.84311718457
251.53003825212807,23.229492651793265,489117.33473211055,416648.68524145696,4662379.829624322,1415692.8342721758,1053083.8194679227,5.846389152588852,21.72009752010245,6747182.604422953,68206.86794593783
243.7795485925393,22.398546332837967,473986.21962315653,403613.6603457424,4529422.666002099,1385384.21126266,1027280.4491346572,5.61686166696181,20.80588973776159,6588560.361063542,65405.527921916284
236.27085948119398,21.597102937136707,459305.42820328625,390973.5042638643,4400210.725875204,1355716.694261946,1002088.4884648559,5.396122565418517,19.933283476985217,6433442.621282102,62711.93160903608
228.99641365174892,20.82412212993493,445062.25513962685,378716.7676816181,4274639.247699746,1326676.8219522922,977493.7950563789,5.183842836799395,19.10020055577754,6281763.849070266,60122.30823270056
221.94888801126336,20.078600033931053,431244.3256643761,366832.31246480916,4152606.4608796393,1298251.414455876,953482.5485770238,4.979705537761096,18.304677176218206,6133459.130874662,57633.00433877068
215.1211865171722,19.35956795862625,417839.5881156811,355309.30406427506,4034013.4931031633,1270427.5674649782,930041.2434978837,4.783405358890677,17.544857024061034,5988464.203223028,55240.48054195085
208.50643326488327,18.666091173753834,404836.3065983835,344137.20406946464,3918764.2810507617,1243192.6464944119,907156.681989755,4.5946482060784195,16.81898482063027,5846715.478038113,52941.30836089922
202.09796578001007,17.997267725266067,392223.05376502755,333305.76290932985,3806765.4843250727,1216534.2812536731,884815.966978963,4.413150796627237,16.125400295073828,5708150.065744312,50732.16713745298
195.8893285094042,17.35222729240672,379988.703717234,322805.01269923575,3697926.402461379,1190440.3601362973,863006.495359029,4.238640269593773,15.462532547447344,5572705.79627055,48609.841037453865
189.8742665053145,16.7301300844493,368122.4250275314,312625.260232446,3592158.894884725,1164899.0248239995,841715.9513546982,4.070853809873196,14.828894775319608,5440321.238047426,46571.216130738765
184.04671929715397,16.130165775729836,356613.6738815387,302757.0801147996,3489377.303686319,1139898.6650032008,820932.3000349165,3.9095382855556196,14.223079338633024,5310935.71509614,44613.2775479412
178.40081494550802,15.551552477650013,345452.18734032987,293191.30804099614,3389498.379098649,1115427.9131916096,800643.7809714337,3.7544498980979792,13.643753139432011,5184489.322301504,42733.106711834625
172.93086427315586,14.993535746372403,334627.9767226535,283919.0342109382,3292441.207554349,1091475.639672556,780838.9020397603,3.6053538448699918,13.089653294801295,5060922.938959293,40927.87864101873
167.631355268032,14.455387624973433,324131.3211066148,274931.59688451386,3198127.1422205437,1068030.9475348492,761506.433359304,3.4620239936479154,12.559583082952303,4940178.240684918,39194.85932383187
162.49694765318182,13.936405718862288,313952.76095030236,266220.57607311016,3106479.735904971,1045083.1678159524,742635.4013695737,3.3242425686437675,12.052408143864454,4822197.709767298,37531.40316044124
157.52246761890964,13.43591230331522,304083.09183080395,257777.78736617792,3017424.6762356306,1022621.85474633,724215.0830393938,3.1917998476714016,11.56705291724239,4706924.6440486275,35934.95047113637
152.70290271244482,12.953253462014377,294513.3583008572,249595.27589105064,2930889.7230206863,1000636.7810928614,706235.00020617,3.0644938700643856,11.102497301801868,4594303.164409043,34403.025068918854
148.0333968805791,12.48779825551784,285234.84786246484,241665.3104042582,2846804.6476996904,979117.9335992523,688684.9140422798,2.9421301549731664,10.657773521048293,4484278.220929775,32933.2318945486
143.5092456608587,12.038937918626244,276239.0850565767,233980.37751248878,2765101.1748016677,958055.5085214392,671554.8196457565,2.824521429681878,10.231963181778823,4376795.597808971,31523.25471227144
139.1258915170318,11.606085085645047,267517.82566794945,226533.1760213698,2685712.925329716,937439.9072559937,654834.9407524774,2.7114873675968707,9.824194512520432,4271801.91709838,30170.85386451667
134.8789193145723,11.188673042577518,259063.05104424254,219316.61141018066,2608575.36199522,917261.7320596012,638515.7245671371,2.6028543355709277,9.433639770027263,4169244.641328604,28873.86408391238
130.76405193221655,10.786155005316191,250866.96252829267,212323.79043061365,2533625.7362291296,897511.7818577165,622587.8367103531,2.498455150238463,9.059512802798233,4069072.075087095,27630.192361026082
126.77714600556293,10.398003422932602,242921.976002493,205548.01582767002,2460803.036900707,878181.0481405378,607042.1562792982,2.3981288430477457,8.701066761354156,3971233.365610422,26437.815866295707
122.91418779889243,10.023709305196627,235220.7165441641,198982.78118077267,2390047.940677301,859260.7109444856,591869.7710193231,2.3017204336870547,8.357591945732167,3875678.5024504536,25294.779924668357
119.17128920147613,9.662781573486235,227756.0131907014,192621.76586316404,2321302.7639622795,840742.1349174007,577061.9726040806,2.209080711611678,8.028413781318635,3782358.316270677,24199.196041521795
115.54468384473955,9.31474643427767,220520.8938133124,186458.83011764276,2254511.416350787,822616.8654657239,562610.2520217249,2.1200660253887396,7.712890914759302,3691224.4768279563,23149.23997848994
112.03072333675401,8.979146774434122,213508.58009805303,180488.01024669103,2189619.3555459357,804876.6249819533,548506.2950648167,2.0345380795864076,7.410413422253845,3602229.490190916,22143.149877866872
108.62587361062518,8.655541577537672,206712.48263288714,174703.51391506367,2126573.5436804984,787513.3091506959,534741.9779215972,1.9523637389432078,7.120401123071583,3515326.6952454974,21179.224434308835
105.32671138344448,8.343505360535536,200126.19609942634,169099.71556286098,2065322.4049919406,770518.9833316953,521309.3628663806,1.873414839562363,6.842301991613544,3430470.259535213,20255.821112603193
102.1299207225607,8.042627629996838,193743.4945679969,163671.15192714863,2005815.7848007313,753885.8790182159,508200.6940468308,1.797568006884521,6.575590661800594,3347615.1744817533,19371.354410311902
99.03228971602422,7.752512357300179,187558.3268946472,158412.51767019235,1948004.909744077,737606.3903692294,495408.3933659611,1.7247044802008225,6.319767017988236,3266717.2500292547,18524.294164146457
96.03070724413955,7.472777472096204,181564.81221869885,153318.66111234762,1891842.3492197064,721673.070813856,482925.0564567317,1.6547099434763162,6.074354866999339,3187733.108754407,17713.163898966333
93.12215984915224,7.203054373411389,175757.23555939412,148384.58006767606,1837281.9779959328,706078.6297265625,470743.44874717406,1.587474362261563,5.838900686228557,3110620.179481389,16936.539218335758
90.30372870017942,6.942987457781783,170130.04351021463,143605.41778037892,1784278.9399462314,690815.929171646,458856.50161401374,1.5228918264779474,5.612972443109039,3035336.6904400606,16193.046235610513
87.57258665057202,6.6922336638261575,164677.84002940517,138976.45896010956,1732789.612868747,675877.9807155527,447257.3086228093,1.4608603988694766,5.396158481544601,2961841.662002965,15481.360044561932
84.92599538497926,6.450462032688388,159395.38232522045,134493.12591428723,1682771.5743521487,661257.9423056276,435939.1218526684,1.4012819689210394,5.188066471201343,2890094.8990359274,14800.203228581182
82.36130265346458,6.217353283799008,154277.57683443537,130150.9747755035,1634183.5686517092,646949.1152139113,424895.34830365167,1.3440621120499516,4.988322415822725,2820056.982894461,14148.344407539638
79.8759395900904,5.992599405424309,149319.47529260474,125945.69182215654,1586985.4745403805,632944.9410446228,414119.5463850041,1.2891099538841746,4.796569716983034,2751689.2630972797,13524.596821412939
77.46741811347232,5.7759032594901925,144516.27089459347,121873.08989044963,1541138.274101452,619238.9988040131,403605.4224824119,1.2363380394471892,4.612468289928515,2684953.84870647,12927.816949807464
75.13332840686593,5.5669782001853925,139863.29454386552,117929.10487591526,1496604.0224307235,605825.0020312794,393346.82760250557,1.185662207075547,4.435693728371859,2619813.599442071,12356.903166555874
72.87133647542538,5.365547705866093,135356.01118903767,114109.79232263657,1453345.8182174698,592696.7959892842,383337.75409289025,1.1370014669012718,4.265936515309141,2556232.1165578477,11810.794428577976
70.67918177833346,5.17134502380004,130990.01624618891,110411.32409834734,1411327.7751745465,579848.3549138127,373572.3324359944,1.090277883736936,4.102901277115649,2494173.733503334,11288.46899822832
68.55467493357693,4.984112827304879,126761.03210542511,106829.98515365213,1370514.994289636,567273.7793201725,364044.82811510144,1.0454164642070467,3.946306078353705,2433603.5063961456,10788.943198377337
66.49569549319699,4.803602884850086,122664.90472020292,103362.17036356493,1330873.536870291,554967.2933659265,354749.6385509332,1.0023450479746039,3.7958817548880837,2374487.2043269146,10311.270199498536
64.50018978691146,4.629575740707369,118697.60027790871,100004.38144963658,1292370.3983568214,542923.2422685955,345681.29010720877,0.9609942029170754,3.6513712830575336,2316791.299518478,9854.538838054981
62.56616883206468,4.461800406748384,114855.20195021747,96753.22398095149,1254973.4828780936,531136.089777187,336834.435163635,0.9212971241110256,3.512529182793118,2260482.95735922,9417.872465502096
60.691706307918864,4.30005406500272,111133.90672172645,93605.40445226921,1218651.5785261865,519600.4156964264,328203.84925481345,0.8831895364895713,3.379120952706345,2205530.026329951,9000.427827243246
58.874936592359454,4.144121780602301,107530.0222954085,90557.72743764483,1183374.333326911,508310.9134625969,319784.42827358894,0.8466096010415531,3.2509225352937774,2151901.0278420034,8601.393970895519
57.1140528591415,3.993796224751405,104039.96407340646,87607.09281786553,1149112.231883988,497262.3877699102,311571.1857373934,0.8114978244258806,3.1277198105202095,2099565.146003697,8219.991183240538
55.40730523385872,3.8488774073740184,100660.25221171277,84750.49308006768,1115836.5726757417,486449.7522463595,303559.2501161762,0.7777969718789574,3.0093081161505597,2048492.2173309273,7855.46995525399
53.752999006869075,3.7091724191021007,97387.50874729358,81985.01068791877,1083519.445983667,475868.02717802,295743.8622205347,0.7454519832973104,2.8954917933004465,1998652.7204171203,7507.109974623728
52.14949290146235,3.574495182280203,94218.4547962129,79307.81552078023,1052133.71243337,465512.33728079294,288120.3726487013,0.7144098923817174,2.7860837557703415,1950017.7655764327,7174.2191451824165
50.59519739560511,3.4446662106729966,91149.90782134606,76716.16238028693,1021652.9821288177,455377.90951860155,280684.2392910626,0.6846197487331057,2.6809050818151805,1902559.0844735405,6856.132632695823
49.08857309564596,3.3195123775730475,88178.77896826534,74207.38856280241,992051.5943617834,445460.0709670734,273431.02489092416,0.6560325427943104,2.579784627083934,1856249.0197523804,6552.211936461685
47.628129160411596,3.19886669201689,85302.07046790374,71778.91149623648,963304.5978788804,435754.2467217628,266356.39466025686,0.6286011335355522,2.4825586575401664,1811060.5146753546,6261.843986188182
46.21242177417077,3.0825680828272524,82516.87310462337,69428.22643972952,935387.731689325,426255.9578499831,259456.1139491933,0.6022801787850273,2.389070501246306,1766967.102784129,5984.44026363285
44.840052666985436,2.9704611902092797,79820.36374831616,67152.90424474893,908277.4063971587,416960.8193853446,252726.04596806932,0.5770260681095328,2.299170217961719,1723942.8975917872,5719.4359484955285
43.50966768101435,2.8623961646379574,77209.80294918995,64950.58917614512,881950.686042251,407864.5383641039,246162.14956082965,0.5527968581533512,2.212714285567259,1681962.5823159902,5466.289088069462
42.21995538137444,2.758228472783007,74682.5325939083,62818.99679175753,856385.2704349675,398962.9119024591,239760.47702864808,0.5295522103468777,2.1295653023880843,1641001.399661962,5224.479790165853
40.96964571020675,2.6578187102263353,72235.9736217668,60755.91187918269,831559.4779699387,390251.8253139349,233517.17200263456,0.5072533308996011,2.0495917045412257,1601035.1416632442,4993.50943883682
39.75750868263398,2.5610324207356596,69867.6237996062,58759.18644832936,807452.228904886,381727.2502660243,227428.4673645284,0.48586291299505846,1.9726674974864384,1562040.1395881039,4772.899932431057
38.58235312333428,2.4677399218659737,67575.05555418163,56826.73777842888,784043.0290909176,373385.24297526764,221490.68321429967,0.46534508110829687,1.8986720010067113,1523993.2539182275,4562.192943525656
37.443025442494395,2.377816136668636,65355.913860719855,54956.54651818081,761311.9541412338,365221.94243997085,215700.22488360913,0.4456653373691979,1.8274896068905824,1486871.8644064635,4360.949200285376
36.338408449940935,2.291140431295284,63207.91418642824,53146.6548377372,739239.6340256174,357233.56870977744,210053.58099409367,0.4267905098977313,1.7590095486304376,1450653.860219447,4168.747788809028
35.26742020628474,2.2075964582913286,61128.84048771467,51395.164631271036,717807.2380784713,349416.4211913266,204547.3215594754,0.40868870303983057,1.6931256824911318,1415317.6301705528,3985.1854760294636
34.229012909947144,2.1270720053807812,59116.54325991833,49700.23576887027,696996.4604086411,341766.8769892486,199178.096130508,0.39132924943511016,1.6297362793403898,1380842.0530481688,3809.876052741112
33.222171818970686,2.04945884955107,57168.9376383569,48060.08439655357,676789.5056996524,334281.38928175595,193942.6319818002,0.37468266385009596,1.5687438266676277,1347206.4880439749,3642.449696335085
32.24591420654943,1.9746526162531948,55284.001549519635,46472.981283203306,657169.0753893331,326956.4857301168,188837.732339576,0.35872059871299816,1.51005484025055,1314390.7652852864,3482.552352828438
31.299288349245106,1.9025526435388664,53459.7739112503,44937.250213250816,638118.3542181577,319788.7669212985,183860.2746494524,0.34341580128832744,1.4535796849599845,1282375.1764752183,3329.8451377797787
30.381372546887114,1.8330618509625658,51694.35288078998,43451.2664239645,619620.9971360831,312774.9048430956,179007.20888333744,0.3287420724318673,1.3992324042221438,1251140.4656441147,3184.0037556890766
29.491274173182745,1.7660866130823525,49985.8941495604,42013.45508621921,601661.1165578527,305911.6413910616,174275.55588456854,0.3146742268686228,1.3469305576849226,1220667.820015298,3044.717937484675
28.62812875609432,1.7015366373990688,48332.60928359628,40622.289827646084,584223.2699571728,299195.7869065854,169662.40575043368,0.30118805493842804,1.2965950666602655,1190938.860987764,2911.6908957056244
27.791099087067348,1.6393248465790937,46732.76410854292,39276.29129708501,567292.4477904206,292624.2187454609,165164.91625123596,0.2882602857558624,1.2481500669388301,1161935.6352382929,2784.638796992136
26.97937435822105,1.579367264811269,45184.6771381673,37974.025769287175,550854.0617408479,286193.8798763171,160780.31128507995,0.27586855173303476,1.2015227685955636,1133640.6059451336,2663.2902515015635
26.192169326640155,1.5215829081536574,43686.71804534221,36714.10378883552,534893.9332745651,279901.777508285,156505.87936757892,0.263991354415642,1.1566433224262358,1106036.6441348854,2547.3858188716117
25.428723504930986,1.4658936787309806,42237.30617447875,35495.17885227048,519398.2824997691,273744.9817472926,152338.97215569744,0.25260803158447764,1.113444692674825,1079107.0201543695,2436.677530356889
24.688300377231805,1.4122242626482577,40834.90909441425,34315.94612743851,504353.7173210736,267720.6242803931,148277.00300496296,0.24169872557628447,1.0718625357304818,1052835.3952686798,2330.9284267688013
23.970186639890084,1.3605020314909322,39478.04119076343,33175.14120909417,489747.2228809387,261825.8970875393,144317.44555929664,0.23124435277949698,1.031835084490487,1027205.8133864815,2229.9121118527564
23.273691466044298,1.3106569472862568,38165.26229678006,32071.538909808984,475566.15128050465,256058.05118023645,140457.8323727313,0.22122657426202083,0.9933030381022263,1002202.692913506,2133.4123207408147
22.598145793369724,1.262621470805029,36895.1763617725,31003.95208526939,461798.21157232707,250414.39536651058,136695.75356229895,0.2116277674897265,0.956209456812884,977810.8187348063,2041.2225031212533
21.942901634270903,1.2163304730870004,35666.43015615764,29971.230493055024,448431.460017793,244892.29504164483,133028.85549138812,0.20243099909583068,0.9204996616703165,954015.3343263227,1953.1454207706588
21.30733140782437,1.1717211500773328,34477.71201223536,28972.25968401889,435454.29060212214,239489.17100414808,129454.83948288581,0.19361999866276666,0.8861211388324237,930801.7339959748,1868.992759097626
20.690827292796854,1.1287329402653745,33327.75059980164,28005.959925403407,422855.4258001637,234202.49829642894,125971.46056143563,0.18517913347952403,0.853023448255472,908155.8552544367,1788.584752350863
20.09280060108406,1.087307445220828,32215.313735721338,27071.285154854166,410623.9075863519,229029.8050696608,122576.52622415627,0.1770933842387805,0.8211581365440836,886063.8713155157,1711.7498221482056
19.512681170935327,1.0473883529260049,31139.20722661248,26167.221964503937,398749.08868233615,223968.67147233433,119267.89523918151,0.16934832163943092,0.7904786537573164,864512.2837260313,1638.3242289866103
18.9499167793484,1.008921363806406,30098.27374380041,25292.78861432603,387220.6240360895,219016.72856200408,116043.47647139645,0.16193008386135196,0.7609402739761202,843487.9151247682,1568.151736396947
18.40397257303761,0.9718541193652668,29091.391729726955,24447.03407397121,376028.4625263886,214171.65723974482,112901.22773475763,0.15482535488045537,0.7325000194478865,822977.9021300627,1501.0832874110856
17.87433051739636,0.9361361333309531,28117.47433501006,23629.037092320126,365162.83888675645,209431.1872068453,109839.15467059988,0.14802134359321742,0.7051165881334345,802969.6883555612,1436.976693012445
17.360488862892872,0.9017187252293262,27175.46838537,22837.90529400631,354614.265843149,204793.0959432769,106855.30965134577,0.14150576372100268,0.6787502844911125,783451.0175533197,1375.6963322450583
16.861961628355072,0.8685549562961883,26264.353377656113,22072.774302175334,344373.52645981504,200255.20770748137,103947.79070904506,0.13526681446555827,0.653362953341218,764409.9268835449,1317.112863659979
16.378278100616964,0.8365995676479064,25383.140504219213,21332.806886770093,334431.6666878871,195815.39255703578,101114.740488188,0.12929316188810672,0.6289179166622682,745834.7403101037,1261.1029477817074
15.908982350015036,0.8058089206311853,24530.871704899753,20617.192137645656,324779.9881114664,191471.56538975815,98354.34522224402,0.12357392098545086,0.6053799131782575,727714.0621208136,1207.5489802813918
15.45363276123897,0.7761409392756339,23706.61874590899,19925.14466183469,315410.04088604276,187221.68500482832,95664.83373339321,0.11809863843747219,0.5827150406034478,710036.7705714116,1156.3388355475145
15.011801579055811,0.7475550547755393,22909.482324902976,19255.90380430271,306313.6168642967,183063.75318350713,93044.47645492924,0.11285727600133671,0.5608907004180234,692792.011652253,1107.3656203489086
14.583074468441717,0.7200121519297136,22138.59120156203,18608.732891544267,297482.7429044329,178995.81378904526,90491.58447582235,0.10784019452860981,0.5398755450545618,675969.1929763411,1060.527437289153
14.167050088669518,0.6934745174708382,21393.10135300552,17982.918497394796,288909.6743562995,175015.9518853824,88004.50860694503,0.10303813858235208,0.5196394273813463,659557.9777876213,1015.727157755725
13.763339680914337,0.6679057902180724,20672.195153382614,17377.769730439297,280586.8887207463,171122.2928742442,85581.63846847166,0.09844222163209781,0.5001533523743734,643548.2790881165,972.8722040715563
13.37156666895271,0.6432709129890273,19975.080577003715,16792.61754242239,272507.0794777211,167313.00165025474,83221.40159797644,0.0940439118054191,0.481389430875461,627930.2538826339,931.8743405612563
12.99136627254399,0.6195360862094127,19300.990424380412,16226.814057073929,264663.15007877396,163586.28177368842,80922.26257876317,0.08983501817555697,0.46332083533897966,612694.2975395949,892.6494732486169
12.622385133095202,0.5966687231608313,18649.181570567398,15679.731918782343,257048.20809973925,159940.37466049386,78682.72218797162,0.08580767756534109,0.4459217574747101,597831.0382665857,855.1174579068586
12.264280951222998,0.5746374068092533,18018.934235205157,15150.763660559573,249655.55954945504,156373.55878922954,76501.31656401501,0.0819543418483448,0.42916736769894553,583331.3316991113,819.2019161876551
11.916722135838075,0.553411848158729,17409.551273683595,14639.32109075913,242478.70333053332,152884.1489245593,74376.61639291343,0.07826776572891271,0.4130337763103652,569186.2556011138,784.8300595598398
11.579387464389221,0.5329628460768099,16820.35748885471,14144.834698017672,235511.3258482494,149470.49535696238,72307.2261130977,0.07474099498336677,0.3974979963113753,555387.1046756447,751.9325207935736
11.251965753915192,0.5132622485400241,16250.698962739458,13666.753073910459,228747.29576376383,146130.9831583201,70291.78313826764,0.07136735514534287,0.38253790779953845,541925.3854842188,720.4431927307585
10.934155542563376,0.49428291524956225,15699.942407687327,13204.542352816865,222180.6588879527,142864.03145304724,68328.95709789763,0.06814044061882903,0.36813222385746347,528792.8114731868,690.29907408746
10.62566478124518,0.47599868156905567,15167.474536457374,12757.68566851209,215805.63321224414,139668.0927044466,66417.44909499296,0.06505410420307899,0.3542604578730383,515981.29810558003,661.4401220392717
10.326210535107741,0.45838432373800436,14652.701450705297,12325.68262700906,209616.60407293923,136541.65201596625,64555.990980706636,0.06210244701414658,0.3409028922252454,503482.95809684205,633.8091113457207
10.035518694511998,0.44141552531606754,14155.048047372788,11908.04879518851,203608.1194455869,133483.22644705165,62743.344645438454,0.05927980878835031,0.3280405482739745,491290.0967527326,607.3514997750249
9.753323695216514,0.4250688448149391,13673.957442486955,11504.315204768425,197774.88536607186,130491.3643432869,60978.3013260437,0.05658075855350668,0.3156551575952319,479395.20740790706,582.0152995958686
9.479368247475707,0.4093216844760932,13208.890411891172,11114.027871173643,192111.76147515702,127564.64468052774,59259.680928789065,0.054000085654294164,0.30372913440600485,467790.9669633884,557.7509549081328
9.213403073770442,0.39415226015410343,12759.32484843838,10736.747326879711,186613.7566833146,124701.67642273412,57586.33136770006,0.05153279111860234,0.2922455491257355,456470.2315214322,534.5112245899452
8.955186654897597,0.37953957226667545,12324.75523519279,10372.048168816265,181276.0249527287,121901.09789321796,55957.12791795373,0.04917407935220672,0.28118810302390645,445426.03211603407,512.2510706438395
8.704484984153614,0.3654633777738688,11904.692134194196,10019.518619424502,176093.86119349772,119161.57615902497,54370.97258397705,0.0469193501495692,0.2705411039056739,434651.5705374947,490.92755173023625
8.461071329355514,0.3519041631503061,11498.661690351693,9678.760100977053,171062.69727103942,116481.80642817784,52826.793481919194,0.04476419100901039,0.2602894427897836,424140.21524939913,470.49972168192767
8.224726002450732,0.3388431183154388,11106.205150045114,9349.386822776107,166178.0981218814,113860.51145951211,51323.544236173904,0.04270436974093273,0.2504185715351737,413885.497396357,450.9285327987641
7.995236136474905,0.3262621114881361,10726.878394021734,9031.025380858528,161435.75797501567,111296.4409848426,49860.20338963479,0.04073582735818553,0.24091448137475713,403881.106900889,432.17674372719586
7.7723954696242865,0.31414366493308,10360.251484187525,8723.31436984373,156831.49667610222,108788.37114320273,48435.77382737376,0.03885467123806268,0.23176368231682157,394120.8886478388,414.20883173481803
7.5560041362167665,0.30247093156754773,10005.90822390232,8425.904006574083,152361.2561118592,106335.10392690562,47049.28221343975,0.03705716854581084,0.2229531833763647,384598.8387546806,396.99090919556784
7.345868464322572,0.29122767239829095,9663.44573139727,8138.455765202588,148021.0967320626,103935.46663918058,45699.77844048198,0.03533973990989437,0.21447047360043772,375309.10092615493,380.4906441066694
7.141800779852447,0.28039823475926673,9332.47402594443,7860.642023395222,143807.19416660647,101588.31136314252,44386.33509190755,0.03369895333962265,0.206303503853259,366245.962891602,364.67718446385743
6.943619216898034,0.2699675313220052,9012.615626416731,7592.14571932339,139715.83593518496,99292.5144418597,43108.04691629148,0.032131518376089414,0.1984406693284591,357403.8529234374,349.5210863268704
6.751147534125269,0.25992101985137384,8703.505161886134,7332.6600191301295,135743.41824717983,97046.97596928685,41864.03031376155,0.030634280467705402,0.1908707927573179,348777.3364351945,334.9942454124884
6.564214937028222,0.25024468368048053,8404.788993918084,7081.887994563606,131886.44288941135,94850.61929183842,40653.4228340887,0.029204215561927625,0.18358310828331548,340361.1126576113,321.0698320578598
6.382655905856511,0.24092501287933482,8116.124850227356,6839.54231047908,128141.51419947285,92702.39052037842,39475.38268621731,0.027838424905093397,0.17656724597466442,332150.01139116223,307.72222940197264
6.206310029035641,0.23194898609281844,7837.181469371294,6605.344921919106,124505.33612242373,90601.25805241201,38329.088258978525,0.026534130042568518,0.16981321694781795,324138.9898335932,294.9269746385179
6.035021841904991,0.22330405302434478,7567.63825616346,6379.02678048932,120974.709348656,88546.2121042636,37213.73765273266,0.02528866801170228,0.16331139907615166,316323.1294809052,282.6607031984239
5.868640670603942,0.21497811754242072,7307.184947500106,6160.327549756288,117546.52853082711,86536.26425303488,36128.54822169477,0.024099486720359654,0.15705252325922525,308697.6331003067,270.90109572551324
5.707020480941793,0.20695952138813473,7055.521288299427,5948.995329399533,114217.77957778826,84570.44698813838,35072.75612670137,0.02296414050406666,0.151027660229124,301257.8217736984,259.6268277137072
5.5500197320924665,0.19923702846234553,6812.35671726209,5744.786387859074,110985.53702349144,82647.81327220645,34045.61589818283,0.021880285855060036,0.14522820787145155,293999.13201020466,248.8175216791492
5.397501234959842,0.19179980967210877,6577.410062168671,5547.464903226377,107846.961468911,80767.4361111808,33046.40000911038,0.020845677316781566,0.13964587903955805,286917.1129263455,238.45370174549274
5.249332015064612,0.18463742831658364,6350.40924443832,5356.802712133529,104799.29709506236,78928.40813339039,32074.398457692652,0.01985816353759268,0.13427268984154728,280007.423492422,228.51675052530652
5.1053831798080935,0.17773982599336238,6131.090992679487,5172.579066402494,101839.86924524816,77129.84117743121,31128.91835960097,0.01891568347771655,0.1291009483805205,273265.829843745,218.98886818528055
4.965529789973188,0.17109730900682846,5919.20056497073,4994.5803972235,98966.08207470775,75370.86588866336,30209.283549508342,0.018016262763634085,0.12412324392938874,266688.2026553223,209.85303358742235
4.829650735326862,0.16470053526080064,5714.491479618053,4822.600086637201,96175.41626589422,73650.6313241457,29314.83419173094,0.017158010184374437,0.11933243652241082,260270.5145786383,201.09296740293885
4.697628614193117,0.1585405016183376,5516.725254140579,4656.438246102637,93465.42680763999,71968.30456583363,28444.926399767024,0.016339114324344685,0.11472164694641276,254008.83773924643,192.69309709984262
4.56934961686929,0.15260853171218022,5325.671152244078,4495.90150193834,90833.74083652426,70323.07034186533,27598.931864531078,0.015557840327541731,0.11028424711537936,247899.3412938061,184.63852370956684
4.444703412762738,0.14689626418989535,5141.105938548021,4340.8027874307645,88278.05553879187,68714.13065576938,26776.237491087217,0.014812526788179436,0.10601385081284569,241938.28904531294,176.91499028201955
4.323583041128826,0.14139564137833302,4962.81364083883,4190.961141409548,85796.13611121353,67140.7044234282,25976.24504368919,0.014101582762947993,0.10190430478718242,236122.03711524603,169.50885194253004
4.205884805294802,0.13609889835255795,4790.585319627301,4046.2015130949467,83385.81377931984,65602.0271176348,25198.370798938755,0.01342348490029853,0.0979496801855244,230447.0316713673,162.40704746805218
4.091508170258051,0.1309985523949391,4624.2188447955705,3906.3545730289234,81044.98387148221,64097.35042008567,24442.04520687929,0.012776774682317305,0.09414426431271486,224909.8067099939,155.5970723037826
3.9803556635504664,0.1260873928305746,4463.518679123751,3771.25652990547,78771.60394734392,62625.94188065313,23706.71255984419,0.012160055774917121,0.09048255270221986,219506.98189148193,149.0669529450185
3.8723327792644224,0.12135847122572876,4308.2956684929795,3640.7489531229976,76563.69197915381,61187.084583786884,22991.83066888519,0.011571991482232086,0.08695924148654098,214235.2604277653,142.80522261266188
3.767347885138881,0.11680509193641193,4158.36683856705,3514.678600884678,74419.32458458019,59780.07682189485,22296.870547608432,0.011011302301254492,0.08356922005517822,209091.42702080487,136.80089815418233
3.6653121326076197,0.11242080299469939,4013.555197760272,3392.8972536793576,72336.6353096229,58404.2317755581,21621.316103250636,0.010476763572898465,0.08030756398871852,204072.34585076387,131.04345810519982
3.5661393697145516,0.10819938732081477,3873.689546304676,3275.261552979279,70313.81296028002,57058.87720043731,20964.663834831455,0.009967203225817954,0.07716952825810587,199174.95861283314,125.52282185003128
3.4697460568042104,0.1041348542494248,3738.6042912347343,3161.6328449965213,68349.09998164857,55743.35512073104,20326.422538221464,0.00948149960944121,0.07415054067861704,194396.2826015613,120.2293298226368
3.3760511848983676,0.10022143135900388,3608.139267113485,3051.8770293440407,66440.79088318569,54457.0215290492,19706.113017969215,0.00901857941281661,0.07124619560851064,189733.40884165108,115.15372469236586
3.2849761966726034,0.09645355659351317,3482.1395623280027,2945.864412451899,64587.23070887508,53199.24609256772,19103.26780573408,0.008577415665990401,0.06845224788274264,185183.50026413356,110.28713348175171
3.196444909949418,0.09282587066602117,3360.4553507878377,2843.4695655939126,62786.81355108567,51969.411865333415,18517.430885175007,0.00815702582075905,0.06576460697254173,180743.7899268942,105.62105056633798
3.1103834436271076,0.089333209734259,3242.941728864385,2744.5711873834816,61037.98110693453,50766.91500659063,17948.157423149027,0.007756469907756279,0.06317933136202901,176411.57927852825,101.14732150914512
3.026720145966253,0.08597059833845273,3129.458557413894,2649.051970602484,59339.22127599936,49591.16450500423,17395.01350707619,0.007374848766948078,0.06069262313343298,172184.2364645302,96.85812768489593
2.945385525158106,0.08273324259211749,3019.870308730974,2556.7984732300793,57689.06679824892,48441.5819086555,16857.575888331117,0.007011302348717768,0.05830082275280065,168059.19467482212,92.7459716515114
2.8663121821016473,0.07961652361682818,2914.0459182845852,2467.700993543146,56086.09393109821,47317.6010606908,16335.431731524475,0.0066650080828285245,0.05600040404844559,164033.95053169318,88.80366322870188
2.7894347453184007,0.07661599121229398,2811.8586410917437,2381.6534491629022,54528.92116451538,46218.66784050481,15828.178369540652,0.006335179312651545,0.05378796937469181,160106.06251716957,85.02430624564319
2.7146898079363413,0.07372735775337494,2713.185912589296,2298.553259926965,53016.20797313635,45144.23991034284,15335.423064200979,0.006021063792145872,0.05166024495378165,156273.14943892686,81.40128592183977
2.6420158666764775,0.07094649230596836,2617.909213867265,2218.3012344687813,51546.65360437156,44093.786467209306,14856.78277242482,0.005721942243169382,0.04961407638910603,152532.88893382036,77.92825684724451
2.5713532627778104,0.06826941495398367,2525.9139411320725,2140.801460390488,50118.99590151557,43066.78799997126,14391.883917763682,0.005437126970791493,0.047646424343197304,148883.0160081639,74.59913152961227
2.50264412479837,0.0656922913298936,2437.08927927092,2065.9611979182596,48732.01016089103,42062.736051548876,13940.362167186313,0.0051659605343644666,0.04575436037419452,145321.3216138851,71.40806947884825
2.4358323132321282,0.06321142734161753,2351.3280793930044,1993.6907769327831,47384.50802208946,41081.13298608635,13501.862212995436,0.004907814472195018,0.04393506292474118,141845.65125969896,68.34946679983051
2.370863366883454,0.06082326408874947,2268.5267402262825,1923.9034972703844,46075.33639039315,40121.49176099978,13076.03755975978,0.004662088077738175,0.04218581345752749,138453.9036564996,65.41794626679865
2.307684450942649,0.05852437296138588,2188.5850932526114,1856.5155321937868,44803.37639048024,39183.33570379937,12662.550316146968,0.004428207225313421,0.0405039927319164,135144.0293961199,62.60834785393183
2.2462443067079523,0.05631145091505308,2111.4062914669935,1791.4458349342617,43567.54235055412,38266.1982935873,12261.07099154648,0.004205623243418414,0.03888707721632251,131914.02966270072,59.91571969820249
2.186493202901124,0.05418131591545753,2036.8967016503645,1728.6160482098592,42366.780816037666,37369.622947132586,11871.278297373154,0.003993811833787625,0.0373326356312215,128761.95497586571,57.33530947195367
2.128382888525435,0.05213090254700759,1964.9658000481638,1667.9504166275356,41200.069592018015,36493.162809428315,11492.85895294536,0.0037922720344128907,0.03583832561787737,125685.90396494958,54.86255614395297
2.0718665472165423,0.05015725777926998,1895.5260713507819,1609.3757018793394,40066.41681363281,35636.380548637084,11125.507495833404,0.0036005252248102887,0.03440189052806726,122684.0221735454,52.4930821089009
2.0168987530382694,0.04825753688572672,1828.4929108741505,1552.8211006460158,38964.86004361706,34798.848155332955,10768.926096576655,0.0034181141718818324,0.03302115633027351,119754.50089362745,50.222685666528896
1.9634354276769606,0.046428999509402595,1763.7845298425025,1498.2181651234046,37894.46539624967,33980.14674595086,10422.824377670031,0.0032446021147833604,0.031694028627990485,116895.57602854831,48.04733383250617
1.9114337989894372,0.04466900587012105,1701.3218636777326,1445.500726090189,36854.32668695646,33179.86637035461,10086.919236722464,0.0030795718872693154,0.030418489785966816,114105.52698420905,45.96315546441466
1.8608523608611545,0.04297501310833545,1641.0284832029208,1394.6048184375063,35843.564606848355,32397.605823438553,9760.934673692716,0.00292262507604354,0.02919259616036852,111382.67558772415,43.9664346870041
1.811650834332453,0.041344571760658186,1582.830508669948,1345.4686090835887,34861.32592149005,31632.97246067767,9444.601622109367,0.0027733812137002143,0.02801447542900335,108725.38503291998,42.05360460185826
1.7637901299522403,0.03977532236238586,1526.6565265243007,1298.0323271988948,33906.782693216825,30885.582017544315,9137.657784184517,0.00263147700489318,0.026882324017902293,106132.05885200415,40.221241267455
1.717232311319693,0.03826499217248411,1472.4375088222498,1252.2381966693704,32979.13152633081,30155.05843271063,8839.847469732407,0.0024965655844231688,0.025794404620694728,103601.13991278382,38.46605793640915
1.6719405597758408,0.0368113920166549,1420.106735218412,1208.0303707277612,32077.592834528376,29441.033674957405,8550.921438806276,0.002368315805982288,0.024749043807353512,101131.1094408038,36.78489953743611
1.6278791402081856,0.03541241324426747,1369.5997174440133,1165.3548686850359,31201.410129927794,28743.147573712256,8270.636747968789,0.0022464115603431254,0.023744629719020735,98720.48606580001,35.174737390290495
1.5850133679325888,0.03406602479508085,1320.854126198716,1124.1595146958907,30349.849333081824,28061.04765314102,7998.756600113226,0.0021305511218256716,0.022779609845749362,96367.82489187496,33.632664142591445
1.543309576617924,0.03277027037183122,1273.8097203808397,1084.3938784945487,29522.198103376875,27394.388969718308,7735.050197754465,0.0020204465219199326,0.021852488884119847,94071.71659081176,32.155888918074226
1.502735087220038,0.031523265714897455,1228.4082785834744,1046.0092180388515,28717.765189237063,26742.833953204485,7479.2925997107695,0.0019158229489848072,0.02096182667180696,91830.78651796874,30.741732666391066
1.463258177892666,0.03032319597539171,1184.59353278584,1008.9584240025597,27935.879797565645,26106.05225095805,7231.264581099073,0.0018164181729849553,0.02010623619628496,89643.69385019294,29.387623705129286
1.4248480548439644,0.029168313183150628,1142.3111041714642,973.1959660576626,27175.8909818737,25483.720575513304,6990.752496568145,0.0017219819942670296,0.019284381674964653,87509.13074521752,28.09109344523281
1.3874748241083927,0.028056933806231043,1101.5084410069258,938.6778408902603,26437.16704855835,24875.522555355656,6757.548146696039,0.0016322757154150704,0.01849497670416273,85425.82152201096,26.849772291490773
1.3511094642046,0.026987436398630694,1062.1347585166795,905.3615218952987,25719.094980810343,24281.14858882742,6531.448647479622,0.00154707163526133,0.017736782474398045,83392.52186156993,25.661385710207885
1.3157237996509172,0.025958259333073743,1024.1409806916542,873.2059104970743,25021.079879640507,23700.29570109854,6312.256302845725,0.0014661525641644912,0.017008606049608473,81408.01802763883,24.523750456593934
1.2812904753110308,0.024967898615812043,987.4796839709371,842.1712890442083,24342.54442153428,23132.667404138603,6099.778480115274,0.001389311359701245,0.016309298707970196,79471.12610688574,23.434770954806982
1.2477829315432425,0.02401490578050214,952.1050427380874,812.219275229173,23682.92833225172,22577.973559627204,5893.827488353163,0.0013163504819500777,0.015637754342090533,77580.69126803383,22.392435823951757
1.2151753801275749,0.023097885858321402,917.9727765748819,783.3127779841121,23041.687876306427,22035.93024474109,5694.220459538227,0.0012470815675776866,0.014992907916427977,75735.58703948617,21.394814543684582
1.1834427809458874,0.022215495421588616,885.0400992174654,755.4159548061912,22418.295361668293,21506.25962075833,5500.77923248945,0.001181325021969012,0.014373733979873907,73934.71460499706,20.440054253402117
1.1525608193908654,0.021366440698251412,853.2656691613421,728.4941704670568,21812.23865924938,20988.68980442025,5313.330239485786,0.001118909628671123,0.013779245231508462,72177.00211692987,19.526376679294316
1.1225058844806162,0.02054947575469634,822.6095418633029,702.5139570625403,21223.020736741273,20482.954741993854,5131.7043955188,0.0010596721754494072,0.013208491137616152,70461.40402666785,18.652075183830387
1.093255047656301,0.019763400744428488,793.0331234899996,677.4429753598918,20650.15920638705,19988.794085977945,4955.736990118544,0.0010034570962817852,0.012660556598118804,68786.900431761,17.815511932514113
1.0647860422409785,0.01900706022025416,764.4991261643258,653.249977401417,20093.18588628114,19505.953074397887,4785.267581694807,0.0009501161286427399,0.012134560660651467,67152.49643938235,17.015115172997273
1.0370772435385518,0.01827934150768567,736.9715246624164,629.9047703244005,19551.646374801636,19034.182412634862,4620.139894337242,0.0008995079854542235,0.011629655280572847,65557.22154569664,16.24937662187789
1.0101076495523742,0.01757917313736687,710.4155145153555,607.3781813586209,19025.099637791256,18573.238157736625,4460.201717019287,0.000851498041104694,0.011145024125264993,64000.1290307388,15.516848954730769
0.9838568623037436,0.01690552333439815,684.797471471146,585.6420239639104,18513.117608112752,18122.881605157814,4305.304805152299,0.0008059580309608937,0.010679881421137322,62480.295368425104,14.816143395129929
0.9583050697311383,0.01625739856251396,660.0849122739095,564.6690650713603,18015.28479721678,17682.879177879044,4155.304784437642,0.0007627657638195042,0.010233470841808702,60996.81965131251,14.145927398617433
0.933433028151695,0.015633842121139635,636.24645671855,544.4329933929364,17531.197918368074,17253.0023178552,4010.0610569659248,0.0007218048467673293,0.009805064435997617,59548.82302973887,13.504922427760343
0.9092220452669848,0.015033932793424508,613.2517909403912,524.9083887653491,17060.465521187383,16833.027379743922,3869.4367095137623,0.0006829644219395702,0.009393961593703119,58135.44816499,12.891901814612124
0.8856539636957672,0.014456783543415966,591.0716319006045,506.0706924951009,16602.707637176412,16422.735526866905,3733.298423989916,0.000646138914685785,0.008999488049312618,56755.85869614393,12.305688707060266
0.862711145016926,0.013901540260604885,569.677693029367,487.89617867265383,16157.555435900213,16021.912629357073,3601.5163899837335,0.0006112277926722878,0.008620994920321333,55409.23872024192,11.745154095697739
0.8403764543063608,0.013367380550136,549.0426509899332,470.3619264246896,15724.65089151396,15630.349164446101,3473.9642193700515,0.0005781353354684882,0.0082578577803961,54094.79228546386,11.20921491800351
0.818633245152106,0.012853512567037526,529.1401135279547,453.4457930743452,15303.64645932632,15247.840118847389,3350.5188629258587,0.0005467704141823409,0.007909475765562942,52811.74289697869,10.696832236757311
0.7974653451324886,0.012359173892883256,509.94458837136693,437.12638818033804,14894.204762103855,14874.184893190755,3231.0605289149676,0.0005170462807273883,0.007575270712341178,51559.33303514921,10.207009489744838
0.7768570417425883,0.011883630453357164,491.4314531473862,421.38304842671243,14495.998285826376,14509.187208465783,3115.472603597927,0.0004888803663203161,0.007254686326690417,50336.823685788084,9.73879080793656
0.7567930687547779,0.011426175475244936,473.57692628411235,406.195813335927,14108.709084612365,14152.655014432012,3003.641573625245,0.0004621940888239225,0.006947187382676766,49143.493882162904,9.291259399440056
0.7372585929995552,0.01098612848142995,456.35803886525434,391.54540177873815,13732.028494543685,13804.400399954677,2895.4569502727013,0.0004369126685656582,0.006652258949804761,47978.640258448526,8.863535996640312
0.7182392015533297,0.010562834322521796,439.75260740746796,377.4131892552938,13365.656856122398,13464.239505225712,2790.8111954781293,0.00041296495227661443,0.006369405647999153,46841.57661434988,8.45477736404851
0.6997208893202631,0.010155662243794706,423.73920753077493,363.7811859225923,13009.303245103905,13131.992435830642,2689.599649639584,0.00039028324481003146,0.006098150929257036,45731.63349060822,8.06417486448248
0.6816900469956744,0.00976400498616049,408.2971484934467,350.63201534420006,12662.685211456108,12807.483178622704,2591.7204611351513,0.0003688031483119926,0.005838036385026359,44648.15775512173,7.690953081298472
0.6641334493989214,0.009387277919946252,393.40644856356994,337.9488939389996,12325.528526201855,12490.539519366395,2497.0745175248976,0.00034846340853007644,0.005588621078400165,43590.51219941049,7.334368494486691
0.6470382441640655,0.009024918210291256,379.04781120045953,325.7156111063676,11997.56693590885,12180.992962113374,2405.5653783956204,0.0003292057679583656,0.005349480900248987,42558.07514517201,6.993708208531307
0.6303919407770054,0.00867638401301982,365.2026020198892,313.916510005945,11678.541924598596,11878.678650274554,2317.099209809053,0.0003109748255293048,0.00512020794844472,41550.24006066615,6.66828873001957
0.6141823999481107,0.008341153699887482,351.85282651790794,302.53646897082865,11368.202482851108,11583.435289352694,2231.5847203140693,0.0002937179025745592,0.0049004099293596445,40566.41518669003,6.357454793064746
0.5983978233097829,0.008018725112138575,338.9811085288276,291.5608835337235,11066.304883890964,11295.105071301092,2148.9330984833937,0.0002773849147882748,0.004689709580853616,39606.023171898116,6.060578230685238
0.583026743428655,0.0077086148413496635,326.5706693937079,280.9756490461856,10772.612466443732,11013.533600473878,2069.0579519348894,0.00026192824993685716,0.004487744115989788,38668.50071723247,5.777056890354749
0.5680580141225271,0.007410357536571568,314.60530781644275,270.76714387175747,10486.8954241601,10738.569821135012,1991.8752477974685,0.00024730265106980655,0.004294164686746842,37753.29822923666,5.506313592009047
0.5534808010724104,0.007123505236817207,303.06938038523293,260.92221313439967,10208.930601409758,10470.065946493047,1917.303254581169,0.0002334651049960792,0.004108635867021316,36859.87948202842,5.24779512686207
0.5392845727203985,0.006847626727977024,291.94778273796055,251.42815300419576,9938.501295253529,10207.877389229921,1845.2624854108783,0.00022037473580004238,0.003930835154238663,35987.7212877119,5.000971295448618
0.5254590914443542,0.006582306923276898,281.2259313506263,242.27269550290572,9675.397063407578,9951.862693492398,1775.6756425828496,0.00020799270318029082,0.00376045248891594,35136.31317502129,4.765333983372492
0.5119944050007059,0.006327146266424627,270.88974592870585,233.4439938124573,9419.413538018332,9701.883468315478,1708.4675634030693,0.00019628210540344697,0.0035971897915419567,34305.15707598497,4.540396273298031
0.498880838226932,0.006081760156622553,260.92563238188853,224.9306080700685,9170.352245073538,9457.804322447988,1643.5651672666047,0.00018520788667358452,0.003440760516163548,33493.76702041164,4.325691591780276
0.4861089849955624,0.005845778394652662,251.3204663632613,216.7214916341246,8928.020429278726,9219.492800550748,1580.8974039370962,0.0001747367487260829,0.0032908892200876243,32701.668837996684,4.120772889582732
0.4736697004118142,0.005618844649269649,242.06157735467994,208.80597780554044,8692.230884233693,8986.819320738747,1520.395202986016,0.00016483706646258707,0.003147311149129983,31928.399867864842,3.9252118541847243
0.4615540932472093,0.005400615943164484,233.13673328054074,201.1737669897289,8462.80178774914,8759.657113439076,1461.9914243517885,0.00015547880745129652,0.0030097718378614977,31173.50867535479,3.738598153230109
0.44975351860178725,0.005190762157787874,224.53412563279596,193.8149142848444,8239.556542147124,8537.882161537102,1405.6208099797022,0.00014663345512406744,0.002878026724321882,30436.55477586606,3.560538707717405
0.4382595707877481,0.00498896555634824,216.2423550906081,186.71981748239077,8022.323619394763,8321.373141783926,1351.2199365046013,0.00013827393550879026,0.0027518407786896832,29717.108365592394,3.3906569937780806
0.42706407642759786,0.004794920324323883,208.2504176185144,179.8792054667358,7810.936410924636,8110.011367438579,1298.7271689395857,0.00013037454734218999,0.00263098814541512,29014.750058966132,3.2285923719335963
0.4161590877600953,0.004608332126852422,200.54769102752036,173.2841270005017,7605.233081999202,7903.680732119265,1248.0826153356695,0.0001229108954146493,0.0025152517983398717,28329.070632644514,3.073999442765358
0.4055368761475004,0.004428917682383802,193.1239219840441,166.9259398832416,7405.056430481734,7702.267654838172,1199.2280823790754,0.0001158598270048299,0.002404423208344267,27659.670775874416,2.9265474279723183
0.39518992577784956,0.0042564043520051205,185.96921345208108,160.79630047117493,7210.253749879727,7505.661026195118,1152.1070318950522,0.00010919937126780244,0.0022983020230788066,27006.160847076473,2.7859195758307713
0.3851109275561692,0.0040905297438668395,179.07401255445194,154.8871535461801,7020.676696530624,7313.752155705709,1106.664538229426,0.00010290868144610874,0.0021966957583521504,26368.16063648535,2.6518125901087277
0.3752927731787496,0.003931041332160735,172.42909883944571,149.19072252261026,6836.18116080431,7126.434720240319,1062.8472464817187,9.696797977864626e-05,0.0020994195007628283,25745.29913470495,2.52393608152403
0.3657285493847696,0.0037776960901193812,166.02557293957676,143.6994999808582,6656.627142199687,6943.604713550469,1020.6033315663553,9.135850498753391e-05,0.0020062956211764345,25137.21430701804,2.4020120408704346
0.3564115323797674,0.0036302601365264717,159.85484560965472,138.40623851697006,6481.878628216934,6765.160396859952,979.8824580814787,8.606246222816245e-05,0.0019171534986637023,24543.552873314253,2.285774332969497
0.3473351824256099,0.0034885083952454795,153.9086271317114,133.30394189793006,6311.803476890543,6591.0022504982935,940.6357409678285,8.106297539248488e-05,0.0018318292545287018,23963.97009348985,2.1749682106390074
0.3384931385917965,0.0033522242672919646,148.17891707477838,128.38585651258916,6146.27330287128,6421.032926554719,902.8157069432134,7.634404166025597e-05,0.0017501654960689716,23398.12955818436,2.0693498478996117
0.3298792136630931,0.003221199314992085,142.6579943978687,123.64546310852742,5985.163366948915,6255.157202531276,866.3762567011585,7.189048819739775e-05,0.001672011069722157,22845.702984718548,1.9686858916715997
0.3214873891986507,0.0030952329577862894,137.33840788489246,119.07646880545383,5828.352468910989,6093.2819359740715,831.2726278652718,6.76879309049604e-05,0.0015972208232656881,22306.370018103356,1.872753031242553
0.3133118107379229,0.0029741321792531293,132.21296690060768,114.6727993760442,5675.722843635425,5935.3160200622115,797.4613586937473,6.372273512625608e-05,0.0015256553767476549,21779.8180369919,1.7813375848146091
0.30534678314883934,0.002857711244943522,127.27473245703979,110.42859178542808,5527.160060318623,5781.1703401342875,764.9002525311172,5.998197822370595e-05,0.0014571809018383056,21265.74196445113,1.6942351024665454
0.2975867661138432,0.0027457914306305673,122.51700858016848,106.33818698079372,5382.552924742857,5630.75773113277,733.5483430068107,5.645341394071726e-05,0.001391668909302457,20763.84408343087,1.6112499848919242
0.2900263697495368,0.002638200760594376,117.93333396697619,102.3961229228843,5241.7933844906365,5483.992935947067,703.3658599823021,5.312543846755622e-05,0.0013289960443034427,20273.833856812365,1.5321951172990367
0.2826603503558165,0.002534773755575065,113.51747392330546,98.5971278514064,5104.776437015491,5340.792564636399,674.3141962504764,4.9987058133663994e-05,0.001269043889259495,19795.427751921718,1.4568915178823725
0.2754836062905092,0.0024353511900403386,109.26341257325639,94.93611377662826,4971.4000404822455,5201.075054513984,646.355874992387,4.7027858652212384e-05,0.001211698773983007,19328.349069395812,1.385168000298035
0.26849117396564653,0.002339779858427007,105.16534533116688,91.40817018971458,4841.565027291741,5064.760631074525,619.454517997717,4.4237975845908945e-05,0.0011568515928426907,18872.327776291306,1.3168608495977023
0.26167822396164475,0.0022479123500279974,101.21767162749191,88.00855798456183,4715.175020208367,4931.771269747285,593.5748146560132,4.160806778613573e-05,0.0011043976286976016,18427.10034332951,1.251813511096774
0.2550400572557619,0.0021596068322083484,97.41498788020883,84.73270358415155,4592.136351010367,4802.030658457381,568.6824917260726,3.9129288280462616e-05,0.0010542363833607943,17992.409586174814,1.1898762916726902
0.24857210156133502,0.0020747268416452047,93.75208070361107,81.57619326465662,4472.35798158594,4675.464160978417,544.7442838908015,3.6793261646407135e-05,0.001006271414358863,17568.004510642782,1.1309060730090363
0.24226990777439905,0.001993141083297847,90.22392034663814,78.5347676707565,4355.7514274003815,4551.998781059767,521.727905104362,3.4592058712025005e-05,0.0009604101777617292,17153.64016174235,1.0747660363197868
0.23612914652440273,0.0019147232368244276,86.82565435314255,75.60431651583248,4242.230683261575,4431.563127312292,499.60202073752663,3.251817398652233e-05,0.0009165638768649189,16749.07747645358,1.0213253981060895
0.2301456048258407,0.0018393517701724227,83.5526014367302,72.78087346091792,4131.712151313623,4314.087378836569,478.33622052591727,3.0564503946572786e-05,0.0008746473165142318,16354.083140147954,0.9704591565154725
0.2243151828277185,0.0017669097600797213,80.40024556306074,70.06061116647544,4024.1145711902154,4199.5032515780285,457.9009923241821,2.8724326386416034e-05,0.000834578762869979,15968.42944655967,0.9220478478898887
0.21863389065786654,0.0016972847192326937,77.36423023271747,67.4398365112745,3919.358952262049,4087.74396539372,438.2676966672507,2.6991280782103083e-05,0.0007962798084150619,15591.894161219787,0.8759773131052628
0.21309784535921678,0.0016303684298370647,74.44035295798732,64.91498597281716,3817.368507913809,3978.744211815823,419.4085421376626,2.5359349622456182e-05,0.0007596752420180634,15224.260388264662,0.8321384733204403
0.20770326791523844,0.0015660567833659545,71.6245599271013,62.482621163952246,3718.0685917888,3872.440122497192,401.296561535522,2.3822840661408558e-05,0.0007246929238690607,14865.316440535442,0.7904271147683806
0.20244648036182733,0.0015042496262583191,68.91294084970053,60.13942452048452,3621.3866359409703,3768.769238324675,383.90558884512154,2.2376370048411053e-05,0.0006912636651122777,14514.855712885303,0.7507436822366511
0.19732390298302163,0.0014448506113490535,66.30172397749291,57.88219513476314,3527.25209083616,3667.670479186143,367.21023698957305,2.1014846295522145e-05,0.000659321112005838,14172.676558615065,0.7129930808979676
0.19233205158800384,0.0013877670548201138,63.787271294266915,55.70784473038673,3435.596367145517,3569.08411437751,351.18587636206695,1.973345504164775e-05,0.0006288016344448537,13838.582168957637,0.6770844861646794
0.1874675348669242,0.0013329097984696031,61.36607386961067,53.613393773333854,3346.352779276933,3472.9517336362837,335.8086141196349,1.852764457617054e-05,0.0005996442186897901,13512.380455535476,0.6429311612537322
0.18272705182316493,0.001280193077103176,59.034747370881135,51.59596771497046,3259.4564905906855,3379.2162187885056,321.05527422260406,1.739311208590486e-05,0.0005717903641475932,13193.883935716613,0.6104502821608323
0.17810738927973205,0.0012295343908592731,56.79002772813488,49.65279336254202,3174.8444602482687,3287.821715996163,306.9033782003235,1.6325790590937982e-05,0.0005451839840584495,12882.909620796709,0.5795627697541268
0.17360541945754002,0.0011808543822865263,54.628766946909444,47.781195372897606,3092.455391644208,3198.7136085924735,293.33112662129787,1.5321836536475996e-05,0.0005197713099461794,12579.278906936564,0.5501931287090243
0.16921809762342116,0.0011340767179982977,52.547929063918055,45.97859286533402,3012.2296823726306,3111.838490492662,280.3173812435746,1.437761800929895e-05,0.0004955007996952596,12282.817468785488,0.5222692930164425
0.16494245980576117,0.0010891279747357362,50.544586240868085,44.2424961495832,2934.109375681506,3027.144140168166,267.84164781919367,1.3489703548859671e-05,0.00047232304912230824,11993.355155723988,0.4957224778072459
0.16077562057572728,0.0010459375296768272,48.61591499178544,42.57050356509845,2858.038113369384,2944.5794951723888,255.8840595246908,1.2654851524420862e-05,0.0004501907069144956,11710.725890660506,0.4704870372454653
0.15671477089211913,0.0010044374548348863,46.759192539366246,40.960298427913884,2783.961090080304,2864.0946272064098,244.425360988131,1.1870000050934925e-05,0.00042905839281185077,11434.767571317521,0.44650032825250935
0.15275717600793476,0.0009645624153956462,44.97179329603289,39.40964608148485,2711.8250089543217,2785.640717713316,233.4468928819178,1.1132257417617405e-05,0.0004088826189147448,11165.321973945285,0.4237025798337579
0.1489001734368035,0.0009262495718476071,43.25118546551156,37.91639104802694,2641.57803859232,2709.170033990037,222.93057704971108,1.043889300436255e-05,0.00038962171400207094,10902.234659403017,0.4020367677877117
0.1451411709774911,0.0008894384857655556,41.59492776087953,36.478454276986824,2573.169771294855,2634.635905805726,212.85890213516922,9.78732866229084e-06,0.0003712357507496026,10645.354881547491,0.3814484945863319
0.14147764479474823,0.0008540710291124221,40.00066623517325,35.09383048739364,2506.5511825363806,2561.992702516154,203.21490967998614,9.175130535815768e-06,0.00035368647574201797,10394.535497872008,0.3618858742234424
0.1379071375548162,0.0008200912969294307,38.46613122077289,33.76058560094122,2441.6745916370073,2491.1958106635725,193.98218065869025,8.600001304659293e-06,0.0003369372421757558,10149.632882339924,0.3432994218357461
0.13442725661396254,0.0007874455232893186,36.989134373899326,32.47685426275769,2378.49362359545,2422.2016120518847,185.14482241803955,8.059772825248861e-06,0.0003209529451535645,9910.506840357075,0.3256419479086289
0.13103567225846866,0.0007560820003919923,35.5675658206897,31.24083744692103,2316.96317204766,2354.9674622871053,176.68745598946452,7.552399151884459e-06,0.0003056999594750991,9677.020525830427,0.30886845688607
0.12773011599453976,0.0007259510006863597,34.19939140142392,30.05080014387158,2257.0393633170916,2289.4516697733075,168.59520374392005,7.075949918978242e-06,0.00029114607983131814,9449.040360261113,0.29293605001098316
0.12450837888665488,0.0006970047019063688,32.88265000959704,28.90506912697123,2198.6795215230945,2225.6134751544832,160.85367735965775,6.628604066544718e-06,0.0002772604633137169,9226.435953820488,0.2778038322288988
0.1213683099429219,0.0006691971149133755,31.615451022635284,27.802030795547605,2141.8421347155336,2163.413031192919,153.44896607481155,6.208643891954231e-06,0.00026401357415258036,9009.08002836043,0.26343282299437043
0.1183078145460448,0.0006424840142408993,30.395971821161385,26.74012909184975,2086.4868220042363,2102.8113830748944,146.3676251982617,5.8144494117611704e-06,0.00025137713060151355,8796.848342309038,0.2497858708255943
0.1153248529285555,0.0006168228712416607,29.222455393818333,25.717863489426996,2032.574301653262,2043.7704491347072,139.59666485398813,5.444493018181945e-06,0.00023932405388844513,8589.619617406172,0.23682757145866415
0.11241743869100305,0.0005921727897404405,28.093208024759065,24.733787050524345,1980.0663601104352,1986.2530019882126,133.12353893600715,5.09733441552624e-06,0.00022782841915614595,8387.275467231182,0.22452418945858063
0.10958363736183281,0.0005684944440998552,27.006597061002992,23.786504550171056,1928.925821944044,1930.2226500672402,126.93613425296834,4.771615822582176e-06,0.00021686540831806223,8189.700327479943,0.2128435831495491
0.10682156499772948,0.0005457500196095437,25.961048756958508,22.874670664708184,1879.1165206590017,1875.64381954646,121.02275984356193,4.466057427620646e-06,0.00020641126475791558,7996.78138794638,0.2017551327324143
0.10412938682323193,0.0005239031551125477,24.955046193494038,21.996988222586175,1830.6032703659448,1822.481736654404,115.372136445987,4.179453083320174e-06,0.0001964432498040727,7808.408526167044,0.1912296714620759
0.10150531590846928,0.0005029188877858432,23.987127269032914,21.152206515325677,1783.3518382773957,1770.7024103605747,109.97338610687221,3.910666229520133e-06,0.00018693960091218674,7624.4742426876055,0.18123941976260724
0.09894761188389693,0.00048276359999499725,23.055882760225508,20.339119666610564,1737.328918005919,1720.2726154306763,104.81602191714367,3.658626032289247e-06,0.00017787949149196525,7444.873597909487,0.17175792216244948
0.09645457969095202,0.00046340496814592416,22.15995444983933,19.55656505754839,1692.5021036401313,1671.1598758422447,99.88993786443352,3.4223237283498754e-06,0.00016924299231626638,7269.504150479272,0.16275998693656682
0.09402456836757618,0.00044481191345948344,21.298033319581197,18.803421806197814,1648.839864575035,1623.332448553051,95.18539879363232,3.2008091644263847e-06,0.00016101103445291537,7098.265897181447,0.15422162834671813
0.09165596986758685,0.00042695455459743737,20.468857805645044,18.07860929952565,1606.3115210737685,1576.7593076148426,90.6930304691412,2.9931875215894696e-06,0.0001531653736618033,6931.061214297593,0.14612001137519354
0.08934721791291172,0.00040980416207089506,19.671212114851453,17.3810857760192,1564.887220538988,1531.410128625153,86.40380973422276,2.7986162151498776e-06,0.00014568855620189638,6767.794800395573,0.13843339885132433
0.08709678687772691,0.00039333311436490914,18.903924599314518,16.7098469572361,1524.5379144721535,1487.2552735100212,82.3090547645778,2.6163019611130807e-06,0.00013856388599478464,6608.373620513435,0.13114110087392786
0.0849031907035728,0.0003775148557153372,18.165866187644415,16.06392472663375,1485.2353361003209,1444.2657756306642,78.40041541488597,2.4454980006446582e-06,0.00013177539309333926,6452.7068517031985,0.12422342643653733
0.08276498184454704,0.00036232385547642945,17.45594887075673,15.442385854072695,1446.9519786501573,1402.4133252072493,74.66986365850866,2.285501474413586e-06,0.00012530780340590301,6300.705829901136,0.11766163716581901
0.08068075024170175,0.000347735569019871,16.773124240425233,14.844330764444328,1409.661074249745,1361.6702550530736,71.10968412187731,2.135650939078812e-06,0.00011914650962824262,6152.283998091738,0.11143790308700038
0.07864912232580054,0.00033372640010819577,16.11638207877918,14.26889234892405,1373.336573439443,1322.0095266126116,67.71246471626249,1.995324018564523e-06,0.00011327754333723495,6007.35685573283,0.10553526033342049
0.07666876004761403,0.0003202736646875926,15.484748997002805,13.715234817400875,1337.9531252733402,1283.4047162969991,64.47108737063324,1.8639351831314486e-06,0.0001076875482019236,5865.84190941144,0.09993757072048413
0.07473835993495805,0.0003073555560471463,14.877287121556488,13.18255259068318,1303.486057993768,1245.83000211067,61.37871887018359,1.740933649596769e-06,0.00010236375426921204,5727.658624699428,0.09462948310734606
0.0728566521757051,0.00029495111129352605,14.293092826292227,12.670069231126467,1269.9113602615946,1209.260150563015,58.428801805814864,1.6258013963846747e-06,9.729395328301514e-05,5592.728379179492,0.08959639647258989
0.07102239972601893,0.0002830401790919963,13.73129550889407,12.177036410376306,1237.2056629257088,1173.6705038590203,55.615045640424,1.5180512874028668e-06,9.246647499719767e-05,5460.9744166125365,0.08482442463299024
0.06923439744308797,0.0002716033886264599,13.191056410123421,11.702732912960123,1205.3462213155854,1139.0369673630018,52.93141789827031,1.4172252990395473e-06,8.787016444408585e-05,5332.321802218033,0.08030036253716676
0.06749147124165368,0.0002606221197329672,12.67156747440283,11.246463674506407,1174.3108980413026,1105.3359973296567,50.3721354839741,1.322892844860035e-06,8.349436012173656e-05,5206.697379040656,0.07601165406856292
0.06579247727365188,0.00025007847416284125,12.17205025031927,10.807558853410715,1144.0781462858322,1072.5445888967931,47.931656137856564,1.2346491928538663e-06,7.932887306450829e-05,5084.0297253753815,0.07194636129470057
0.06413630113030402,0.00023995524793315123,11.691754829677334,10.385372934805646,1114.6269935749933,1040.6402643341873,45.60467003436097,1.1521139703412147e-06,7.536396676277589e-05,4964.249113225527,0.06809313510209852
0.0625218570660176,0.00023023590472386892,11.229958823777066,9.979283865732079,1085.9370260108194,1009.6010615431676,43.386091530220355,1.0749297518942492e-06,7.159033789890005e-05,4847.28746776842,0.06444118715857997
0.06094808724347196,0.0002209045502825172,10.785966375637416,9.5886922204454,1057.9883729545277,979.4055228016139,41.27105106885778,1.002760725862977e-06,6.79990978677719e-05,4733.078327803521,0.060980263146953484
0.05941396099928637,0.00021194590779859238,10.359107206928597,9.213020394825651,1030.7616921457811,950.032683749186,39.25488724723776,9.352914353187448e-07,6.458175505142768e-05,4621.556807158821,0.057700617216226
0.05791847412968266,0.00020334529421142254,9.948735698417872,8.851711828896477,1004.2381552452607,921.4620626076897,37.333139051039275,8.722255894408239e-07,6.133019781835983e-05,4512.659557032192,0.05459298759859614
0.05646064819557566,0.00019508859741648485,9.554230002774883,8.504230256489553,978.399433788022,893.6736496316124,35.501538263607095,8.132849415739791e-07,5.8236678219242956e-05,4406.324729244448,0.05164857334250385
0.055039529846538385,0.00018716225433649004,9.174991188620915,8.170058981125276,953.2276855354276,866.6478967839514,33.756002053663146,7.582082303773309e-07,5.529379635184224e-05,4302.49194038183,0.04885901211394743
0.053654190163107365,0.0001795532298247988,8.810442414743331,7.848700177210235,928.7055412139415,840.3657076325651,32.09262574623965,7.067501806680919e-07,5.249448536889077e-05,4201.102236806015,0.04621635902016092
0.052303724016908706,0.00017224899636993576,8.460028133434985,7.539674215683663,904.816091629248,814.8084274623808,30.507675780738712,6.586805607381038e-07,4.9831997103698705e-05,4102.098060510283,0.043713066411550476
0.050987249448100895,0.0001652375145711244,8.1232133219515,7.242519013273173,881.542875144739,789.9578335988806,28.99758285943666,6.13783293086806e-07,4.7299888289202105e-05,4005.4232158010473,0.04134196461952571
0.04970390705964552,0.00015850721435588691,7.799482741114655,6.956789404549057,858.8698655135208,765.7961259383959,27.55893528914851,5.718556156721464e-07,4.489200734706972e-05,3911.022836784646,0.039096243589546636
0.04845285942793112,0.0001520469769118237,7.488340220122725,6.682056535993397,836.7814600536169,742.3059176808233,26.18847251815398,5.327072909308576e-07,4.26024817243627e-05,3818.8433556395944,0.036969435370319985
0.04723329052929003,0.00014584611730572924,7.189307966660271,6.417907281327323,815.2624681561924,719.4702262604728,24.88307886987087,4.961598599621913e-07,4.042570575609097e-05,3728.832471654592,0.03495539742164031
0.04604440518196131,0.00013989436776419225,6.901925901431155,6.163943677364301,794.2981001170947,697.2724644708544,23.639777474150208,4.6204593940482396e-07,3.835632903282402e-05,3640.939121014466,0.03304829670487393
0.04488542850306579,0.00013418186159079665,6.625751016267506,5.91978237968328,773.8739562821698,675.6964317792808,22.45572439646883,4.302085586655343e-07,3.638924525330076e-05,3555.113447314518,0.031242594521531473
0.0437556053801726,0.00012869911769595912,6.360356754997156,5.685054137438075,753.9760164971848,654.7263058272704,21.328202964711178,4.0050053528079825e-07,3.451958154274289e-05,3471.3067727865114,0.0295330320667724
0.042654199957048465,0.00012343702571633548,6.105332416279181,5.4594032866438775,734.5906298534313,634.3466341128048,20.254618292673438,3.727838863088936e-07,3.274268821830684e-05,3389.471570218251,0.027914616666029728
0.04158049513319338,0.00011838683170158656,5.860282577644027,5.242487261303022,715.7045047203866,614.54232585059,19.232491998886626,3.4692927376071167e-07,3.105412898381314e-05,3309.561435549872,0.02638260866423855
0.0405337920767774,0.00011354012434711807,5.624826540001267,5.033976121754107,697.3046990570003,595.2986440065365,18.259457118851913,3.2281548218259526e-07,2.944967153657277e-05,3231.5310611304103,0.02493250893840376
0.03951340975060521,0.00010888882175221156,5.398597791902527,4.833552099649836,679.3786109935592,576.6011975027735,17.333253208308683,3.0032892660437104e-07,2.792527856978462e-05,3155.336209618547,0.023560047005444677
0.03851868445074566,0.00010442515868372636,5.181243492871978,4.640909158988489,661.91396967618,558.4359335895788,16.45172163471865,2.793631891605197e-07,2.647709915460793e-05,3080.933688511505,0.022261169698413887
0.03754896935747391,0.00010014167432629253,4.972423975139691,4.455752572643842,644.8988263663239,540.7891303806794,15.61280105374783,2.598185827825142e-07,2.510146048662313e-05,3008.2813252870465,0.02103203038530505
0.03660363409818452,9.603120050063116e-05,4.771812263136128,4.27779851385688,628.3215457879362,523.6473895484687,14.814523067165362,2.416017404457871e-07,2.379485998198042e-05,2937.3379431434932,0.019868978705741988
0.03568206432194335,9.208685033231605e-05,4.57909361012834,4.106773662171531,612.1707977149883,506.9976291757559,14.055008058252104,2.2462522853597518e-07,2.2553957709098067e-05,2868.06333732304,0.01876855080187475
0.0347836612853562,8.83020073539591e-05,4.39396505139875,3.9424148233134226,596.4355487925138,490.8270767607254,13.332461200524579,2.0880718297608334e-07,2.1375569142319558e-05,2800.4182520043364,0.017727460020808515
0.03390784144944096,8.467031502443171e-05,4.216134973388704,3.7844685625282315,581.1050545842929,475.12326237187966,12.645168635330586,1.9407096682930338e-07,2.0256658224459815e-05,2734.364357750425,0.016742588066851163
0.03305403608719972,8.118566664935194e-05,4.045322698248389,3.6326908509126654,566.1688518407686,459.87401194980043,11.991493813660004,1.803448481615771e-07,1.9194330725677377e-05,2669.8642294982765,0.01581097658278878
0.03222169090159528,7.78421956876517e-05,3.8812580832538517,3.48684672428661,551.6167509806871,445.06744075262714,11.369873997338201,1.6756169701378103e-07,1.8185827886595375e-05,2606.8813250769945,0.014929819140290602
0.03141026565364612,7.463426642961119e-05,3.7236811345704575,3.3467099541709384,537.4388287804289,430.6919469422509,10.778816914627876,1.5565870039580487e-07,1.722852033406207e-05,2545.3799642416084,0.014096453620398028
0.030619233800360912,7.155646503229195e-05,3.5723416348599613,3.212062730449796,523.6254212649703,416.73620530826514,10.216897565157154,1.4457709427399706e-07,1.6319902258394236e-05,2485.3253082101673,0.013308354965878627
0.029848082142242868,6.860359089882685e-05,3.426998784245534,3.082695355310832,510.1671167947273,403.1891611268104,9.682755169014785,1.3426191157955123e-07,1.545758584137879e-05,2426.683339691415,0.01256312828801638
0.0290963104801008,6.577064838853378e-05,3.2874208541658443,2.9584059480708658,497.05474934262537,390.0400241515027,9.17509025480708,1.2466174531861497e-07,1.4639295924729703e-05,2369.4208433916997,0.011858502311170895
0.02836343128091256,6.305283884530677e-05,3.153384853665576,2.8390001605073527,484.27939195597423,377.2782627337336,8.692661881451643,1.1572852591535019e-07,1.3862864909097439e-05,2313.5053869889753,0.011192323139172233
0.02764896935249271,6.044555293221013e-05,3.0246762076849505,2.7242909023296775,471.8323503978156,364.89359806967394,8.234284988489948,1.0741731196695176e-07,1.3126227874117417e-05,2258.905302562855,0.010562548328318298
0.026952461526724182,5.794436326065236e-05,2.9010884469262934,2.6140980764362483,459.70515696266045,352.8759985714104,7.798827869730956,9.968609363494802e-08,1.2427417910358012e-05,2205.589668469386,0.009967241252420588
0.026273456351120023,5.5545017302954524e-05,2.7824229088899184,2.508248323615922,447.8895644615867,341.2156743597012,7.385209765089871,9.249560794000667e-08,1.1764561654386405e-05,2153.5282916499664,0.00940456574599155
0.025611513788488374,5.324343057754611e-05,2.668488449685949,2.406574776363541,436.37754037191337,329.9030718759188,6.992398565557151,8.580916526813352e-08,1.113587501851943e-05,2102.6916903637916,0.008872781012290255
0.02496620492448012,5.1035680096427195e-05,2.5591011662419363,2.3089168214911675,425.1612611467267,318.92886861080945,6.619408626321349,7.959248643465316e-08,1.0539659107157079e-05,2053.0510773334363,0.008370236783542184
0.024337111682804745,4.8917998064922917e-05,2.454084128539473,2.215119871227084,414.23310667973254,308.2839679477788,6.265298683173071,7.381354968883033e-08,9.974296311919045e-06,2004.5783432937358,0.007895368721221598
0.02372382654790656,4.68867658241339e-05,2.3532671215258447,2.1250351425055594,403.5856549210287,297.9594941184701,5.92916986743407,6.844244707651333e-08,9.438246578112524e-06,1957.2460409340017,0.007446694044837836
0.023125952294898878,4.4938508026845387e-05,2.256486396358395,2.038519444160257,393.2116766394892,287.94678726847224,5.6101638147839035,6.345124961086781e-08,8.93004383535681e-06,1911.027369224309,0.007022807378192881
0.022543101726559434,4.3069887038004597e-05,2.1635844306519583,1.9554349717442288,383.10413032764774,278.23739863105146,5.307460863493914,5.881388073221093e-08,8.44829258547553e-06,1865.896158116117,0.006622376802585696
0.021974897417196444,4.12776975512133e-05,2.074409697410378,1.8756491097090067,373.2561572449991,268.8230858068544,5.020278337724125,5.45059975672311e-08,7.991664641043643e-06,1821.8268536087232,0.006244140106923323
0.02142097146319946,3.955886141300119e-05,1.9888164423346035,1.7990342406842479,363.66107659586856,259.69580814758126,4.747868911689956,5.050487952558665e-08,7.558896008239374e-06,1778.7945031721329,0.005886901225163949
0.02088096524009474,3.791042264695876e-05,1.9066644692105408,1.7254675616085482,354.3123808379916,250.84772224166719,4.489519050662028,4.678932379808319e-08,7.148783907907336e-06,1736.7747415180816,0.005549526851962826
0.020354529165929988,3.632954267010508e-05,1.8278189330897578,1.654830906470588,345.2037311181727,242.27117750004317,4.244547524921669,4.333954734542628e-08,6.760183928982753e-06,1695.7437767107428,0.00523094322781813
0.019841322470818025,3.481349569415366e-05,1.7521501409866131,1.5870105754278825,336.32895283141966,233.95871184006975,4.01230399295618,4.0137094989986063e-08,6.3920073086631935e-06,1655.6783766087533,0.004930133085422177
0.01934101297247395,3.335966430461748e-05,1.6795333598245663,1.5218971700786887,327.68203130007714,225.90304746575393,3.7921676503399606,3.716475324518998e-08,6.043218333940308e-06,1616.5558556306967,0.004646132749314216
0.01885327685758473,3.196553521095892e-05,1.609848631373996,1.4593854346702209,319.2571075696279,218.09708674235281,3.5835459409094037,3.4406469538113643e-08,5.712831859321954e-06,1578.3540618361753,0.004378029381304191
0.01837779846885514,3.0628695161248016e-05,1.542980593932593,1.3993741030338502,311.04847431785413,210.53390816346976,3.385873327000139,3.184727650065655e-08,5.399910935784855e-06,1541.0513643148702,0.004124958364494962
0.0179142700975777,2.9346827015038933e-05,1.4788183105083583,1.3417657510451761,303.0505718742119,203.20676240871313,3.198610115673285,2.947322102341412e-08,5.1035645461992345e-06,1504.6266408760976,0.0038861008190710757
0.017462391781579056,2.811770596841246e-05,1.4172551032732452,1.2864666544139383,295.2579843463195,196.10906848996558,3.0212413380134113,2.7271297784054488e-08,4.822945442660722e-06,1469.0592660317095,0.0036606812433495413
0.01702187110839917,2.693919592536087e-05,1.3581883940638728,1.2333866516153118,287.6654358505916,189.23440998425892,2.8532756787324325,2.5229386978721918e-08,4.55724808135082e-06,1434.3290992651828,0.0034479652738990604
0.01659242302356351,2.580924600991152e-05,1.3015195507134276,1.182439011780865,280.2677868440981,182.57653135119784,2.694244453462084,2.3336196000784148e-08,4.30570665072657e-06,1400.4164735800134,0.0032472575588326905
0.01617376964381267,2.4725887213598515e-05,1.2471537390063412,1.1335403073735784,273.0600305548327,176.12933433280745,2.543700631260812,2.1581204826154507e-08,4.067593189011873e-06,1367.302184320731,0.003057899738662653
0.01576564007515729,2.368722917309482e-05,1.1949997800547456,1.0866102914775242,266.037289507673,169.886874433614,2.401217899999596,1.9954614878501887e-08,3.842215787128486e-06,1334.9674782598927,0.002879268529377779
0.015367770235630126,2.269145707301408e-05,1.1449700129027105,1.041571779538628,259.1948121433401,163.84335747868275,2.2663897724246107,1.8447301160960526e-08,3.628916873363614e-06,1303.394042944688,0.002710773902662952
0.014979902682610199,2.173682866908053e-05,1.0969801621708843,0.9983505353986258,252.52796952782586,157.99313624726258,2.1388287308224005,1.7050767453501672e-08,3.4270715762236434e-06,1272.5639962969335,0.0025518573584266987
0.01460178644459804,2.082167142704751e-05,1.0509492105611118,0.9568751614698243,246.0322521497392,152.3307071796094,2.0181654083357934,1.5757104386976177e-08,3.2360861620706483e-06,1242.4598764603356,0.0024019902850390723
0.014233176857323835,1.994437977291975e-05,1.0067992760464206,0.9170769929035724,239.70326680316347,146.85070715448197,1.9040478050951515,1.4558950216016249e-08,3.0553965442789654e-06,1213.064631889014,0.0022606724029060232
0.01387383540407381,1.9103412450203938e-05,0.9644554935783959,0.8788899956104603,233.5367335536576,141.54791033474038,1.7961405374406316,1.3449454123529377e-08,2.884466860784876e-06,1184.3616116716387,0.0021274302872211224
0.013523529560123307,1.829728998007379e-05,0.9238459011494774,0.8422506679951682,227.5284827851147,136.41722507841922,1.6941241186159568,1.2422241899468293e-08,2.7227881170323744e-06,1156.3345560852943,0.0020018159659388247
0.01318203264116805,1.7524592220492295e-05,0.8849013300536093,0.8070979462737977,221.67445232522965,131.45369091261102,1.5976942694138108,1.1471383845942603e-08,2.569876891443229e-06,1128.9675873737938,0.0018834055892083949
0.012849123655648104,1.6783956020484343e-05,0.847555299194189,0.7733731132458929,215.9706846474424,126.65247556746947,1.5065612573464293,1.0591364769586035e-08,2.425274100659396e-06,1102.245200744897,0.0017717981666923088
0.012524587160861857,1.6074072965897165e-05,0.8117439132934883,0.7410197103980922,210.41332414722802,122.0088720676462,1.4204492630032517,9.777055930434756e-09,2.2885438219212434e-06,1076.152255581177,0.0016666143693693297
0.012208213122770284,1.5393687213125672e-05,0.7774057648628777,0.7099834532204143,204.99861449071167,117.51829587849805,1.3390957723401058,9.023688824436237e-09,2.1592721700557634e-06,1050.6739668594848,0.0015674953925902465
0.011899796779394359,1.4741593407413878e-05,0.744481839798252,0.6802121496204732,199.72289603361943,113.17628210445466,1.262250993722005,8.326830684118959e-09,2.0370662266552563e-06,1025.7958967739917,0.0014741018773140593
0.011599138507711175,1.411663468247189e-05,0.7129154264696301,0.6516556213248741,194.58260330863465,108.97848273701851,1.18967729861384,7.682361588936105e-09,1.9215530191289564e-06,1001.5039465578508,0.001386112886604191
0.011306043693957046,1.3517700738273213e-05,0.6826520281787865,0.6242656281609535,189.57426257929671,104.9206639499827,1.121148684880967,7.086453083376532e-09,1.8123785474082155e-06,977.7843484988355,0.0013032249346092342
0.011020322607247989,1.2943725994015479e-05,0.6536392788629491,0.5979957951157232,184.69448945862862,100.99870343959095,1.0564502617243452,6.535548207132949e-09,1.709206856179711e-06,954.6236581441508,0.0012251510653900743
0.01074179027643095,1.2393687813343378e-05,0.6258268619271746,0.5728015420725074,179.93998659071016,97.2085878075426,0.9953777553333525,6.026342847455306e-09,1.6117191506115667e-06,932.0087466900956,0.0011516199790862953
0.010470266370081019,1.1866604799042866e-05,0.5991664320919834,0.5486400161292756,175.3075413935019,93.54640998494247,0.9377370343935402,5.555768329311503e-09,1.519612953623838e-06,909.9267935519356,0.0010823752030392011
0.010205575079562415,1.1361535154522532e-05,0.5736115401468953,0.5254700264060181,170.79402386124002,90.00836669552618,0.8833436546366513,5.120975164154052e-09,1.4326013028379963e-06,888.3652791097999,0.0010171743056071958
0.009947545005073262,1.087757510949987e-05,0.5491175605044635,0.5032519812517475,166.39638442479514,86.59075595674332,0.832022421666643,4.719317882959741e-09,1.3504119854197105e-06,867.3119776263713,0.0009557881505218086
0.00969600904459617,1.0413857407409486e-05,0.5256416214530373,0.481947827764897,162.11165186840103,83.28997461755107,0.7836069713381967,4.348340883794647e-09,1.272786809105934e-06,846.7549503322441,0.0008980001897397294
0.009450804285678982,9.969549852144644e-06,0.5031425380101404,0.4615209935438775,157.93693130125274,80.10251593205982,0.7379393670036865,4.005765228468908e-09,1.1994809077805282e-06,826.6825386749033,0.0008436057928479198
0.00921177189997186,9.543853911835123e-06,0.4815807472818491,0.44193633058751697,153.8694021824607,77.0249671684676,0.6948697129809114,3.689476326903242e-09,1.1302620800332682e-06,807.0833577275233,0.0007924116111756802
0.008978757040449035,9.136003377451837e-06,0.4609182462369096,0.42316006126787725,149.90631639793986,74.05400725302071,0.6542557836273641,3.3975124516462083e-09,1.0649101592044505e-06,787.9462897536212,0.0007442349748593695
0.00875160874124537,8.745263074113743e-06,0.44111853180755667,0.40515972630076597,146.04499638781343,71.18640444904112,0.6159626674375945,3.1280540285698326e-09,1.0032164134822867e-06,769.2604779239776,0.0006989033211930029
0.008530179820039866,8.37092762305343e-06,0.42214654323217404,0.387904134641792,142.28283332297957,68.41901407134982,0.579862425608534,2.879413653145871e-09,9.449829746822435e-07,751.0153201821112,0.0006562536526809567
0.008314326782919917,8.012320252276054e-06,0.4039686065579207,0.3713633152384312,138.61728532950823,65.7487762366968,0.5458337645436315,2.650026784877904e-09,8.900222943971276e-07,733.2004632547377,0.000616132023287913
0.008103909731662081,7.668791654021952e-06,0.386552381224398,0.35550847057101076,135.0458757595829,63.17271365106698,0.5137617217906466,2.4384430754457476e-09,8.381566262638498e-07,715.805796803868,0.0005783930514562977
0.007898792273366678,7.339718887215261e-06,0.3698668086522272,0.34031193191785836,131.56619150773724,60.68792943496688,0.48353736492987154,2.243318288920841e-09,7.892175331475005e-07,698.8214477170197,0.0005428994585327097
0.007698841432385329,7.024504323150833e-06,0.35388206276313666,0.32574711628218944,128.17588137116746,58.29160498799975,0.4550575029498747,2.0634067750444178e-09,7.43045418095871e-07,682.237774532371,0.000509521631312597
0.007503927564482109,6.722574632738655e-06,0.33856950236079625,0.3117884849205112,124.87265445293245,55.98099789420882,0.4282244096664905,1.8975544590324153e-09,6.994890779678917e-07,666.0453619955708,0.0004781372074768737
0.007313924273170563,6.433379813689627e-06,0.32390162530413213,0.2984115034144317,121.6542786069023,53.75343986979893,0.40294555875802135,1.7446923136949007e-09,6.584052786876192e-07,650.2350157450811,0.0004486306827553454
0.0071287083281704675,6.156392256088511e-06,0.30985202440734133,0.2855926032298492,118.51857892332639,51.60633475493802,0.37913337000554426,1.6038302818379923e-09,6.196583511216299e-07,634.7977571229885,0.0004208930387099788
0.0069481595859295624,5.8911058448595214e-06,0.2963953450031489,0.27330914470945916,115.46343625394384,49.53715655138646,0.35670496634194687,1.4740516189644159e-09,5.831198066219372e-07,619.7248181083339,0.0003948213900863251
0.006772160912157103,5.637035097687727e-06,0.2835072441081592,0.26153938144647704,112.48678577556568,47.54344750770633,0.3355819413270605,1.3545076282108655e-09,5.486679713189615e-07,605.0076363699851,0.00037031865073393593
0.0066005981063173265,5.393714337014361e-06,0.27116435113130727,0.25026242598926174,109.58661559112153,45.622816253759886,0.3156901366789898,1.2444127612641267e-09,5.161876382896911e-07,590.6378504362148,0.0003472932171465455
0.0064333598280324426,5.160696894777575e-06,0.25934423006858753,0.23945821682838223,106.76096536715009,43.77293598612202,0.2969594295036864,1.1430400606906899e-09,4.855697367651187e-07,576.6072949782772,0.0003256586687202237
0.006270337525346003,4.937554348621171e-06,0.24802534312922422,0.22910748661934938,104.00792500677798,41.99154270590463,0.2793235288760087,1.0497169207022988e-09,4.56711017578276e-07,562.9079962051743,0.0003053334838728165
0.006111425364798879,4.723875788343037e-06,0.23718701574047116,0.21919173159591834,101.32563335723142,40.27643351032336,0.2627197814360291,9.638211448693747e-10,4.2951375408989883e-07,549.5321673670376,0.00028624077121084307
0.005956520163271225,4.519267111402451e-06,0.22680940288010387,0.209693182130464,98.71227695097119,38.625464939135504,0.2470889856743345,8.847772806908789e-10,4.0388545786293386e-07,536.4722043644952,0.0002683080149707473
0.005805521321545254,4.323350346350902e-06,0.21687345668749677,0.20059477439950413,96.16608877955315,37.036551376845146,0.2323752145895057,8.12053212238772e-10,3.7973860838982274e-07,523.7206814615603,0.00025146683400016086
0.005658330759544428,4.1357630030946085e-06,0.2073608953059822,0.19188012311391545,93.6853470993403,35.50766351130538,0.2185256464099636,7.451569933226164e-10,3.5699039620780045e-07,511.27034709951596,0.00023565275358157655
0.005514852853206459,3.9561574489395985e-06,0.19825417291086436,0.1835334952748504,91.2683742682339,34.03682684907271,0.20549040308102684,6.836339047706114e-10,3.3556247876749513e-07,499.1141198094585,0.0002208049894358832
0.005374994372948007,3.784200309410199e-06,0.18953645087911936,0.17553978491775146,88.9135356125903,32.622120287561316,0.1932223962262958,6.270637205013245e-10,3.153807484487484e-07,487.24508422111035,0.00020686624327642488
0.005238664423680473,3.619571892870926e-06,0.1811915700584258,0.16788448880821266,86.61923832353312,31.261674743739167,0.18167718030048108,5.750581680702769e-10,2.9637511214509665e-07,475.65648716564016,0.00019378250931586198
0.005105774386337187,3.4619656380194366e-06,0.17320402409465374,0.16055368305471668,84.38393038187169,29.95367183879215,0.17081281265855697,5.272585703218521e-10,2.7847928186462686e-07,464.34173387027533,0.00018150289115818658
0.004976237860873389,3.3110875833539902e-06,0.1655589337784849,0.15353400060455696,82.20609951088736,28.69634263786821,0.1605897202736486,4.833336556628151e-10,2.616305758200617e-07,453.2943842424641,0.0001699794285367843
0.004849970610701405,3.1666558577536967e-06,0.15824202237320403,0.1468126095904375,80.08427215623361,27.487966443705766,0.15097057284340576,4.429775253033116e-10,2.457697295050156e-07,442.5081492415659,0.00015916693338659612
0.004726890508524312,3.0284001913430946e-06,0.15123959188712618,0.14037719249642408,78.01701249224524,26.326869642655158,0.14192016203180866,4.0590776658792225e-10,2.3084071627635977e-07,431.9768873358787,0.00014902283476425553
0.004606917483532563,2.896061445844868e-06,0.1445385002554096,0.13421592611305616,76.00292145396234,25.211424601323188,0.1334052866003923,3.718637022660121e-10,2.167905769846839e-07,421.6946010430761,0.00013950703215461697
0.004489973469928716,2.7693911636550253e-06,0.13812613939733276,0.12831746225247845,74.04063579418086,24.140048611811743,0.12539464318978616,3.4060476623091395e-10,2.03569258215863e-07,411.6554335520498,0.00013058175672539486
0.0043759823567465,2.6481511349049246e-06,0.13199041411630386,0.12267090919554598,72.12882716488426,23.111202883289497,0.11785872251929853,3.1190899689375865e-10,1.911294587269196e-07,401.8536654241608,0.00012221144011385224
0.004264869938931253,2.5321129818027084e-06,0.1261197218110933,0.11726581384383067,70.26620122240524,22.123391577430098,0.11076971077896024,2.8557163995296893e-10,1.7942648367859093e-07,392.2837113721577,0.00011436259035051476
0.004156563869649646,2.421057759574468e-06,0.1205029329679177,0.11209214455045403,68.4514967557009,21.17516088507672,0.10410139599509469,2.61403852877111e-10,1.684181062854513e-07,382.94011711475645,0.00010700367454496122
0.00405099361379745,2.314775573351573e-06,0.11512937240411143,0.10714027460460387,66.68348483713011,20.265098141351718,0.09782907915699927,2.392315039392908e-10,1.58064436522022e-07,373.8175563052544,0.00010010500797776765
0.003948090402674884,2.213065210376182e-06,0.1099888012351946,0.10240096634549874,64.96096799514483,19.39183097632296,0.09192948989880698,2.188940591277856e-10,1.483277965401331e-07,364.91082753229614,9.363864926080513e-05
0.0038477871897999137,2.11573378692125e-06,0.10507139953817575,0.09786535588244977,63.28277940832199,18.554026498266428,0.08638070653696996,2.0024355071241462e-10,1.3917260246887962e-07,356.2148513911516,8.757830124529716e-05
0.003750018607830618,2.0225964093448736e-06,0.10036774968491781,0.09352493839850021,61.64778212017379,17.75039050652776,0.08116208027013957,1.831436216710724e-10,1.3056525228388377e-07,347.72466762382703,8.189921737340484e-05
0.0036547209265684753,1.933475848721314e-06,0.09586882032036464,0.08937155401595476,60.05486827419886,16.97966673098146,0.07625416335444397,1.674686405778542e-10,1.2247401944725002e-07,339.43543232637825,7.657811318466007e-05
0.003561832012015179,1.8482022285128295e-06,0.09156595096133388,0.08539737420287771,58.50295836863436,16.2406360951174,0.07163864107334664,1.5310288192506335e-10,1.1486895203364204e-07,331.3424152218221,7.159308270334533e-05
0.003471291286456302,1.7666127247672583e-06,0.08745083719248836,0.08159488870042302,56.99100053040852,15.532115999845495,0.06729826732735275,1.399397671976901e-10,1.0772177707129862e-07,323.44099699712723,6.692351944696779e-05
0.0033830396895457586,1.6885512783463447e-06,0.08351551643695115,0.07795689295155707,55.51796980777913,14.852959625199516,0.06321680367484106,1.2788116234232067e-10,1.0100580983961341e-07,315.7266667027357,6.255004180931872e-05
0.003297019640365799,1.6138683187091565e-06,0.0797523542798511,0.07447647601247982,54.08286748117721,14.202055247239905,0.059378961661239495,1.1683672757427966e-10,9.469586787713538e-08,308.19501921317004,5.845442258430563e-05
0.0032131750004377848,1.5424204987934506e-06,0.0761540313239029,0.07114700892869322,52.68472039178015,13.578325567595988,0.05577034827959537,1.067233157485324e-10,8.876818946551372e-08,300.8417527472573,5.46195224087881e-05
0.0031314510376597724,1.4740704405556753e-06,0.07271353055686945,0.06796213355835434,51.322580287351734,12.98072705325161,0.052377414411349466,9.746441578275723e-11,8.320035636606276e-08,293.6626664465754,5.10292269141081e-05
0.0030517943911474283,1.4086864907474745e-06,0.0694241252115245,0.06491575182615718,49.99552318490003,12.408249284358298,0.049187406101784015,8.898963786623879e-11,7.79712205962734e-08,286.6536580107454,4.7668387386888116e-05
0.002974153036955477,1.3461424865230258e-06,0.06627936709942937,0.06200201539161727,48.70264874971406,11.859914308055604,0.046188318530170684,8.123423741698512e-11,7.306083504375194e-08,279.810721388231,4.452276475000504e-05
0.0028984762546574567,1.2863175304874183e-06,0.06327307540053331,0.059215315716211865,47.44307969035402,11.334775996484609,0.04336885254010802,7.413867496278753e-11,6.845038772477033e-08,273.12994452131625,4.157897668447578e-05
0.002824714594762101,1.2290957748114965e-06,0.060399325891278305,0.05655027451440035,46.21596116918268,10.831919407394931,0.040718373600882575,6.764820932082486e-11,6.412213950387054e-08,266.60750714402286,3.882444772231289e-05
0.0027528198469452666,1.174366214053277e-06,0.057652440594519856,0.05400173457409545,45.020460228029336,10.350460145964615,0.038226873075931665,6.171252163581083e-11,6.005936509979971e-08,260.239678631675,3.624736214927678e-05
0.0026827450090768155,1.1220224863400878e-06,0.05502697783520126,0.05156475093268289,43.85576522859839,9.889543726673075,0.035884931679607567,5.6285368009445034e-11,5.624629721147896e-08,254.0228159009157,3.383661956486051e-05
0.0026144442570224316,1.071962682579186e-06,0.05251772268631148,0.04923458239520288,42.72108530723664,9.44834493428644,0.033683685008450294,5.132425861492242e-11,5.2668073605759754e-08,247.95336135899336,3.15817929548413e-05
0.0025478729152008475,1.0240891633775605e-06,0.050119677790230306,0.047006683381786915,41.61564984368982,9.026067183230056,0.03161479103805868,4.6790161340221166e-11,4.931068701638364e-08,242.02784090113704,2.947308913931652e-05
0.0024829874278774504,9.783083833642244e-07,0.04782805454111937,0.04487669609192966,40.53870794348186,8.621941874831762,0.02967039948141143,4.2647228143554254e-11,4.616093771089008e-08,236.24286195489609,2.7501311466353668e-05
0.0024197453311757496,9.345307226202403e-07,0.04563826461455013,0.04284044297361971,39.48952793356962,8.235227752119298,0.027843122909117734,3.886254243444186e-11,4.3206388589186895e-08,230.59511157034376,2.5657824628219037e-05
0.0023581052257886054,8.926703249333563e-07,0.04354591183107376,0.04089391948580326,38.467396870923494,7.865210252044816,0.0261260095365831,3.5405885914928307e-11,4.04353226841596e-08,225.08135455505368,2.393452148364678e-05
0.0022980267503716506,8.526449426052401e-07,0.04154678434093457,0.03903328714307466,37.47162006370327,7.511200855186307,0.024512517587444944,3.224952342817777e-11,3.783670294104049e-08,219.69843165280506,2.2323791775775914e-05
0.002239470555601754,8.14375787549963e-07,0.0396368471176037,0.03725486683189506,36.50152060470411,7.172536433139237,0.022996491146872154,2.936800446655103e-11,3.540013415830863e-08,214.44325776497928,2.0818492641229425e-05
0.0021823982788837805,7.777873884326694e-07,0.03781223474827212,0.03555513238804121,35.556438916750544,6.848578593959854,0.021572137422424472,2.6737980088836432e-11,3.311582697865735e-08,209.312820213642,1.9411920811364645e-05
0.0021267725196893873,7.428074536072475e-07,0.03606924450988328,0.03393070442535848,34.63573230973687,6.538713026154874,0.020234005334139823,2.4338034087072036e-11,3.097456382406531e-08,204.30417704533804,1.80977864119909e-05
0.002072556815511966,7.093667396213087e-07,0.03440432971971461,0.03237834440626746,33.73877454900749,6.242348841828982,0.0189769653593506,2.2148527327793222e-11,2.896766667424567e-08,199.4144553746362,1.6870188272850095e-05
0.0020197156184222713,6.773989250658939e-07,0.03281409334992886,0.030894948944819346,32.86495543478657,5.958917919701996,0.01779619056143076,2.0151454271019962e-11,2.7086966592737267e-08,194.64084976648124,1.572359066289661e-05
0.001968214272209663,6.468404895561213e-07,0.03129528189590913,0.029477544333440974,32.013680392374354,5.687874248791757,0.01668713873524008,1.8330310743241756e-11,2.5324774909662177e-08,189.9806206564627,1.4652801371912915e-05
0.0019180189900942404,6.176305976373763e-07,0.029844779488579127,0.028123281284837626,31.18437007282688,5.428693273626614,0.0156455356054648,1.6669972108458816e-11,2.3673855974700858e-08,185.43109280807465,1.365295106326202e-05
0.001869096832995592,5.897109874197806e-07,0.028459602241274574,0.02682942988083557,30.376459963855638,5.18087124190361,0.014667359017351656,1.515658104432664e-11,2.2127401398154334e-08,180.98965380612853,1.2719473826625074e-05
0.0018214156883441673,5.630258637514556e-07,0.027136892822086516,0.025593374720255687,29.589400010677842,4.943924555545312,0.01374882406250279,1.3777444188974443e-11,2.067900570207306e-08,176.6537525854536,1.184808886340936e-05
0.0017749442494216906,5.375217957485597e-07,0.025873915242941758,0.024412610258201003,28.822654246566618,4.717389126130727,0.012886369085435629,1.2520936978410666e-11,1.9322643307346943e-08,172.42089799405815,1.1034783241148913e-05
0.0017296519952173465,5.131476185072829e-07,0.02466804985700993,0.023284736329423548,28.075700432845803,4.500819735684457,0.012076642519524228,1.137641604490308e-11,1.8052646786375984e-08,168.28865738993616,1.0275795656669942e-05
0.0016855091707868302,4.898543388299079e-07,0.02351678855635029,0.02220745384871247,27.348029708091243,4.2937894038045386,0.011316490503725135,1.033413859356329e-11,1.6863686314493126e-08,164.2546552707444,9.567601151061493e-06
0.0016424867681016544,4.675950448036452e-07,0.022417730162009545,0.02117856068150489,26.639146246299514,4.095888762093638,0.010602945234153817,9.385188217855704e-12,1.575075025668541e-08,160.31657193555634,8.906896722591022e-06
0.0016005565073764407,4.463248190773795e-07,0.02136857599908319,0.02019594767817674,25.94856692379336,3.9067254368324433,0.009933214007120689,8.521406655096036e-12,1.4709126829376309e-08,156.4721421779636,8.290587786640422e-06
0.0015596908188622444,4.260006556875693e-07,0.020367125649530513,0.019257594865715322,25.27582099463949,3.7259234407985313,0.00930466891266326,7.735331020441602e-12,1.3734386780092006e-08,152.71915400976025,7.715775434521483e-06
0.0015198628250942265,4.065813802904357e-07,0.01941127287581017,0.018361567790709646,24.620449774361703,3.5531225750902315,0.00871483713992077,7.020136092595929e-12,1.2822367030744495e-08,149.0554474145212,7.17974444566509e-06
0.001481046323582337,3.880275736632561e-07,0.018499001708664618,0.01750601400782263,23.982006331733757,3.3879778417643247,0.00816139185790019,6.3695812566458755e-12,1.1969155233035882e-08,145.47891313035214,6.679952010176741e-06
0.001443215769933889,3.703014983429997e-07,0.0176283826926344,0.016689159708128114,23.360055188446626,3.23015886803949,0.007642143637273922,5.777961739301941e-12,1.1171075187122246e-08,141.9874914611357,6.2140171211164474e-06
0.0014063462613972677,3.5336702827579214e-07,0.016797569283128727,0.01590930648190522,22.754172026446483,3.0793493427560557,0.0071550323808384966,5.240063799479444e-12,1.0424673077183253e-08,138.57917111559817,5.779710598101641e-06
0.0013704135208162124,3.371895813556991e-07,0.01600479438911302,0.015164828210687018,22.16394340274906,2.9352464657170327,0.006698119732149806,4.751123562797496e-12,9.72670447992639e-09,135.2519880735529,5.374945705953452e-06
0.0013353938809844222,3.21736054736162e-07,0.015248367055697837,0.014454168083554939,21.588966471534132,2.7975604104675003,0.006269581933640251,4.306789212329121e-12,9.074122104321393e-09,132.00402447868112,4.997769334116178e-06
0.0013012642693904853,3.069747628020593e-07,0.014526669281136974,0.013775835732859886,21.02884871334015,2.66601380099954,0.0058677031072183914,3.903086269937741e-12,8.464064223017723e-09,128.83340755721187,4.646353704481272e-06
0.0012680021933433709,2.9287537769479717e-07,0.01383815296294542,0.01312840448473158,20.483207671170067,2.5403412027991066,0.005490868931955241,3.5363857229118185e-12,7.893843757943983e-09,125.73830856192197,4.318988577048141e-06
0.0012355857254689878,2.7940887228716113e-07,0.013181336968055367,0.012510508719913544,19.95167069333629,2.420288628580649,0.005137560694980106,3.2033747694756156e-12,7.360937984538823e-09,122.71694174083424,4.014073924558295e-06
0.0012039934895685298,2.665474655087261e-07,0.01255480432211971,0.011920841340628745,19.433874682869792,2.3056130589850627,0.004806349693141199,2.9010299742152186e-12,6.862978820911455e-09,119.76756333005244,3.730113048851988e-06
0.0011732046468295946,2.542645699266115e-07,0.011957199513261428,0.011358151339344034,18.92946585332602,2.1960819784480226,0.004495891964341468,2.626592640620145e-12,6.397743669991421e-09,116.88847057016608,3.4657061132229257e-06
0.0011431988823812393,2.42534741490138e-07,0.011387225905745165,0.01082124146545695,18.438099490823937,2.0914729263789416,0.004204923328735704,2.3775462228912375e-12,5.963146784395954e-09,114.07800074565667,3.2195440664903383e-06
0.0011139563921844246,2.3133363135161895e-07,0.010843643259224467,0.010308965986080686,17.95943972215807,1.9915730637267854,0.003932254721180857,2.151595612996954e-12,5.5572311253343185e-09,111.3345302467882,2.990402935874223e-06
0.001085457870249444,2.2063793967899157e-07,0.010325265349381042,0.00982022853724545,17.493159288828664,1.896178754947476,0.0036767677974640666,1.9466481517480735e-12,5.178160688373885e-09,108.65647365344061,2.7771384670508096e-06
0.0010576844961722055,2.104253713793875e-07,0.009830957685936984,0.009353980061977366,17.03893932683883,1.805095165329905,0.003437410797902208,1.7607962244875305e-12,4.824213270327738e-09,106.04228284037337,2.5786810909884445e-06
0.0010306179229813885,2.00674593655963e-07,0.009359635324172267,0.008909216831847547,16.596469152110473,1.718135873583067,0.0032131946529107484,1.5923013129210284e-12,4.4937736528824236e-09,103.49044610342516,2.3940311983185883e-06
0.0010042402652887458,1.9136519532341548e-07,0.00891026076623225,0.008484978548716021,16.16544605137574,1.6351224995363975,0.003003189316084701,1.4395793847161233e-12,4.185327179877213e-09,100.99948730614913,2.222254703090008e-06
0.0009785340877349637,1.8247764781060192e-07,0.008481841948650124,0.008080346523518252,15.745575078404217,1.5558843467588284,0.002806520311222264,1.3011875118293964e-12,3.897453706372368e-09,98.56796504640934,2.0624788787868085e-06
0.0009534823937237373,1.7399326778154028e-07,0.008073430312649493,0.007694441929063138,15.33656885542927,1.4802580598597117,0.0026223654805557226,1.1758116171423104e-12,3.6288218988078467e-09,96.194471842477,1.9138884504675506e-06
0.000929068614436849,1.6589418130882804e-07,0.007684118953924628,0.007326424123926963,14.938147379640345,1.4080872961964583,0.002449951922236796,1.0622552569467214e-12,3.378183866659463e-09,93.87763333815494,1.775721927805312e-06
0.0009052765981232665,1.581632895361531e-07,0.007313040848722786,0.006975489044638639,14.550037834612928,1.3392224116796714,0.0022885531058585884,9.594293541713908e-13,3.144370107047151e-09,91.61610752650259,1.6472681646808678e-06
0.0008820905996554175,1.507842357691237e-07,0.006959367153177899,0.006640867663459781,14.17197440654828,1.273520160336576,0.0021374861554849804,8.663428040248044e-13,2.9262847447460914e-09,89.40858399170696,1.5278631318050123e-06
0.0008594952703459805,1.4374137393606725e-07,0.006622305572961273,0.006321824509165337,13.803698105202361,1.2108434072675904,0.0019961092903047458,7.82093879990571e-13,2.7229010509942927e-09,87.25378316869714,1.416886889624538e-06
0.0008374756480187105,1.3701973836280993e-07,0.006301098800430832,0.006017656248331524,13.444956589381944,1.1510608546089474,0.0018638194136330498,7.058623738877403e-13,2.533257225386411e-09,85.15045562006303,1.313760749501704e-06
0.0008160171473269622,1.3060501480768522e-07,0.005995023016568837,0.005727690324731477,13.095503996893266,1.0940467800959832,0.001740049841550661,6.369024090361742e-13,2.3564524259925303e-09,83.09738132989474,1.2179446118517411e-06
0.0007951055503137328,1.2448351270518785e-07,0.005703386455103802,0.005451283654533594,12.755100778827961,1.0396807878071652,0.0016242681630028665,5.745358704802799e-13,2.191643033645897e-09,81.09336901412702,1.128934470578495e-06
0.0007747269972072248,1.1864213856876748e-07,0.0054255280263144695,0.005187821375084113,12.423513538077179,0.9878475706577952,0.0015159742236781038,5.181464007540035e-13,2.038039137107581e-09,79.1372554470219,1.0462600737679666e-06
0.0007548679774460403,1.1306837050524177e-07,0.005160815998110323,0.004936715645142407,12.100514871964108,0.9384366842043435,0.001414698226452778,4.671739138449052e-13,1.894901226539619e-09,77.22790480339623,9.694827311838556e-07
0.0007355153209283076,1.0775023379523762e-07,0.00490864673207845,0.004697404494519174,11.785883218892383,0.8913423313155597,0.0013199989416256734,4.211095838624031e-13,1.7615370834048178e-09,75.36420801623402,8.981932596614065e-07
0.0007166561894791443,1.0267627749588934e-07,0.004668443472275396,0.004469350721146595,11.479402708904829,0.8464631572643042,0.0012314620205741084,3.794912684596015e-13,1.6372988555614512e-09,73.54508214932147,8.320100580165056e-07
0.0006982780685310349,9.7835552023807e-08,0.004439655184631229,0.004252040833686346,11.180863018056002,0.8037020547946405,0.001148698406847378,3.41899330322548e-13,1.5215803069378828e-09,71.76946978455098,7.705773035787597e-07
0.0006803687590118071,9.321758767801166e-08,0.004221755444915619,0.00404498403785407,10.89005922649848,0.7629659787214266,0.0010713428390714255,3.0795282304678043e-13,1.4138142317557115e-09,70.03633842355833,7.13563262920982e-07
0.0006629163694350461,8.881237406416434e-08,0.004014241373296544,0.0038477112647099664,10.606791680190296,0.724165769624687,0.0009990524403747114,2.773060104883301e-13,1.3134700238236673e-09,68.3446799033489,6.606587097951122e-07
0.0006459093081879044,8.461034038298574e-08,0.0038166326135999945,0.003659774239232817,10.33086585613,0.6872159862077989,0.0009315053893598486,2.496451912231809e-13,1.2200513919484871e-09,66.69350982558912,6.1157544369749e-07
0.0006293362760113903,8.060233654725574e-08,0.003628470355452947,0.0034807445875602253,10.062092231029848,0.6520347458970748,0.0008683996679402397,2.246858020928117e-13,1.1330942130051331e-09,65.0818669992466,5.660449028755048e-07
0.0006131862586683399,7.677961509322972e-08,0.0034493163975640576,0.003310212981340699,9.800286153339393,0.6185435732702341,0.0008094518816370907,2.0216977696919092e-13,1.052164514679091e-09,63.50881289626428,5.238168659549441e-07
0.0005974485197944092,7.313381385368985e-08,0.0032787522504648826,0.0031477883177038397,9.545267718534397,0.5866672559125298,0.0007543961481909296,1.818631388552952e-13,9.768565803382277e-10,61.97343111996218,4.846582367134271e-07
0.0005821125939275207,6.965693936117978e-08,0.0031163782771013128,0.002993096933413051,9.296861647587034,0.5563337073114932,0.0007029830505843279,1.6355380526022654e-13,9.067911689131794e-10,60.47482688587213,4.483519068516718e-07
0.0005671682797113262,6.63413509512465e-08,0.00296181286972795,0.002845781851821308,9.054897168537343,0.5274738364144588,0.0006549786507998746,1.470495884636774e-13,8.416138430638664e-10,59.01212651471387,4.146956919219346e-07
0.0005526056332683533,6.317974553673791e-08,0.0028146916616199925,0.0027055020613043243,8.819207901086221,0.500021423486845,0.0006101635608508769,1.3217637382453972e-13,7.809933992872217e-10,57.58447693722675,3.835013358628938e-07
0.0005384149617386109,6.016514302537949e-08,0.0026746667721757097,0.0025719318238974697,8.589631744133158,0.47391300192352387,0.0005683320678222416,1.1877646070326529e-13,7.246203939782857e-10,56.19104521058426,3.545935798633971e-07
0.0005245868169795357,5.729087235398662e-08,0.0025414060840396302,0.0024447600129126005,8.366010766183859,0.44908774568043036,0.0005292913098469891,1.0670705186724826e-13,6.722057597947248e-10,54.831018046117244,3.2780929153495503e-07
0.0005111119894232628,5.4550558113748565e-08,0.0024145925509305084,0.0023236894783592306,8.148191098554245,0.42548736200850806,0.0004928605001201018,9.583887844191585e-14,6.234795069944229e-10,53.50360134807884,3.029966506152628e-07
0.000497981502087306,5.19381077420614e-08,0.0022939235349110835,0.002208436439040014,7.936022831300129,0.4030559891872581,0.00045887019621710854,8.605494856584547e-14,5.781895047180465e-10,52.20801976320419,2.800143876535007e-07
0.00048518660473482566,4.944769925738937e-08,0.0021791101718865776,0.002098729900235906,7.729359911802693,0.3817400989702929,0.00042716161214051375,7.724940891388289e-14,5.361003374744934e-10,50.943516240796264,2.5873107234322533e-07
0.0004727187681807646,4.707376951458812e-08,0.0020698767641674993,0.0019943110959382195,7.528060045942115,0.3614884034703143,0.00039758597066342463,6.932650917497225e-14,4.96992232357278e-10,49.70935160310806,2.390244483711944e-07
0.00046056967874022085,4.48110029590484e-08,0.0019659601989787103,0.0018949329546264103,7.331984601794267,0.3422517662258415,0.000370003893677455,6.219966041792614e-14,4.6066005277563753e-10,48.504804125766384,2.2078081184120716e-07
0.0004487312328155096,4.2654320858897836e-08,0.001867109391841611,0.0018003595876297672,7.140998515784732,0.32398311720654677,0.00034428482838138105,5.5790579054718476e-14,4.269123547255275e-10,47.329169128016694,2.0389443051148072e-07
0.00043719553161847654,4.05988709953507e-08,0.001773084753799085,0.0017103657991493623,6.954970201238826,0.30663737152837106,0.000320306507268918,5.0028508822723554e-14,3.955705018541187e-10,46.18175857254714,1.8826700125310306e-07
0.00042595487602467845,3.8640017792105815e-08,0.0016836576814944475,0.001624736617052895,6.773771459266311,0.2901713516634144,0.00029795443998875443,4.4849513859826225e-14,3.6646783578707223e-10,45.06190067467304,1.738071432960417e-07
0.00041500176155616467,3.677333286547707e-08,0.0015986100691549971,0.0015432668435905973,6.597277391920708,0.274543712943044,0.0002771214352580418,4.019583654430911e-14,3.3944889839172407e-10,43.968939520665614,1.6042992497882916e-07
0.0004043288734896454,3.499458597768807e-08,0.0015177338415693054,0.0014657606252138724,6.425366317576272,0.25971487216557215,0.00025770715111241157,3.601531431926912e-14,3.143687028418583e-10,42.902234695008744,1.4805642185874583e-07
0.00039392908208693545,3.329973637648517e-08,0.0014408305071838862,0.0013920310407110723,6.257919688465479,0.24564693913229735,0.0002396176718716071,3.22608502231176e-14,2.910920505316322e-10,41.861160916373954,1.3661330417174588e-07
0.0003837954379446218,3.1684924504910865e-08,0.0013677107304800558,0.0013218997069058998,6.094822010322037,0.23230365094755986,0.00022276511029037846,2.888993230721776e-14,2.694928910579682e-10,40.8451076821111,1.2603245175583682e-07
0.0003739211674599918,3.01464640657441e-08,0.0012981939228259537,0.001255196401194181,5.935960764076166,0.21965030892977322,0.00020706723344969866,2.5864197542373526e-14,2.4945372265290236e-10,39.8534789210585,1.1625059466873234e-07
0.0003642996684103275,2.868083442575037e-08,0.0012321078510309337,0.0011917587002234712,5.78122632954975,0.20765371799115917,0.00019244711102396815,2.31490362008709e-14,2.3086503060051427e-10,38.885692654473765,1.0720897784064261e-07
0.00035492450564273916,2.7284673345493613e-08,0.0011692882628610006,0.0011314316340478327,5.630511911100031,0.19628212835402545,0.00017883278463596864,2.071323305304349e-14,2.136247613175509e-10,37.941180664898866,9.885304820656069e-08
0.0003457894068717922,2.595477002104906e-08,0.0011095785288040502,0.001074067355116878,5.483713465162983,0.18550517948106218,0.0001661569570831783,1.852864203955681e-14,1.9763782991329783e-10,37.01938817277193,9.113216285964256e-08
0.00033688825858223904,2.4688058424517502e-08,0.001052829299402327,0.0010195248214837007,5.340729629647229,0.17529384610608592,0.0001543567002868838,1.656989137528648e-14,1.8281565917294824e-10,36.1197735206083,8.399931685868807e-08
0.00032821510203424057,2.348161093078144e-08,0.0009988981774975533,0.0009676694936411718,5.201461655131939,0.165620386260124,0.00014337318087966254,1.4814116310076296e-14,1.6907574803016498e-10,35.2418078645679,7.741088940858382e-08
0.0003197641293685246,2.233263221846086e-08,0.0009476494047605455,0.0009183730444196646,5.065813337822517,0.1564582911955938,0.0001331514024073284,1.3240717017901344e-14,1.5634126770908751e-10,34.38497487324352,7.13264072132606e-08
0.0003115296798089952,2.1238453433523347e-08,0.0008989535619029609,0.0008715130814021468,4.933690954219249,0.14778223711866545,0.0001236399631787018,1.1831139310977839e-14,1.4454068382410227e-10,33.548770433498824,6.570832387648599e-08
0.00030350623596036,2.0196526604478885e-08,0.0008526872819931734,0.0008269728813344462,4.805003197455569,0.13956803864669307,0.0001147908288506369,1.0568676080903597e-14,1.336074028275674e-10,32.732702363185915,6.052181429697546e-08
0.00029568842019841784,1.920441929854902e-08,0.0008087329763222133,0.0007846411360296543,4.679661115263011,0.13179260391390293,0.0001065591188868865,9.438287556644043e-15,1.2347944129178923e-10,31.93629013059121,5.573458307113994e-08
0.00028807099115068965,1.8259809508635603e-08,0.0007669785722879775,0.0007444117092856463,4.557578049521986,0.12443389125431538,9.890290607772223e-05,8.426438640570925e-15,1.1409911660209702e-10,31.159064580447293,5.131668597951181e-08
0.0002806488402651509,1.7360480761338596e-08,0.0007273172627880901,0.0007061834043544969,4.438669577357287,0.11747086739622818,9.178302835294769e-05,7.520951740212336e-15,1.0541275772325733e-10,30.400567666355805,4.7240363691795834e-08
0.00027341698846486347,1.650431743667351e-08,0.0006896472666324517,0.0006698597415208675,4.322853453739739,0.11088346710746821,8.516291216414605e-05,6.710873656134546e-15,9.737043478191388e-11,29.660352189476498,4.3479886880751304e-08
0.0002663705828863733,1.5689300290527892e-08,0.0006538715995067123,0.0006353487453646844,4.210049555554911,0.10465255423509358,7.9008406752881e-05,5.986355216618787e-15,8.992570628356075e-11,28.93798154333153,4.001141198698724e-08
0.00025950489369978293,1.4913502171267525e-08,0.0006198978550372039,0.0006025627413005699,4.100179827102108,0.09875988408730185,7.32876286602199e-05,5.338542468580444e-15,8.303538285398938e-11,28.233029464585954,3.6812846925412047e-08
0.0002528153110084655,1.417508392225921e-08,0.0005876379955263051,0.0005714181610030201,3.993168226986965,0.09318806710899,6.797081586946852e-05,4.7594783424838935e-15,7.665930646241357e-11,27.54507978966216,3.386372606972404e-08
0.0002462973418264373,1.3472290462419709e-08,0.0005570081519451056,0.0005418353563423784,3.888940676371866,0.08792053380577163,6.303019100858831e-05,4.24201380773137e-15,7.076014414686518e-11,26.873726217053363,3.1145093894155334e-08
0.00023994660713144955,1.280344703722724e-08,0.000527928432787225,0.0005137384214717523,3.7874250085503176,0.08294150087426541,5.843983307141331e-05,3.779727624969874e-15,6.530319532210147e-11,26.21857207520216,2.863939669182059e-08
0.00023375883899191715,1.2166955632947806e-08,0.0005003227414040602,0.00048705502271993034,3.6885509198107114,0.07823593849920171,5.4175557147686916e-05,3.366853883722476e-15,6.025621180646125e-11,25.579230095815944,2.633038182668005e-08
0.00022772987776584192,1.1561291547130035e-08,0.00047411860145750776,0.0004617162359593028,3.592249921557264,0.0737895387803225,5.0214801681144176e-05,2.9982165883987802e-15,5.5589229756980844e-11,24.955322192490303,2.4203004011409606e-08
0.00022185566936993475,1.0985000108711013e-08,0.0004492469901412237,0.0004376563911314353,3.4984552936558018,0.06958868525423723,4.653652280245917e-05,2.6691706237097307e-15,5.127441275185436e-11,24.346479244517,2.224333813655452e-08
0.00021613226261718978,1.0436693541354343e-08,0.0004256421788361011,0.0004148129236258927,3.4071020389732505,0.06562042347834204,4.312109530998976e-05,2.375548492382338e-15,4.7285905306165136e-11,23.752340885756468,2.0438498207341854e-08
0.00021055580662120063,9.91504796390702e-09,0.0004032415808794367,0.00039312623222051435,3.3181268390803407,0.06187243264563197,3.995021989589799e-05,2.1136122743732926e-15,4.359969615087999e-11,23.172555298455098,1.8776561973571526e-08
0.0002051225482655604,9.418800522118076e-09,0.0003819856061407212,0.0003725395433032189,3.2314680110880363,0.058332998200781236,3.700683623854698e-05,1.8800103080035097e-15,4.0193490646557245e-11,22.60677901189328,1.7246500865221684e-08
0.000199828829736712,8.946746646005107e-09,0.0003618175221097131,0.000352998781107061,3.147065465588707,0.05499098542920302,3.427504160407841e-05,1.6717381400218396e-15,3.704659174220234e-11,22.054676705749902,1.5838114871884126e-08
0.00019467108611868,8.49773742749243e-09,0.00034268332121485575,0.0003344524437012556,3.0648606656738235,0.05183581399201638,3.174001462089789e-05,1.4861033339663396e-15,3.413978892638837e-11,21.515921018074433,1.4541972028025104e-08
0.0001896458430481307,8.07067711316685e-09,0.00032453159410179714,0.00031685148449155223,2.984796587000849,0.048857433380881214,2.9387943910430976e-05,1.3206937646946725e-15,3.145525465221653e-11,20.99019235775796,1.3349352188407648e-08
0.00018474971442825983,7.664520707215383e-09,0.00030731340861317463,0.00030014919899354933,2.906817678882531,0.046046299267598186,2.720596127608182e-05,1.1733490619453308e-15,2.8976447750114315e-11,20.477178721400133,1.2252194798942283e-08
0.00017997940020003967,7.278271679814838e-09,0.0002909821942216574,0.00028430111665228217,2.8308698263725343,0.043393350724174114,2.518207916984284e-05,1.0421348975783401e-15,2.6688023372924676e-11,19.97657551446555,1.1243050387813363e-08
0.00017533168416939416,6.9109797764428276e-09,0.0002754936316786813,0.0002692648974909083,2.7569003133220296,0.040889988289771965,2.330513217255432e-05,9.253198400137203e-16,2.4575749046371854e-11,19.488085376634317,1.0315035520060552e-08
0.00017080343188890875,6.561738923769555e-09,0.00026080554765129543,0.00025500023338027313,2.6848577863824095,0.0385280528615855,2.15647222394252e-05,8.213545255978329e-16,2.262642642488242e-11,19.011418011243777,9.461790975944557e-09
0.0001663915885927103,6.22968522797233e-09,0.0002468778141291587,0.0002414687537298196,2.6146922199301534,0.036299805387228476,1.9951167477164968e-05,7.288529204201598e-16,2.0827818378012048e-11,18.546290018730552,8.677442929469212e-09
0.0001620931771831943,5.913995061490413e-09,0.0002336722523929061,0.00022863393540865999,2.546354881890142,0.03419790733671967,1.845545423298162e-05,6.465754676929469e-16,1.9168581056461092e-11,18.092424733976202,7.956566918442858e-09
0.00015790529626830274,5.613883234404828e-09,0.0002211525413439519,0.00021646101671354788,2.479798300434681,0.03221540193257048,1.7069192288819394e-05,5.73413935391748e-16,1.763820060895061e-11,17.649552067465766,7.2941544114948106e-09
0.0001538251182480915,5.328601246789356e-09,0.00020928413000425864,0.00020491691520821073,2.4149762315357868,0.030345696116873665,1.5784572966581275e-05,5.083777966168079e-16,1.6226934242159224e-11,17.21740835017248,6.685581790588325e-09
0.00014984988744935727,5.057435618532649e-09,0.00019803415400270304,0.00019397014926580874,2.35184362734895,0.028582543234635622,1.459432996174625e-05,4.505819912393362e-16,1.4925755335564397e-11,16.795736182078524,6.126581579838761e-09
0.0001459769183071232,4.799706293279773e-09,0.00018737135587250495,0.00018359076315337054,2.290356605407383,0.02692002641291772,1.3491702733794695e-05,3.9923593199260067e-16,1.372630234147594e-11,16.384284284249212,5.613215762915229e-09
0.0001422035935918144,4.554765113282887e-09,0.00017726600899160751,0.00017375025550380994,2.2304724186056584,0.025352542615643386,1.2470402292217819e-05,3.5363363139337342e-16,1.262083121785119e-11,15.982807354375492,5.14185104202014e-09
0.00013852736268098103,4.32199436208677e-09,0.0001676898450050787,0.0001644215110276224,2.172149425953102,0.023874787354207158,1.1524579226661059e-05,3.1314483785947594e-16,1.1602171157719696e-11,15.591065925706491,4.709135901455625e-09
0.00013494573987445663,4.100805372105247e-09,0.00015861598457548361,0.0001555787353226026,2.115347064076873,0.022481740034283642,1.06487938389542e-05,2.77207080238297e-16,1.066368339427711e-11,15.208826229290098,4.3119793481407156e-09
0.0001314563027518679,3.890637194269365e-09,0.0001500188713137297,0.00014719739264589348,2.0600258194558325,0.02116864991949185,9.837988243453151e-06,2.453185297826077e-16,9.799222874994233e-12,14.835860059446562,3.94753121018134e-09
0.00012805669057143574,3.6909553270476935e-09,0.00014187420874924492,0.00013925414651840774,2.0061472013665105,0.019931022692818483,9.087460310286186e-06,2.170315974990658e-16,9.003102611485562e-12,14.471944642397416,3.6131638827553025e-09
0.00012474460270903766,3.5012505022541373e-09,0.00013415890020434805,0.00013172680303717162,1.9536737155228951,0.018764607596955845,8.39283933378385e-06,1.9194719283718797e-16,8.270060524442868e-12,14.116862507978514,3.3064554181936055e-09
0.00012151779713652463,3.3210375251682944e-09,0.00012685099144351815,0.00012459425677641752,1.9025688383925148,0.017665385134958442,7.750063315614769e-06,1.6970957696090858e-16,7.595228614715874e-12,13.7704013643627,3.0251738642521596e-09
0.00011837408893831106,3.1498541665988194e-09,0.00011992961597379744,0.00011783643916329953,1.8527969921713117,0.016629555312877794,7.155357758959322e-06,1.5000175042250456e-16,6.974104302659112e-12,13.432353975723416,2.767262761206745e-09
0.00011531134886528224,2.9872601046213753e-09,0.0001133749428779238,0.00011143426921898241,1.8043235204007515,0.015653526406295283,6.6052158764666706e-06,1.3254132100454047e-16,6.402523788207131e-12,13.10251804277022,2.530827714599291e-09
0.00011232750192508485,2.8328359138192394e-09,0.0001071681270668521,0.0001053696065604719,1.7571146642105449,0.014733904232937528,6.096380120771741e-06,1.1707680286874007e-16,5.876637293830449e-12,12.780696086088158,2.3141239662432347e-09
0.00010942052600789248,2.6861820999476272e-09,0.00010129126184327268,9.962520656306328e-05,1.7111375391710633,0.013867481913837161,5.625824952022267e-06,1.0338430300483302e-16,5.392886061603969e-12,12.466695332216942,2.11554489148866e-09
0.00010658845054675716,2.5469181780313717e-09,9.572733367238299e-05,9.418467758752281e-05,1.6663601127400451,0.013051230105782564,5.190740762201787e-06,9.126455535645313e-17,4.947980984119643e-12,12.160327602404351,1.933611355775777e-09
0.000103829355211684,2.4146817919909816e-09,9.046017906068941e-05,8.903244018024461e-05,1.6227511822880847,0.012282287688096003,4.788518881051039e-06,8.054026695932114e-17,4.538882756939068e-12,11.8614092039733,1.7669618681957172e-09
0.00010114136863658344,2.289127873973515e-09,8.547444344790808e-05,8.415368815854757e-05,1.5802803536884442,0.011557952887080964,4.416737593106037e-06,7.105374399946366e-17,4.162783447733639e-12,11.569760824238873,1.6143434741489622e-09
9.852266717828022e-05,2.169927841642905e-09,8.075554202117609e-05,7.953435149705472e-05,1.5389180204565986,0.010875674821793961,4.0731490998031045e-06,6.266476892281319e-17,3.817089384239454e-12,11.285207426918682,1.4746033332677785e-09
9.597147370677558e-05,2.056768831759219e-09,7.628962236472051e-05,7.516106093470824e-05,1.4986353434254058,0.010233045455117216,3.755667364765809e-06,5.524870263525907e-17,3.4994052696825817e-12,11.007578150975856,1.3466809325665848e-09
9.348605642598165e-05,1.949352968448197e-09,7.206352886193499e-05,7.102111422543613e-05,1.4594042309424387,0.009627791934441497,3.4623567843015285e-06,4.8694788454309957e-17,3.2075194404421212e-12,10.736706211838793,1.2296008883239307e-09
9.10647277241648e-05,1.847396664630961e-09,6.806476877043614e-05,6.710244395881712e-05,1.421197319575938,0.009057769306608624,3.1914216288097526e-06,4.2904636837266597e-17,2.9393901864346764e-12,10.472428804942211,1.122466293496304e-09
8.870584305335447e-05,1.7506299551497543e-09,6.428147989414283e-05,6.339358688025982e-05,1.3839879553163763,0.008520953592111852,2.9411962042560052e-06,3.7790872041002746e-17,2.693133060051042e-12,10.214587011535622,1.0244525705353711e-09
8.640779983699221e-05,1.6587958601886409e-09,6.070239977975913e-05,5.988365464327665e-05,1.347750175261174,0.008015435203909441,2.7101356861049213e-06,3.3275923787579135e-17,2.467009104476993e-12,9.963025706703915,9.348017923400774e-10
8.416903640511376e-05,1.5716497776484193e-09,5.731683636822175e-05,5.656230592934562e-05,1.3124586897699313,0.00753941269656914,2.496807581148178e-06,2.9290948738364886e-17,2.2594139369059064e-12,9.717593469552417,8.528174367379522e-10
8.198803095637504e-05,1.4889589031929557e-09,5.4114640034731124e-05,5.341971987365866e-05,1.2780888650783913,0.0070911868318312785,2.2998837755174384e-06,2.577486813554569e-17,2.0688676265215374e-12,9.478142495501448,7.778595423686714e-10
7.986330054624884e-05,1.4105016767395618e-09,5.108617695390172e-05,5.0446570737740934e-05,1.2446167063592029,0.006669154947051769,2.1181331298514594e-06,2.2673509370606498e-17,1.894005311216037e-12,9.244528510644098,7.093402361502809e-10
7.779340010073777e-05,1.3360672542191148e-09,4.822230372937674e-05,4.763400377249044e-05,1.2120188412182462,0.006271805613365052,1.950414585099517e-06,1.993884049971044e-17,1.7335685008251304e-12,9.016610688117428,6.467196046551572e-10
7.57769214549629e-05,1.2654550034824343e-09,4.551434322992106e-05,4.497361221765937e-05,1.1802725036151682,0.005897713570788608,1.795670744800783e-06,1.7528287859584074e-17,1.586397018230442e-12,8.79425156644119,5.895018837202839e-10
7.381249241600595e-05,1.1984740232782084e-09,4.295406157657924e-05,4.245741538614929e-05,1.1493555181974837,0.0055455349278744365,1.6529219018900237e-06,1.540412795695023e-17,1.4514215330108157e-12,8.577316969776271,5.372319424743313e-10
7.189877584939598e-05,1.1349426842743474e-09,4.0533646227941926e-05,4.0077837783762255e-05,1.1192462850375122,0.005214002613898149,1.5212604801529337e-06,1.3532945720956085e-17,1.3276566454367942e-12,8.365675930059847,4.894920396918452e-10
7.003446878864896e-05,1.0746881911392483e-09,3.8245685112908114e-05,3.782768921720533e-05,1.0899237647618834,0.004901922071961913,1.399845862397646e-06,1.1885152031567717e-17,1.2141944815084892e-12,8.159200610972324,4.458988319914785e-10
6.82183015672815e-05,1.017546164742355e-09,3.6083146762592645e-05,3.5700145845227056e-05,1.0613674640636257,0.004608167181772808,1.2878995792304584e-06,1.0434554176737897e-17,1.1101987624503263e-12,7.957766233693153,4.0610061488875333e-10
6.644903697273557e-05,9.633602435742163e-10,3.403936139517058e-05,3.368873212974821e-05,1.0335574215869245,0.004331676401241432,1.1847008340307462e-06,9.157973555566199e-18,1.0148993146083871e-12,7.761251004404294,3.697747791019728e-10
6.472546942166463e-05,9.119817035255333e-10,3.2108002909521736e-05,3.178730364574806e-05,1.0064741941751205,0.004071449116427783,1.0895823413192252e-06,8.034905541187227e-18,9.275869880598084e-13,7.569536043499699,3.366254657999357e-10
6.304642415604527e-05,8.632690952021842e-10,3.0283071745503545e-05,2.9990030710491597e-05,0.9800988434725962,0.0038265421897390817,1.0019264572118294e-06,7.047216952482336e-18,8.476089544484628e-13,7.382505316461445,3.0638140567850476e-10
6.141075645959217e-05,8.170878979892006e-10,2.8558878570574595e-05,2.829138279442647e-05,0.9544129228714778,0.0035960666966596477,9.211615820549182e-07,6.178877064048264e-18,7.743643566187229e-13,7.200045566363091,2.7879392786643486e-10
5.981735089396672e-05,7.733101901110656e-10,2.6930028754292717e-05,2.6686113677745607e-05,0.9293984647943788,0.003379184841662539,8.467588166510808e-07,5.415718514674673e-18,7.073002845374527e-13,7.022046247962772,2.5363512569471644e-10
5.826512055428229e-05,7.318143339685864e-10,2.539140759394281e-05,2.516924731821037e-05,0.9050379683044784,0.0031751070443177217,7.782288547153342e-07,4.745224860866908e-18,6.459080537836595e-13,6.848399463347958,2.3069616732366105e-10
5.6753006343422766e-05,6.924846760642699e-10,2.3938166256201494e-05,2.373606439736042e-05,0.8813143870346694,0.00298308918697074,7.151190953530187e-07,4.156341868190182e-18,5.897197645533673e-13,6.678999899096273,2.0978574011318336e-10
5.527997626470099e-05,6.552112608581708e-10,2.256570840132901e-05,2.2382089513698307e-05,0.8582111174275198,0.0028024300157183995,6.5701096042842e-07,3.63930994345504e-18,5.383051206820791e-13,6.513744764916574,1.9072861844886942e-10
5.384502473239733e-05,6.198895579251714e-10,2.1269677457887964e-05,2.1103078992839025e-05,0.8357119872780852,0.0026324686867537066,6.035174027017377e-07,3.1855153886643098e-18,4.912684896362081e-13,6.352533733735717,1.733643455039301e-10
5.244717189972897e-05,5.864202018122836e-10,2.0045944517441305e-05,1.9895009285957296e-05,0.813801244571867,0.0024725824504907954,5.542805915556526e-07,2.787358406487748e-18,4.4824618577518136e-13,6.195268883196846,1.575460201293308e-10
5.1085463003812695e-05,5.547087440210348e-10,1.8890596820060586e-05,1.8754065929146586e-05,0.792463546610269,0.0023221844662110356,5.089697640153121e-07,2.438136009785574e-18,4.0890396044358217e-13,6.041854638537051,1.4313918072482808e-10
4.975896772719339e-05,5.24665416565353e-10,1.7799926802803096e-05,1.767663303753454e-05,0.7716839494162954,0.002180721740293788,4.6727922959106694e-07,2.131938187037838e-18,3.729346836242734e-13,5.892197716810611,1.3002077855628075e-10
4.846677957552306e-05,4.962049065795712e-10,1.6770421684579016e-05,1.6659283309171168e-05,0.7514478974131649,0.0020476731814092044,4.2892651824522465e-07,1.8635558538528605e-18,3.4005620297429863e-13,5.746207072427723,1.1807823355251783e-10
4.720801527098382e-05,4.692461414744571e-10,1.579875356204283e-05,1.5698768514835738e-05,0.731741213368976,0.001922547766355573,3.9365066150568497e-07,1.6283992801914665e-18,3.1000936708104194e-13,5.6037938439772255,1.0720856614157054e-10
4.5981814161059316e-05,4.437120841612944e-10,1.4881769992297853e-05,1.4792010450978026e-05,0.7125500886005063,0.00180488281051976,3.612105974239851e-07,1.4224258254974778e-18,2.8255620072151166e-13,5.464871302303058,9.731759917403505e-11
4.478733764226916e-05,4.195295378853491e-10,1.40164850393121e-05,1.3936092334043287e-05,0.693861073429556,0.001694242337226195,3.3138369070566403e-07,1.2420759413199024e-18,2.5747822078737363e-13,5.329354799805657,8.83192244334811e-11
4.362376859848942e-05,3.9662896023036197e-10,1.3200070761995839e-05,1.3128250615411536e-05,0.6756610678853202,0.0015902155405174156,3.0396435992995987e-07,1.084216514823623e-18,2.345748823570359e-13,5.197161720939143,8.01347286526942e-11
4.2490310853493264e-05,3.7494428587518316e-10,1.2429849122910376e-05,1.2365867197124912e-05,0.6579373126465098,0.0014924153361777542,2.787628043263112e-07,9.460907282247246e-19,2.13662145157601e-13,5.068211433876312,7.269217434254934e-11
4.138618863735349e-05,3.5441275770224333e-10,1.1703284297534797e-05,1.1646462029476017e-05,0.6406773802170443,0.0014004769960699844,2.556038230891287e-07,8.252736999271877e-19,1.945711513677074e-13,4.942425243314303,6.592583109954106e-11
4.0310646066358444e-05,3.349747658754109e-10,1.101797536494732e-05,1.0967686072391632e-05,0.623869166329334,0.0013140568611046503,2.3432572069253403e-07,7.19633254119356e-19,1.7714700637096292e-13,4.819726344393878,5.977565339067715e-11
3.926294663610147e-05,3.165736945217755e-10,1.0371649361658443e-05,1.0327314603369792e-05,0.6075008815693216,0.001232831128401346,2.1477929211502267e-07,6.272952378368142e-19,1.612476546818773e-13,4.700039777706571,5.418680112229614e-11
3.824237272741219e-05,2.991557756682306e-10,9.762154681174632e-06,9.723240855514049e-06,0.5915610432175452,0.0011564947084318996,1.9682688230262255e-07,5.466128689329791e-19,1.467428438353665e-13,4.583292385363836,4.91091995843321e-11
3.7248225124806614e-05,2.8266995009929497e-10,9.187454802680744e-06,9.153469969963427e-06,0.5760384673007537,0.0010847601481566176,1.8034151458980953e-07,4.761396558448338e-19,1.335131695597325e-13,4.469412768103404,4.449713562516994e-11
3.627982254714099e-05,2.6706773481753557e-10,8.645622332995713e-06,8.616113247733924e-06,0.5609222608485936,0.0010173566163767715,1.6520608316206336e-07,4.146054812395578e-19,1.2144919604441317e-13,4.358331243408848,4.0308887156112425e-11
3.5336501190161735e-05,2.5230309680221493e-10,8.134833346693491e-06,8.109382686676559e-06,0.5462018143501457,0.0009540289477294841,1.5131260498420765e-07,3.6089548724177355e-19,1.1045064557022907e-13,4.24997980461793,3.650638331002251e-11
3.441761428065254e-05,2.38332332775422e-10,7.653362009984196e-06,7.631585789913796e-06,0.5318667944051512,0.0008945367419452777,1.3856152693610312e-07,3.140314405662195e-19,1.0042565219375313e-13,4.144292080997313,3.305489278725196e-11
3.352253164188611e-05,2.251139546980041e-10,7.199575474619725e-06,7.181120632744673e-06,0.5179071365649697,0.0008386535151738926,1.2686108419335637e-07,2.731552920494215e-19,9.129007457101479e-14,4.041203298760268,2.9922738114753244e-11
3.265063927009581e-05,2.126085807300772e-10,6.771929028731117e-06,6.756471175609135e-06,0.5043130383583335,0.00078616590036074,1.1612670616684614e-07,2.3751467726452397e-19,8.296686337114933e-14,3.9406502430056785,2.7081033722459796e-11
3.180133892168995e-05,2.0077883140284162e-10,6.368961492115983e-06,6.356202811276137e-06,0.4910749524971938,0.0007368728938249438,1.0628046657237568e-07,2.064501335430621e-19,7.538547906970714e-14,3.8425712205565103,2.4503445905662757e-11
3.097404771093759e-05,1.8958923075981768e-10,5.989290844079297e-06,5.978958134968335e-06,0.478183580258041,0.0006905851453502108,9.725057444180356e-08,1.793838341990846e-19,6.848135622601131e-14,3.7469060236769414,2.216597289422292e-11
3.016819771786211e-05,1.7900611223654666e-10,5.631610072489078e-06,5.623452926659776e-06,0.4656298650341239,0.0006471242892523096,8.89709031107688e-08,1.5580966339710614e-19,6.219541064089344e-14,3.653595894647104,2.0046743389948058e-11
2.9383235606085466e-05,1.6899752905821736e-10,5.294683233241768e-06,5.28847233528374e-06,0.4534049860542661,0.0006063223140318677,8.138055442670225e-08,1.3528447523213945e-19,5.647358606190593e-14,3.5625834911754577,1.8125832063198412e-11
2.861862225037176e-05,1.5953316894465107e-10,4.977341709840529e-06,4.972867255065655e-06,0.44150035226391815,0.0005680209683585635,7.442345561508601e-08,1.174203984716915e-19,5.126643735420381e-14,3.473812852629367,1.6385090619556515e-11
2.7873832373626248e-05,1.5058427292162421e-10,4.678480663275991e-06,4.675550884653088e-06,0.42990759636432135,0.0005320712012632818,6.804798642301392e-08,1.0187806429064367e-19,4.6528747288090914e-14,3.3872293670644327,1.4807993157952933e-11
2.7148354193110454e-05,1.4212355804660508e-10,4.39705566286229e-06,4.3954954601504285e-06,0.41861856900568417,0.0004983326345382142,6.220663432769835e-08,8.836064842943714e-20,4.221917431000707e-14,3.3027797390337357,1.3379494643655658e-11
2.644168907564188e-05,1.3412514386570363e-10,4.132079489124275e-06,4.131729153582872e-06,0.407625333130457,0.0004666730654617845,5.685567575464181e-08,7.660863171916948e-20,3.82999288637124e-14,3.220411958159049,1.2085901413658564e-11
2.575335120155066e-05,1.2656448242695676e-10,3.882619100253896e-06,3.883333128711748e-06,0.39692015846279083,0.0004369679980758182,5.195488139642808e-08,6.639519401871131e-20,3.4736476013700894e-14,3.1400752684455298,1.0914752718821963e-11
2.508286723717316e-05,1.1941829168303474e-10,3.6477927540570394e-06,3.6494387465034356e-06,0.3864955161404559,0.0004091002013468459,4.746724385921796e-08,5.752216645436397e-20,3.149726229450851e-14,3.061720138323156,9.854712387184659e-12
2.4429776015666168e-05,1.126644921240549e-10,3.4267672776969046e-06,3.429224912916304e-06,0.3763440734855321,0.00038295929264199304,4.335872599078391e-08,4.9816475581024977e-20,2.855346486852751e-14,2.985298231397178,8.895469766684653e-12
2.379362822593237e-05,1.0628214648846251e-10,3.218755477906652e-06,3.2219155620165594e-06,0.36645868891033195,0.0003584413450430369,3.9598028361834016e-08,4.312702081911731e-20,2.5878761222113338e-14,2.9107623778912823,8.027649173568706e-12
2.3173986109451816e-05,1.0025140240689556e-10,3.0230136846949403e-06,3.0267772677646804e-06,0.3568324069550293,0.00033544851710991496,3.615637448213888e-08,3.732193337428044e-20,2.3449117766008723e-14,2.838066546767086,7.242727135480551e-12
2.2570423164820068e-05,9.45534378405681e-11,2.838839421901179e-06,2.843116978128805e-06,0.3474584534536487,0.0003138887037876531,3.3007312435055014e-08,3.228617091543104e-20,2.124259583220262e-14,2.767165818504034,6.5329567759892254e-12
2.1982523859798274e-05,8.917040918207583e-11,2.6655691982768394e-06,2.6702798654834472e-06,0.33833023082508673,0.00029367520722857953,3.012653170901228e-08,2.7919407659133395e-20,1.9239173676007905e-14,2.6980163585243586,5.8912987405412465e-12
2.1409883350685304e-05,8.408540189257049e-11,2.5025764130724843e-06,2.5076472875385686e-06,0.3294413134859525,0.000274726426374938,2.7491694092847865e-08,2.413418426232508e-20,1.7420583200078194e-14,2.630575391247526,5.3113581128297815e-12
2.0852107208827112e-05,7.928238355504894e-11,2.3492693704003486e-06,2.3546348533185983e-06,0.32078544338207704,0.0002569655642160104,2.5082277583989716e-08,2.085428613101884e-20,1.5770160216905833e-14,2.5648011747598796,4.7873268157006895e-12
2.0308811154083067e-05,7.474615922904012e-11,2.2050893969188727e-06,2.2106905889726962e-06,0.3123565256356722,0.00024032035169865872,2.2879432334839424e-08,1.8013322471495925e-20,1.4272707158651058e-14,2.5006529760846066,4.3139310322532376e-12
1.9779620795073016e-05,7.046232899724618e-11,2.069509057648758e-06,2.0752931984468026e-06,0.30414862430510997,0.00022472278733115213,2.0865847733662366e-08,1.5553481697874476e-20,1.291436722848349e-14,2.4380910470380903,3.886383221020845e-12
1.9264171376034177e-05,6.641724759975716e-11,1.942030464981959e-06,1.9479504142866463e-06,0.29615595825446656,0.00021010889157738996,1.9025629782244597e-08,1.3424441714751129e-20,1.1682509066489578e-14,2.377076600658833,3.500338334289418e-12
1.8762107530120405e-05,6.259798605627167e-11,1.8221836761842724e-06,1.8281974340677719e-06,0.28837289712998,0.00019641847519241522,1.734418799384749e-08,1.1582416159452063e-20,1.0565621076081512e-14,2.31757178819547,3.151853880964797e-12
1.8273083038981046e-05,5.899229518137112e-11,1.7095251749208908e-06,1.7155954381654803e-06,0.2807939574406534,0.0001835949207006135,1.5808131091922157e-08,9.989319954003778e-21,9.55321462417158e-15,2.2595396766406,2.837353505154596e-12
1.779676059846053e-05,5.558857090228356e-11,1.6036364325516812e-06,1.6097301847840832e-06,0.2734137987403679,0.00017158497626536783,1.4405170842911502e-08,8.612039516633039e-21,8.635735390565065e-15,2.202944226797905,2.553593778985969e-12
1.7332811590263964e-05,5.237582129278924e-11,1.504122545150954e-06,1.5102106783622181e-06,0.26622721990882464,0.00016033856124346806,1.3124033405576047e-08,7.421794746970378e-21,7.804482199453158e-15,2.147750271869569,2.297633933328413e-12
1.688091585943755e-05,4.9343635240919474e-11,1.4106109424037404e-06,1.4166679076586292e-06,0.25922915552882425,0.00014980858275927812,1.1954377624866247e-08,6.393581455278801e-21,7.051532718900815e-15,2.0939234965521143,2.0668082731993267e-12
1.6440761497517002e-05,4.648215267194143e-11,1.3227501647195152e-06,1.32875365000228e-06,0.2524146723573762,0.0001399507626728828,1.0886719740688058e-08,5.505684278006023e-21,6.3696754631615035e-15,2.041430416628399,1.858701045863505e-12
1.601204463120028e-05,4.378203625177461e-11,1.2402087050836404e-06,1.2461393383612996e-06,0.24577896588820022,0.00013072347435314643,9.912364021188986e-09,4.739251331110729e-21,5.752347577804402e-15,1.990238359044463,1.6711235491403143e-12
1.559446921640481e-05,4.123444449948103e-11,1.1626739123379578e-06,1.1685149880481871e-06,0.23931735700330742,0.0001220875887011382,9.023338866646105e-09,4.077922917858887e-21,5.1935779293006376e-15,1.940315442459301,1.502093285343853e-12
1.5187746837572929e-05,3.8831006240803833e-11,1.0898509527449203e-06,1.0955881800340607e-06,0.2330252887113246,0.00011400632890170667,8.212337963857294e-09,3.507507545895243e-21,4.687935059138214e-15,1.8916305582567856,1.3498149827246158e-12
1.479159651209278e-05,3.6563796337916723e-11,1.0214618268451414e-06,1.0270830979925082e-06,0.22689832297033632,0.00010644513341136132,7.47266610231203e-09,3.0156993342270855e-21,4.230479597970489e-15,1.8441533520089155,1.2126633213760073e-12
1.4405744499704736e-05,3.44253126335796e-11,9.572444387657656e-07,9.627396163347123e-07,0.22093213759307867,9.937152671909959e-05,6.798189292515111e-09,2.5918316174702608e-21,3.816720767967425e-15,1.7978542053792386,1.089167214419687e-12
1.4029924116767424e-05,3.240845405080408e-11,8.969517152782621e-07,9.023124366319194e-07,0.21512252323233613,9.275499744356101e-05,6.183288853820877e-09,2.2266621939571277e-21,3.4425766316497533e-15,1.7527042184567612,9.779955079921943e-13
1.3663875555260065e-05,3.05064997918959e-11,8.403507720381636e-07,8.45570269949219e-07,0.2094653804444899,8.656688335499001e-05,5.622819164150698e-09,1.912186226396393e-21,3.104337773231095e-15,1.708675192509677,8.779439752111382e-13
1.3307345706401046e-05,2.8713089583387784e-11,7.872221245670998e-07,7.922950627368077e-07,0.20395671682918676,8.078026293405255e-05,5.112068787156233e-09,1.6414732978339245e-21,2.7986341240540693e-15,1.6657396131492679,7.879234899880363e-13
1.2960087988765918e-05,2.7022204915895013e-11,7.373589416590483e-07,7.422812640408455e-07,0.1985926442431819,7.5369853101685e-05,4.646724713881228e-09,1.4085255597550038e-21,2.5224046672498546e-15,1.62387063389412,7.069492763539403e-13
1.2621862180790517e-05,2.5428151230337067e-11,6.905663390084599e-07,6.953351319069352e-07,0.19336937608642224,7.031191277494906e-05,4.222839475888707e-09,1.2081542904220529e-21,2.2728697784306727e-15,1.5830420601255328,6.341311379455992e-13
1.2292434257548276e-05,2.3925541004261117e-11,6.466607109682388e-07,6.512740769545371e-07,0.18828322465851516,6.558415192339474e-05,3.836800905269296e-09,1.035872516261036e-21,2.0475059791825657e-15,1.5432283334244592,5.686645805297495e-13
1.1971576231693066e-05,2.2509277694196654e-11,6.05469098450316e-07,6.099260412011002e-07,0.18333059858375916,6.116564581880368e-05,3.4853043340331916e-09,8.878016428572307e-22,1.844022898496535e-15,1.5044045162813773,5.098227479827052e-13
1.1659065998462242e-05,2.1174540492061403e-11,5.668285910814788e-07,5.711289103102958e-07,0.1785080003029782,5.7036754188449716e-05,3.165327041214308e-09,7.605902998127406e-22,1.660342254179188e-15,1.4665462771700055,4.569490990475279e-13
1.135468718463657e-05,1.9916769855632724e-11,5.305857618221226e-07,5.347299575297428e-07,0.17381202363041645,5.317904499825545e-05,2.874104770667155e-09,6.513438296892894e-22,1.4945786818350454e-15,1.4296298759764527,4.094507585139674e-13
1.1058229001356863e-05,1.873165377500081e-11,4.965961323459663e-07,5.005853176703522e-07,0.1692393513740292,4.9575222607505094e-05,2.609110156100089e-09,5.575630493385035e-22,1.3450222533146163e-15,1.39363214977531,3.667924822540202e-13
1.0769486100699354e-05,1.7615114738735935e-11,4.647236675647907e-07,4.685594895618287e-07,0.16478675301751441,4.620906005116047e-05,2.368032902443646e-09,4.770910854812845e-22,1.2101225396741554e-15,1.358530498944576,3.284911808432724e-13
1.0488258435914479e-05,1.656329736523391e-11,4.3484029776414105e-07,4.3852486549754954e-07,0.1604510824625158,4.306533521937814e-05,2.148761584269298e-09,4.080672384128689e-22,1.0884740857825149e-15,1.3243028736112568,2.941109513445663e-13
1.0214351125235928e-05,1.5572556666352438e-11,4.0682546689369966e-07,4.1036128625663434e-07,0.15622927582941032,4.012977071657643e-05,1.949366932721795e-09,3.4888696080272634e-22,9.78803174821646e-16,1.2909277604201168,2.6325857126386445e-13
9.947574319169553e-06,1.463944691202838e-11,3.8056570563015335e-07,3.839556203622779e-07,0.15211834931519533,3.738897719443841e-05,1.7680864923708466e-09,2.981671550370188e-22,8.799557711373678e-16,1.2583841696176064,2.355794127423735e-13
9.687743071173491e-06,1.3760711066066411e-11,3.559542279007401e-07,3.5920136630306645e-07,0.1481153971069746,3.483039996456898e-05,1.6033105385821006e-09,2.5471609444900867e-22,7.908865392750962e-16,1.226651622443759,2.1075373875560703e-13
9.434677211643586e-06,1.2933270764720998e-11,3.3289054962266053e-07,3.359982765084016e-07,0.1442175893496266,3.244226870721678e-05,1.45356915450957e-09,2.1750736288938515e-22,7.106488456487464e-16,1.1957101388247366,1.884933464779462e-13
9.188201225120052e-06,1.2154216811060107e-11,3.1128012847721244e-07,3.1425200193047025e-07,0.14042217016624325,3.0213550102563596e-05,1.3175203746712848e-09,1.8565728497797872e-22,6.383856571993261e-16,1.1655402253588003,1.68538526067199e-13
8.948144130633508e-06,1.1420800159399096e-11,2.910340235980018e-07,2.938737561434205e-07,0.13672645572997064,2.81339032205988e-05,1.1939393093345559e-09,1.5840538743530133e-22,5.73321258658902e-16,1.136122863588947,1.506553059518466e-13
8.714339365110681e-06,1.0730423365336085e-11,2.7206857411023614e-07,2.7477999792595224e-07,0.13312783238593923,2.6193637514591605e-05,1.0817081706506906e-09,1.350974913340672e-22,5.14753716697821e-16,1.1074394985552773,1.346329582868722e-13
8.486624669761958e-06,1.0080632478100667e-11,2.5430509551267543e-07,2.5689213134617323e-07,0.12962375482196214,2.438367327165688e-05,9.798071276813908e-10,1.1517108700663986e-22,4.620480253449626e-16,1.0794720276205942,1.2028174060258925e-13
8.264841979374998e-06,9.469109353057783e-12,2.3766959294596257e-07,2.4013622241775753e-07,0.1262117442867687,2.269550438193442e-05,8.87305923188717e-10,9.814268863384158e-23,4.1462987267742085e-16,1.0522027895626773,1.074308518240427e-13
8.048837314440529e-06,8.893664363281298e-12,2.2209249044035626e-07,2.2444273144414884e-07,0.1228893868545225,2.1121163295478437e-05,8.033561903520305e-10,8.359690504840451e-23,3.719799739170385e-16,1.0256145539270216,9.592658280341127e-14
7.838460676038275e-06,8.352229490137417e-12,2.075083752829203e-07,2.0974626021283505e-07,0.11965433173443092,1.965318804311412e-05,7.271844124613738e-10,7.117699773659758e-23,3.3362892078461255e-16,0.9996905106337655,8.563064330062381e-14
7.633565943412888e-06,7.842851773793067e-12,1.9385575668879846e-07,1.9598531324486745e-07,0.11650428962428963,1.8284591204295768e-05,6.580854731474207e-10,6.05767270493071e-23,2.991525012826422e-16,0.9744142598329169,7.641864898259854e-14
7.434010774171316e-06,7.363687105495447e-12,1.8107683800364023e-07,1.831020723457506e-07,0.1134370311068077,1.700883071140097e-05,5.954167488715967e-10,5.1533313795920166e-23,2.6816744803605405e-16,0.9497698020018754,6.817875350270096e-14
7.239656507035162e-06,6.912994344354722e-12,1.6911730170447537e-07,1.7104218374276645e-07,0.11045038508762202,1.5819782385956385e-05,5.385926992419311e-10,4.382136617913949e-23,2.403275769467863e-16,0.9257415282796306,6.081041208142964e-14
7.050368067082612e-06,6.48912974220554e-12,1.5792610650458943e-07,1.597545571307877e-07,0.10754223727391166,1.4711714108016342e-05,4.870799142648134e-10,3.72476418639008e-23,2.1532028123928186e-16,0.902314211031927,5.422326424831759e-14
6.866013873417017e-06,6.090541660929083e-12,1.4745529590431445e-07,1.4919117598384055e-07,0.10471052869256395,1.3679261525345028e-05,4.403925809128472e-10,3.164653223373117e-23,1.928633490151505e-16,0.8794729946420227,4.8336124534034337e-14
6.686465749200054e-06,5.7157655673820404e-12,1.3765981756411164e-07,1.3930691852304386e-07,0.10195325424687249,1.2717405214176492e-05,3.980883344042654e-10,2.6876170901003717e-23,1.7270207521883783e-16,0.8572033865215969,4.307607093001073e-14
6.5115988339894115e-06,5.363419291809741e-12,1.2849735290909788e-07,1.300593887633323e-07,0.09926846131075838,1.1821449208188619e-05,3.5976446237001713e-10,2.2815081590807655e-23,1.5460664146379356e-16,0.8354912483367064,3.8377621869485035e-14
6.341291498322175e-06,5.0321985363153754e-12,1.1992815640527188e-07,1.214087570914845e-07,0.09665424835955437,1.0987000816917983e-05,3.250544326477614e-10,1.9359291862528103e-23,1.3836973949933551e-16,0.8143227874436058,3.4181993336522054e-14
6.175425260486922e-06,4.720872620619901e-12,1.119149039772161e-07,1.1331760985665119e-07,0.09410876363640008,1.0209951659198366e-05,2.9362471780454395e-10,1.6419848988376428e-23,1.2380441623043576e-16,0.7936845485294547,3.0436428485666117e-14
6.013884705428551e-06,4.428280452977004e-12,1.0442255006508208e-07,1.057508074817593e-07,0.09163020385332231,9.486459841318344e-06,2.651718916668121e-10,1.3920682865821885e-23,1.107421201520683e-16,0.7735634054531327,2.7093592861092116e-14
5.856557405731684e-06,4.15332671470888e-12,9.741819284527385e-08,9.867535063000777e-08,0.08921681292610976,8.812933213496022e-06,2.394199751421198e-10,1.1796768268884422e-23,9.903093084214954e-17,0.7539465532813532,2.411102894657827e-14
5.703333844629585e-06,3.894978247399011e-12,9.087094716447171e-08,9.206025398517338e-08,0.08686688074209553,8.186013641954912e-06,2.1611801046412432e-10,9.992545187875999e-24,8.853395478590979e-17,0.7348215005154622,2.1450664361890502e-14
5.554107340986963e-06,3.6522606323236604e-12,8.475182476061412e-08,8.58764272277612e-08,0.08457874196000788,7.602562237381004e-06,1.9503784469380966e-10,8.46056159627615e-24,7.912787229303421e-17,0.7161760615043931,1.9078368552414228e-14
5.408773976206431e-06,3.4242549522209615e-12,7.903362136717332e-08,8.009656281110172e-08,0.082350774841043,7.05964548384529e-06,1.7597210487613568e-10,7.160307828466217e-24,7.070162162846632e-17,0.6979983490393673,1.6963553301736465e-14
5.267232523009472e-06,3.210094725990407e-12,7.369081031862656e-08,7.469503016250409e-08,0.0801814001103678,6.5545222154062975e-06,1.58732348693194e-10,6.057215950289313e-24,6.315520771948636e-17,0.6802767671260517,1.507881283567751e-14
5.1293843760441936e-06,3.0089630073843005e-12,6.869944229547176e-08,6.964777595446316e-08,0.0780690798482445,6.0846313905682014e-06,1.4314737578182698e-10,5.1218011406206745e-24,5.639862393528778e-17,0.6630000039299003,1.3399599684895808e-14
4.995133484273244e-06,2.8200896392004056e-12,6.40370508665502e-08,6.493223010982375e-08,0.07601231641002686,5.647580617573771e-06,1.2906168610467073e-10,4.328925250209473e-24,5.0350876470067544e-17,0.6461570248906275,1.1903932835234796e-14
4.86438628509648e-06,2.6427486549093277e-12,5.968256350482214e-08,6.052721722272818e-08,0.07400965137426593,5.241135386163488e-06,1.1633407288670037e-10,3.657165428337199e-24,4.493910180482805e-17,0.629737066001764,1.0572135023693486e-14
4.73705164016416e-06,2.476255820055584e-12,5.561621777019536e-08,5.641287309417991e-08,0.07205966451820649,4.863208963941584e-06,1.0483633866237028e-10,3.088273064350089e-24,4.009776858451826e-17,0.6137296272514242,9.386596336286659e-15
4.613040772837483e-06,2.31996630615572e-12,5.181948236954918e-08,5.257056609718921e-08,0.0701609728199529,4.511852917864032e-06,9.445212392830405e-11,2.6067103286314077e-24,3.576795603272868e-17,0.5981244662203575,8.33156153482712e-15
4.492267207254486e-06,2.173272490183688e-12,4.8274982819774575e-08,4.898282310177365e-08,0.06831222948662473,4.185248223610187e-06,8.507583876974162e-11,2.1992533584913698e-24,3.1896701742484156e-17,0.5829115918336474,7.392938785303242e-15
4.374646708960278e-06,2.0356018730815947e-12,4.496643145451448e-08,4.56332597045916e-08,0.06651212300781867,3.881696927723052e-06,7.66116886315164e-11,1.854652655649899e-24,2.843641233460407e-17,0.5680812582623767,6.558127683309824e-15
4.260097227061685e-06,1.906415111065957e-12,4.1878561529383796e-08,4.2506514521753696e-08,0.06475937623372281,3.5996143294126507e-06,6.897278614190642e-11,1.563342575528774e-24,2.5344331070129997e-17,0.5536239589716401,5.8158646739861904e-15
4.148538837867409e-06,1.7852041538145885e-12,3.899706519379595e-08,3.958818731640647e-08,0.06305274547724504,3.337521650816364e-06,6.20803415752704e-11,1.3171929222962232e-24,2.2582057045408316e-17,0.539530420911522,5.156084147013471e-15
4.039893689975748e-06,1.6714904839192517e-12,3.630853511017632e-08,3.6864780745046894e-08,0.06139101963953199,3.094039166305697e-06,5.586292516174217e-11,1.109296641703185e-24,2.0115111092138542e-17,0.5257915988475607,4.56979365314152e-15
3.934085950772877e-06,1.5648234522743755e-12,3.380040951333146e-08,3.4323645518259544e-08,0.05977301935826883,2.8678797631262465e-06,5.025579502380817e-11,9.337884472069484e-25,1.791254395427118e-17,0.5123986698274038,4.048961839025904e-15
3.83104175430571e-06,1.4647787043433543e-12,3.146092051409962e-08,3.195292878267868e-08,0.05819759617817105,2.657842907262114e-06,4.520028504429741e-11,7.856899419014338e-25,1.5946582722872435e-17,0.4993430277804438,3.5864178332866785e-15
3.730689150494197e-06,1.3709566925017895e-12,2.927904546216174e-08,2.9741525541510066e-08,0.05666363174309338,2.4628089899311224e-06,4.0643247451967075e-11,6.607774251591732e-25,1.4192311882492754e-17,0.48661627824723186,3.175760939951965e-15
3.6329580556488063e-06,1.2829812699022343e-12,2.7244461193089833e-08,2.7679032940930013e-08,0.055170037009188544,2.281734031549786e-06,3.653654535287957e-11,5.5546911232659085e-25,1.2627385661412533e-17,0.47421023323559885,2.8112796070135322e-15
3.5377802042598727e-06,1.2004983615379773e-12,2.5347500994345664e-08,2.5755707259133655e-08,0.053715751478577996,2.113644721358705e-06,3.283659084128258e-11,4.6672896016118375e-25,1.1231768686311195e-17,0.462116906200473,2.487878738770197e-15
3.4450891020262812e-06,1.1231747084051406e-12,2.3579114134092213e-08,2.3962423443764673e-08,0.05229974245299386,1.957633772177223e-06,2.950392469571289e-11,3.919846902298894e-25,9.987502222135476e-18,0.45032850714443057,2.2010145119593213e-15
3.354819980091794e-06,1.0506966808726502e-12,2.1930827805318415e-08,2.2290637051941428e-08,0.05092100430687837,1.8128555709612528e-06,2.6502834007165093e-11,3.290579460944019e-25,8.878493532670154e-18,0.43883743783612567,1.946635938262952e-15
3.266909750458166e-06,9.827691575701138e-13,2.0394711345976833e-08,2.0732348455134425e-08,0.04957855777943277,1.6785221069773748e-06,2.3801004398962437e-11,2.7610481548440036e-25,7.890326128821847e-18,0.42763628714377805,1.7211324904454537e-15
3.181296962544917e-06,9.191144662935154e-13,1.896334260357645e-08,1.9280069178758326e-08,0.04827144928512648,1.553899160480086e-06,2.1369203784665615e-11,2.315652024595218e-25,7.010088881938615e-18,0.41671782648098,1.521287176864821e-15
3.0979217608664696e-06,8.594713836095851e-13,1.762977632001365e-08,1.7926790253548293e-08,0.046998750242181926,1.4383027357937168e-06,1.918099487311348e-11,1.9411975253659646e-25,6.226222170526122e-18,0.4060750053621538,1.3442345100813806e-15
3.016725843798037e-06,8.035941900112676e-13,1.638751441936572e-08,1.6665952462614005e-08,0.04575955641857344,1.3310957236565082e-06,1.7212473870432055e-11,1.6265322088210083e-25,5.528379402174993e-18,0.3957009470650299,1.1874228703696223e-15
2.937652423402411e-06,7.512517776399104e-13,1.523047808793506e-08,1.5491418374521524e-08,0.04455298729508005,1.2316847785869115e-06,1.5442033049370806e-11,1.3622333423340332e-25,4.907302409974074e-18,0.3855889443976262,1.0485808146818479e-15
2.8606461862905317e-06,7.022268077447512e-13,1.4152981542053647e-08,1.4397446058867759e-08,0.043378185444954094,1.1395173978832054e-06,1.3850145058286798e-11,1.1403433492289766e-25,4.354709365576719e-18,0.37573245556718,9.256869265179518e-16
2.78565325548931e-06,6.563149151974108e-13,1.3149707385028267e-08,1.3378664386594459e-08,0.04223431592976905,1.0540791896695795e-06,1.2419167027003266e-11,9.541451343450688e-26,3.863193980728181e-18,0.3661251001486811,8.169428426834243e-16
2.7126211532909965e-06,6.133239575190153e-13,1.2215683460171619e-08,1.2430049822766115e-08,0.04112056571102829,9.748913181584566e-07,1.1133162696037892e-11,7.979713708089628e-26,3.426134886641293e-18,0.35676065515053823,7.207491294834662e-16
2.6414987650589193e-06,5.730733060102096e-13,1.1346261112120276e-08,1.1546904624713467e-08,0.04003614307712524,9.01508115011712e-07,9.977740950594486e-12,6.670426902991624e-26,3.0376141872221413e-18,0.34763305117515986,6.35683713881829e-16
2.572236303965104e-06,5.353931767004652e-13,1.0537094773611727e-08,1.0724836363343265e-08,0.038980277085254714,8.335148463549729e-07,8.939909282442033e-12,5.573304607961037e-26,2.692344278787081e-18,0.3387363686720878,5.6048260489171495e-16
2.5047852766359245e-06,5.001239989527831e-13,9.784122799595912e-09,9.959738690052016e-09,0.03795221701788835,7.705256256324783e-07,8.00794083244903e-12,4.654404704739541e-26,2.3856021164903627e-18,0.3300648342815426,4.940226672737152e-16
2.439098449682526e-06,4.671158196734789e-13,9.083549474996219e-09,9.2477732760617e-09,0.036951231853431514,7.121814630858835e-07,7.171253785095829e-12,3.8851437920298407e-26,2.1131701870185443e-18,0.32161281726620317,4.353062337727795e-16
2.375129817093327e-06,4.3622774118469584e-13,8.431828126639934e-09,8.585352855142318e-09,0.03597660975069825,6.581484432020227e-07,6.42030199469113e-12,3.2414626316716434e-26,1.8712835189648792e-18,0.3133748260290982,3.8344736388964473e-16
2.3128345684665497e-06,4.0732739091961726e-13,7.825645273844087e-09,7.969125304604327e-09,0.035027657546841375,6.081160220032742e-07,5.746475822098094e-12,2.703119746075341e-26,1.656582127354132e-18,0.3053455047155599,3.376595767818461e-16
2.2521690580612134e-06,3.8029042119758147e-13,7.261905755895298e-09,7.395958703148649e-09,0.03410370026838625,5.617954365519431e-07,5.142012251324858e-12,2.2530937734361513e-26,1.46606834767714e-18,0.29751962989726133,2.9724490353611065e-16
2.19309077464565e-06,3.550000374285332e-13,6.7377187782073835e-09,6.862927307665578e-09,0.033204080655033504,5.189182195085218e-07,4.599913438061823e-12,1.877078078108857e-26,1.2970685680804346e-18,0.28989210733631154,2.615841199367725e-16
2.1355583121230547e-06,3.313465531837309e-13,6.250384822286865e-09,6.367298394381533e-09,0.03232815869588978,4.792348120245651e-07,4.11387291780976e-12,1.5630535801567774e-26,1.1471989165601597e-18,0.2824579688275706,2.3012803514606515e-16
2.079531340914196e-06,3.092269706527083e-13,5.7973833678011786e-09,5.906519912883393e-09,0.03147531117781163,4.425132686657219e-07,3.678208770248732e-12,1.3009278717524228e-26,1.014334503603261e-18,0.2752123691172576,2.0238972456715922e-16
2.024970580077833e-06,2.8854458508524545e-13,5.376361378031333e-09,5.478208904503175e-09,0.030644931245540474,4.085380484506835e-07,3.2878030994935336e-12,1.0822304813497634e-26,8.965818601304747e-19,0.2681505828960484,1.7793760672045922e-16
1.9718377701499273e-06,2.692086118918604e-13,4.985122502810678e-09,5.080140639339858e-09,0.029836427973326096,3.77108886458802e-07,2.9380472473832485e-12,8.998556744428526e-27,7.922542462168238e-19,0.2612680018648739,1.563892743552449e-16
1.9200956466832406e-06,2.5113383514718674e-13,4.6216169557165404e-09,4.710238428831618e-09,0.02904922594773841,3.480397408042365e-07,2.6247922094212918e-12,7.478454809091771e-27,6.9984953825088955e-19,0.2545601318717125,1.374059993572949e-16
1.8697079144692973e-06,2.3424027630786057e-13,4.283932024795383e-09,4.366564073284066e-09,0.028282764861374186,3.211578100990185e-07,2.344303770850719e-12,6.212067465108719e-27,6.180304312660032e-19,0.24802259011760971,1.206878394029723e-16
1.8206392224252588e-06,2.1845288202029676e-13,3.970283178476129e-09,4.047308906111247e-09,0.027536499117178797,2.963026168323189e-07,2.093221924006851e-12,5.157569484462773e-27,5.456067194291726e-19,0.24165110243034804,1.0596928184512069e-16
1.7728551391286048e-06,2.0370122995415138e-13,3.679005730566912e-09,3.750785398768995e-09,0.026809897443103428,2.7332515237998715e-07,1.8685241678989034e-12,4.2799431617216745e-27,4.815194413722515e-19,0.2354415006040829,9.301536708128101e-17
1.7263221289830149e-06,1.8991925165464517e-13,3.4085470303446282e-09,3.4754192924564786e-09,0.02610244251682988,2.5208707962768976e-07,1.6674923272615624e-12,3.549884798190603e-27,4.248266984375574e-19,0.22938971980339554,8.161823972676483e-17
1.681007528999251e-06,1.7704497146120024e-13,3.1574591457420246e-09,3.2197422246418405e-09,0.02541363060030131,2.32459989444118e-07,1.487682561391547e-12,2.9428844715076495e-27,3.746909732051807e-19,0.22349179603022626,7.159408136334186e-17
1.6368795261752249e-06,1.6502026059139932e-13,2.9243920095190376e-09,2.9823848203361573e-09,0.02474297118380209,2.1432470747837785e-07,1.326898263218884e-12,2.438452013521482e-27,3.303677930725765e-19,0.21774386365215073,6.278038352128232e-17
1.5939071354599042e-06,1.537906055380634e-13,2.7080870000806776e-09,2.7620702198035077e-09,0.02408998663933868,1.975706479789849e-07,1.1831655765129596e-12,2.0194662893005404e-27,2.911955993478242e-19,0.2121421529905659,5.503352393465129e-17
1.5520601782860258e-06,1.433048899735339e-13,2.5073709302787164e-09,2.5576080160585333e-09,0.023454211883080844,1.8209521154147678e-07,1.0547112841220694e-12,1.671628407520375e-27,2.5658669646163697e-19,0.20668298796732032,4.8226613037939594e-17
1.5113092616570332e-06,1.3351518939907463e-13,2.321150419113137e-09,2.367888577072507e-09,0.02283519404662303,1.6780322388848875e-07,9.399428429047013e-13,1.3830024917480738e-27,2.260191686477015e-19,0.201362783808407,4.22475811923291e-17
1.4716257577739829e-06,1.2437657781885302e-13,2.1484066227390736e-09,2.1918777290896936e-09,0.022232492156841126,1.546064129708363e-07,8.374303617274475e-13,1.1436301838848347e-27,1.9902966292132378e-19,0.19617804480333692,3.699748028338318e-17
1.432981784188555e-06,1.1584694575732855e-13,1.9881903025884285e-09,2.0286117788524434e-09,0.021645676824116753,1.4242292185157067e-07,7.458903377557696e-13,9.452072039639978e-28,1.7520694752501735e-19,0.1911253621188631,3.2388976156113227e-17
1.3953501844686516e-06,1.0788682897613748e-13,1.8396172097392481e-09,1.8771928538501286e-09,0.021074329938712926,1.311768549976065e-07,6.641709834141085e-13,7.808121131939937e-28,1.5418616431700095e-19,0.18620141166575863,2.834501088171654e-17
