p+n->D+γ,D+p->He3+γ,D+D->n+He3,D+D->p+T,He3+n->p+T,T+D->n+He4,He3+D->p+He4,He3+He4->Be7+γ,T+He4->Li7+γ,Be7+n->p+Li7,Li7+p->He4+He4
4.218399873728292e+17,5.8102936976848456e+16,6616916387.604051,5336490086.055534,21864079604.907417,1033985152.406301,1357663767.2122118,1.0469505884061238e+17,7.930870237796661e+16,22581466963.397156,109866817.71139218
4.182553760130294e+17,5.703947041869572e+16,6421574245.694713,5175372150.660014,21266743602.991398,996473824.3185911,1305415778.27498,1.0308339628819339e+17,7.807046610371107e+16,21947053822.279198,105274434.90976259
4.1444537026918515e+17,5.599295290419827e+16,6231832298.251205,5018953098.1027775,20685597846.36046,960184871.7737808,1254988523.5624352,1.0148787134942534e+17,7.685001153862131e+16,21330177326.376724,100859700.08539696
4.104318146463126e+17,5.496314430412864e+16,6047533607.038428,4867099621.315697,20120205937.3727,925082847.514507,1206324987.1133811,9.990857573644312e+16,7.564709576885622e+16,20730358400.27365,96616265.92300074
4.06235172307382e+17,5.394980770436595e+16,5868525559.815824,4719682118.587411,19570143196.9377,891133215.6297772,1159369752.43084,9.834559010124053e+16,7.446147915278133e+16,20147130949.435978,92537994.93932192
4.018746003961143e+17,5.29527093623253e+16,5694659752.435367,4576574592.020341,19034996350.635853,858302330.5280699,1114068961.9368277,9.67989844484077e+16,7.329292527689254e+16,19580041510.42819,88618953.01517615
3.97368021601898e+17,5.197161866397809e+16,5525791874.128701,4437654548.74425,18514363223.230644,826557416.3640176,1070370277.3837391,9.526881853563027e+16,7.214120091233082e+16,19028648910.52004,84853403.11622521
3.9273219214260864e+17,5.100630808145614e+16,5361781595.897593,4302802904.812048,18007852441.349735,795866546.9089786,1028222841.2003433,9.375514226228378e+16,7.100607597198016e+16,18492523936.432335,81235799.19718868
3.879827663333637e+17,5.005655313123172e+16,5202492461.924235,4171903891.705453,17515083144.116905,766198625.8560152,987577238.7509117,9.225799604644454e+16,6.98873234681409e+16,17971249011.97712,77760780.28431696
3.8313435790139354e+17,4.912213233286557e+16,5047791783.919989,4044844965.380014,17035684701.52206,737523367.5499785,948385461.4864397,9.077741119063173e+16,6.878471947077012e+16,17464417884.353603,74423164.73109299
3.7820059820053414e+17,4.820282716831622e+16,4897550538.333582,3921516717.781094,16569296440.323048,709811278.1336281,910600870.967489,8.931341023658816e+16,6.7698043066282776e+16,16971635318.868572,71217944.64227523
3.7319419147167405e+17,4.729842204180259e+16,4751643266.3416815,3801812790.763997,16115567377.277807,683033637.1008909,874178163.7385693,8.78660073093958e+16,6.662707631690466e+16,16492516801.85515,68140280.46152413
3.6812696728894336e+17,4.6408704240213e+16,4609947976.546972,3685629792.353406,15674155959.511112,657162479.2485546,839073337.0344912,8.643520845121894e+16,6.557160422057073e+16,16026688251.570526,65185495.71799
3.630099303253418e+17,4.553346389405334e+16,4472346050.310809,3572867215.278968,15244729811.825447,632170577.0179002,805243655.2995636,8.502101194495643e+16,6.453141467136125e+16,15573785736.858969,62349071.92736709
3.578533075652614e+17,4.467249393892737e+16,4338722149.649489,3463427357.7255507,14826965490.770294,608031423.2179291,772647617.5009251,8.362340862807869e+16,6.35062984204682e+16,15133455203.37185,59626643.64304226
3.526665930858259e+17,4.38255900775422e+16,4208964127.625115,3357215246.238401,14420548245.289553,584719214.1220511,741244925.2177716,8.224238219691962e+16,6.2496049037685576e+16,14705352207.142572,57013993.6530907
3.474585905232572e+17,4.299255074223199e+16,4082962941.1637807,3254138560.724937,14025171783.771002,562208832.9302504,710996451.4886198,8.087790950168181e+16,6.150046287341536e+16,14289141655.318918,54507048.318985015
3.422374533354458e+17,4.217317705799354e+16,3960612566.2358303,3154107561.49666,13640538047.327286,540475833.5889484,681864210.399203,7.952996083241346e+16,6.051933902118404e+16,13884497553.861574,52101873.05200363
3.370107229665976e+17,4.136727280602627e+16,3841809915.33436,3057035018.2959394,13266356989.141361,519496424.9609084,653811327.3939521,7.819850019620074e+16,5.9552479280660936e+16,13491102762.021627,49794667.92343077
3.317853650153326e+17,4.057464438777109e+16,3726454757.1902018,2962836141.2541337,12902346359.714825,499247455.3377432,626802010.2944429,7.688348558582123e+16,5.85996881211727e+16,13108648753.415813,47581763.40475313
3.2656780350264614e+17,3.979510078944072e+16,3614449638.6630406,2871428513.7288656,12548231497.86131,479706397.2877121,600801521.0085735,7.558486924009064e+16,5.7660772645707576e+16,12736835383.52257,45459616.23416201
3.213639533321044e+17,3.90284535470355e+16,3505699808.749993,2782732026.9695783,12203745127.291197,460851332.83165455,575776147.9145678,7.430259789613258e+16,5.673554255540155e+16,12375370663.426638,43424805.405770615
3.161792510300976e+17,3.827451671183856e+16,3400113144.6546564,2696668816.5620766,11868627158.63873,442660938.94009465,551693178.9043466,7.30366130337959e+16,5.582381011450165e+16,12023970539.645147,41474028.27806047
3.1101868385018586e+17,3.753310681638364e+16,3297600079.861009,2613163200.60388,11542624496.785654,425114473.3446597,528520875.0710827,7.1786851112434184e+16,5.492539011579856e+16,11682358679.871824,39604096.798163205
3.058868173215883e+17,3.680404284088978e+16,3198073534.1581435,2532141619.5636263,11225490853.34015,408191760.6571362,506228445.0261696,7.055324380026105e+16,5.404009984652306e+16,11350266264.480911,37811933.838681296
3.007878213182335e+17,3.608714618015674e+16,3101448845.563223,2453532577.7789793,10916986564.133175,391873178.7896183,484786019.83114296,6.933571819648594e+16,5.316775905469983e+16,11027431783.636305,36094569.643842034
2.9572549472125715e+17,3.5382240610915216e+16,3007643704.0915112,2377266586.548775,10616878411.598278,376139645.6693555,464164628.53044504,6.813419704643198e+16,5.2308189915952696e+16,10713600839.855837,34449138.38186936
2.907032887444156e+17,3.4689152259625704e+16,2916578087.3235927,2303276108.7762012,10324939451.904177,360972606.24202996,444336174.27123314,6.694859894982931e+16,5.1461217000754696e+16,10408525955.884151,32872874.800542403
2.857243289887785e+17,3.4007709570720508e+16,2828174197.7213693,2231495505.121145,10040948846.713308,346354019.7573521,425273410.99677163,6.577883856247641e+16,5.062666724211777e+16,10111966387.732182,31363110.98299765
2.8079143628983462e+17,3.33377432752831e+16,2742356401.645655,2161860981.620832,9764691699.442646,332266347.33098346,406949920.700252,6.462482679145247e+16,4.9804369903715896e+16,9823687942.744566,29917273.200911123
2.759071464173392e+17,3.2679086360159004e+16,2659051170.0294304,2094310538.7390416,9495958895.90644,318692539.77692556,389340091.2261789,6.3486470984062424e+16,4.8994156548435416e+16,9543462802.56016,28532878.862277314
2.7107372868532512e+17,3.2031574037492816e+16,2578187020.6621146,2028783921.8052297,9234546949.223824,305616025.7046523,372419094.6067803,6.2363675110688776e+16,4.819586100734762e+16,9271069350.834538,27207533.551079936
2.6629320352704336e+17,3.1395043714685704e+16,2499694462.0413847,1965222572.8059568,8980257848.877287,293020699.87538046,356162865.9211723,6.1256339941722616e+16,4.740931934909738e+16,9006292005.596735,25938928.156224743
2.6156735908708083e+17,3.076933496476803e+16,2423505938.7502236,1903569583.4920032,8732898913.81109,280890911.81199616,340548082.66530377,6.016436321873843e+16,4.663436984970243e+16,8748921056.115984,24724836.08717748
2.568977668803166e+17,3.0154289497181812e+16,2349555778.318039,1843769649.7655618,8492282649.461662,269211454.65728545,325552144.6209853,5.908763982007674e+16,4.5870852962757944e+16,8498752504.157509,23563110.573822744
2.5228579656521674e+17,2.9549751128967536e+16,2277780139.5257974,1785769027.312836,8258226608.61485,257967554.27521792,311153154.21256626,5.802606192098938e+16,4.511861129004058e+16,8255587909.50962,22451682.048127294
2.4773262987653862e+17,2.895556575635028e+16,2208116962.11618,1729515488.4483237,8030553255.987769,247144858.5901648,297329897.3401064,5.697951914850373e+16,4.43774895525072e+16,8019234239.66761,21388555.60526049
2.432392737605353e+17,2.837158132671994e+16,2140505917.8708386,1674958280.1379719,7809089836.435705,236729427.15903577,284061824.6781348,5.594789873115364e+16,4.364733456168256e+16,7789503723.562919,20371808.541889083
2.3880657275358752e+17,2.7797647811000504e+16,2074888363.017828,1622048083.1692584,7593668246.687161,226707720.9714315,271329033.42934614,5.493108564372271e+16,4.2927995191431e+16,7566213709.229075,19399587.96942773
2.3443522064332954e+17,2.7233617176403264e+16,2011207291.9332836,1570736972.4371307,7384124910.512746,217066592.47301695,259112249.5228354,5.3928962747141416e+16,4.221932235010675e+16,7349186525.298798,18470108.500088975
2.3012577144939277e+17,2.6679343359559204e+16,1949407292.1024117,1520978378.3155706,7180300657.236102,207793275.80743006,247392810.24670437,5.294141092367679e+16,4.15211689530782e+16,7138249346.229498,17581650.00363625
2.2587864975918314e+17,2.6134682240025468e+16,1889434500.3057458,1472727049.0853481,6982040603.497572,198875377.27213573,236152647.30512068,5.196830920754756e+16,4.083338989562068e+16,6933234061.157121,16732555.432802651
2.2169416045234906e+17,2.559949161416134e+16,1831236559.9975913,1425939014.3893557,6789194038.183616,190300865.98374602,225374270.29013237,5.100953491109561e+16,4.015584202617312e+16,6733977146.281026,15921228.715394953
2.175724978460019e+17,2.5073631169368724e+16,1774762579.8444233,1380571549.6876366,6601614310.43735,182058064.74841744,215040750.5587656,5.006496374664175e+16,3.948838411995368e+16,6540319540.685097,15146132.711157825
2.1351375429122182e+17,2.4556962458692652e+16,1719963093.3919194,1336583141.6850398,6419158720.667888,174135641.13304302,205135705.50616294,4.913446994414822e+16,3.883087685292951e+16,6352106525.50297,14405787.231527602
2.0951792824985843e+17,2.4049348875777148e+16,1666790019.830099,1293933454.7050855,6241688414.478245,166522598.7330402,195643283.22571853,4.821792636480902e+16,3.818318277613584e+16,6169187606.337527,13698767.120456675
2.0558493187923792e+17,2.3550655630171624e+16,1615196625.8268905,1252583297.9843938,6069068279.433794,159208268.63263774,186548147.54738817,4.731520461068511e+16,3.7545166290339864e+16,5991416398.847386,13023700.394540958
2.0171459815109642e+17,2.306074972298386e+16,1565137488.401265,1212494593.8627167,5901166844.595394,152182301.0536538,177835463.44555533,4.642617513049866e+16,3.691669362104489e+16,5818650517.41542,12379266.440732935
1.9790668752965814e+17,2.257949992287452e+16,1516568458.8078005,1173630346.8442464,5737856182.7431755,145434657.18883982,169490882.80802584,4.555070732169668e+16,3.629763279382985e+16,5650751466.8164835,11764194.269969821
1.941608942327004e+17,2.210677674238912e+16,1469446627.4053419,1135954613.506574,5579011815.2191,138955601.21596065,161500530.55792806,4.468866962889293e+16,3.568785361002008e+16,5487584536.803938,11177260.825094374
1.9047685209812746e+17,2.1642452414623204e+16,1423730289.483139,1099432473.2342896,5424512619.318267,132735692.48885894,153850991.12048128,4.383992963879267e+16,3.5087227622684868e+16,5329018699.536564,10617289.341490928
1.8685414007757974e+17,2.1186400870216184e+16,1379378912.0185688,1064029999.7548323,5274240738.160802,126765777.90184057,146529295.2267817,4.300435417170246e+16,3.449562811295716e+16,5174926509.769644,10083147.758903474
1.832922873774673e+17,2.0738497714669816e+16,1336353101.3412256,1029714233.4548093,5128081492.977991,121036984.42379192,139522907.04693395,4.218180936972482e+16,3.3912930066671468e+16,5025184007.73596,9573747.182945803
1.797907782668342e+17,2.0298620205987116e+16,1294614571.67888,996453154.4555993,4985923297.748156,115540711.79852892,132819711.6450408,4.137216078173451e+16,3.3339010151315544e+16,4879670624.644566,9088040.394855795
1.7634905657047667e+17,1.9866647232627492e+16,1254126114.5614157,964215656.4275966,4847657576.119314,110268625.40794306,126408002.74872413,4.057527344523057e+16,3.277374669329158e+16,4738269090.726901,8625020.408085993
1.7296652986483533e+17,1.94424592917742e+16,1214851569.0595481,932971521.1230556,4713178680.5576315,105212649.29459779,120276470.82603225,3.979101196515583e+16,3.2217019655483068e+16,4600865345.762022,8183719.070363115
1.6964257339327654e+17,1.902593846790996e+16,1176755792.8357186,902691393.6079911,4582383813.662005,100364959.3404938,114414191.46274313,3.901924058977335e+16,3.1668710615122996e+16,4467348452.014226,7763205.709886686
1.663765337165563e+17,1.8616968411696864e+16,1139804633.985169,873346758.1741458,4455172951.586901,95717976.59879585,108810614.03323634,3.8259823283685976e+16,3.112870274195932e+16,4337610509.518335,7362585.8243749365
1.6316773211346285e+17,1.8215434319156624e+16,1103964903.6458216,844909914.9125408,4331448769.517083,91264360.77538987,103455550.65826735,3.751262379808446e+16,3.059688077671419e+16,4211546573.6496124,6980999.811702432
1.600154677458536e+17,1.7821222911147376e+16,1069204349.356133,817353956.9306198,4211116569.1393037,86997003.85719869,98339165.4431231,3.677750573830525e+16,3.007313100983243e+16,4089054574.916884,6617621.740908874
1.5691902060160058e+17,1.743422241313301e+16,1035491629.1406537,790652748.1954895,4094084208.0575686,82909023.88426128,93451963.98979321,3.605433262877842e+16,2.955734126051584e+16,3970035240.919181,6271658.162393267
1.538776542282479e+17,1.7054322535241578e+16,1002796286.3036137,764780901.9862314,3980262031.1000104,78993758.86264056,88784783.17693366,3.534296797544376e+16,2.9049400856039324e+16,3854392020.407797,5942346.956140883
1.5089061826953485e+17,1.6681414452608758e+16,971088724.9113107,739713759.938709,3869562803.466712,75244760.81528975,84328781.2015405,3.4643275325710204e+16,2.8549200611345212e+16,3742031009.397118,5628956.216862772
1.4795715081631437e+17,1.6315390786002938e+16,940340185.9446759,715427371.6667645,3761901645.669323,71655789.96807422,80075427.87639391,3.3955118326031984e+16,2.805663280891195e+16,3632860879.269292,5330783.174959451
1.4507648058277987e+17,1.5956145582728064e+16,910522724.1038265,691898474.9441055,3657195970.2144403,68220809.06820013,76016495.17746207,3.3278360777174228e+16,2.757159117889365e+16,3526792806.8190517,5047153.152250707
1.4224782891838053e+17,1.5603574297800886e+16,881609185.2469467,669104476.4316322,3555365419.984179,64933977.83236766,72144048.03559037,3.2612866687235976e+16,2.709397087952667e+16,3423740406.1866164,4777418.551443534
1.3947041166521694e+17,1.5257573775398866e+16,853573184.4463015,647023432.9353527,3456331808.2685013,61789647.52202062,68450435.36692815,3.1958500322500116e+16,2.6623668477800024e+16,3323619662.627922,4520957.87833912
1.3674344087023773e+17,1.4918042230575434e+16,826389084.6446475,625634033.1804423,3360019060.4051175,58782355.64312375,64928281.336670674,3.131512625617451e+16,2.616058193038583e+16,3226348868.072782,4277174.795807944
1.340661263610343e+17,1.4584879231238874e+16,800031975.8957542,604915580.0873823,3266353156.983928,55906820.767951794,61570476.85081418,3.0682609415089428e+16,2.5704610564826376e+16,3131848558.422925,4045497.20858938
1.3143767719358338e+17,1.4257985680391714e+16,774477655.1732068,584847973.5365136,3175262078.574191,53157937.476432875,58370171.27074485,3.006081512441343e+16,2.525565506097454e+16,3040041452.543152,3825376.377999046
1.2885730297982768e+17,1.3937263798627026e+16,749702606.7320596,565411693.6076913,3086675751.9336257,50530771.41463709,55320764.345594876,2.9449609150447748e+16,2.481361743268409e+16,2950852392.9000745,3616286.06565269
1.2632421510258376e+17,1.3622617106878382e+16,725683983.0083555,546587784.2820951,3000525997.659843,48020554.46805625,52415898.35741346,2.884885774155891e+16,2.4378401009746576e+16,2864208287.804167,3417721.705340832
1.2383762782483563e+17,1.3313950409420114e+16,702399586.0419039,528357837.59359926,2916746479.2454724,45622680.04736906,49649450.47431124,2.825842766730632e+16,2.394991042007158e+16,2780038055.2119927,3229199.6022126502
1.2139675930011006e+17,1.3011169777114718e+16,679827849.4081197,510703978.21744573,2835272653.4994383,43332698.48443558,47015525.306842715,2.76781862558207e+16,2.3528051572106956e+16,2698272568.046665,3050256.1584514272
1.1900083249026989e+17,1.2714182530903984e+16,657947820.6451102,493608848.48429763,2756041722.297836,41146312.53631356,44508447.662998065,2.7108001429487812e+16,2.311273163749612e+16,2618844600.995721,2880447.124646988
1.1664907599668707e+17,1.2422897225540864e+16,636739144.1625539,477055593.808068,2678992585.6288033,39059372.995134056,42122755.49727608,2.6547741738989696e+16,2.2703859033968976e+16,2541688778.746649,2719346.876092933
1.1434072481046877e+17,1.213722363355878e+16,616182044.6193005,461027848.5162433,2604065795.896789,37067874.40172121,39853193.049411036,2.5997276395755284e+16,2.230134340846368e+16,2466741525.621449,2566547.7132584224
1.120750209870629e+17,1.1857072729475312e+16,596257310.7569487,445509722.071709,2531203513.4524775,35167950.86088333,37694704.168421894,2.545647530286959e+16,2.1905095620475924e+16,2393941016.5725284,2421659.1857052683
1.0985121425029368e+17,1.1582356674227146e+16,576946279.6770281,430485785.6754021,2460349463.315589,33355871.95634722,35642425.817748256,2.4925209084490228e+16,2.151502772563282e+16,2323227129.503365,2284307.4387419526
1.0766856253058315e+17,1.1312988799833202e+16,558230821.5497215,415941059.23938763,2391448893.0586166,31628038.763348572,33691681.75732914,2.44033491138185e+16,2.1131052959488504e+16,2254541398.878267,2154134.58212602
1.0552633244186067e+17,1.1048883594283038e+16,540093324.7424141,401860998.72025245,2324448531.8204427,29980979.956933346,31837976.398570843,2.3890767539670476e+16,2.0753085721538416e+16,2187826970.5865684,2030798.0801459237
1.0342379970138936e+17,1.0789956686647368e+16,522516681.3566437,388231483.8029663,2259296550.4195557,28411348.014062885,30076988.82823641,2.3387337311692696e+16,2.038104155944941e+16,2123028558.027469,1913970.162432188
1.0136024949651848e+17,1.0536124832407868e+16,505484273.16236424,375038805.9256469,2195942522.53748,26915915.50765723,28404566.99737773,2.2892932204266092e+16,2.001483715350283e+16,2060092399.3827133,1803337.2548663183
9.933497680212122e+16,1.0287305899003238e+16,488979957.9187082,362269656.63590455,2134337386.9437134,25491571.4907455,26816722.071510553,2.240742683913947e+16,1.9654390301247756e+16,1998966216.0450952,1698599.4299736097
9.734728665227754e+16,1.0043418851588728e+16,472988056.0707498,349911116.2697142,2074433410.734357,24135317.968932644,25309622.938317876,2.193069670683432e+16,1.9299619902361652e+16,1939599172.1717303,1599469.8762035482
9.539649436953946e+16,9804383739006138.0,457493337.8120277,337950642.94398844,2016184153.557226,22844266.45942395,23879590.8692426,2.146261818685974e+16,1.895044594371563e+16,1881941835.331757,1505674.3855182468
9.348192575493296e+16,9570121679961528.0,442481010.5028894,326376061.85428256,1959544432.7970886,21615634.634886753,22523094.331410624,2.1003068566777024e+16,1.8606789484641716e+16,1825946138.219063,1416950.858725931
9.16029172416617e+16,9340554849407838.0,427936706.4349686,315175554.8692806,1904470289.6952994,20446743.050460506,21236743.94639843,2.055192606015056e+16,1.8268572642399384e+16,1771565341.4013197,1333048.828012352
8.97588160152938e+16,9115606465129508.0,413846470.9323759,304337650.41394556,1850918956.3788056,19335011.95226037,20017287.592433624,2.0109069823422276e+16,1.7935718577838746e+16,1718753997.0774422,1253728.9961385627
8.794898010305683e+16,8895200774526526.0,400196750.7804431,293851213.63343865,1798848823.7741995,18277958.165751737,18861605.64668844,1.967437997174448e+16,1.7608151481257876e+16,1667467913.8163235,1178762.7917886297
8.617277843470494e+16,8679263041594961.0,386974382.9730909,283705436.83011353,1748219410.383078,17273192.062403023,17766706.36439462,1.9247737593805932e+16,1.7285796558451592e+16,1617664122.2503855,1107931.940565405
8.44295908772671e+16,8467719534101446.0,374166583.77015764,273889830.1661208,1698991331.8956845,16318414.603056468,16729721.39157791,1.882902476568433e+16,1.696858001694928e+16,1569300841.69827,1041028.0511468942
8.271880824584974e+16,8260497510948852.0,361760938.05623865,264394212.62434334,1651126271.6203704,15411414.456484562,15747901.408275148,1.841812456375797e+16,1.6656429052439316e+16,1522337447.6916263,977852.2161294997
8.103983229252987e+16,8057525209730431.0,349745388.9928188,255208703.22058433,1604586951.7070026,14550065.191628816,14818611.899161695,1.8014921076707996e+16,1.6349271835377378e+16,1476734440.381611,918214.6270979216
7.939207567524765e+16,7858731834469931.0,338108227.9557181,246323712.46013138,1559337105.1430962,13732322.54204638,13939329.04858099,1.7619299416641952e+16,1.6047037497776596e+16,1432453413.8014576,861934.2034746666
7.777496190848749e+16,7664047543544970.0,326838084.7500622,237729934.03199282,1515341448.5019426,12956221.741116151,13107635.757027999,1.7231145729368554e+16,1.574965612017689e+16,1389457025.9619937,808838.2347147532
7.618792529742251e+16,7473403437791102.0,315923918.09522027,229418336.7342953,1472565655.4226058,12219874.926583022,12321217.776199589,1.6850347203852564e+16,1.5457058718791258e+16,1347708969.7576938,758762.0354236674
7.463041085709022e+16,7286731548783970.0,305355006.3723451,221380156.62450066,1430976330.802172,11521468.613044523,11577859.959782306,1.6476792080877858e+16,1.5169177232826622e+16,1307173944.6614068,711548.6129886045
7.310187421806421e+16,7103964827297151.0,295120938.62735736,213606889.38828045,1390540985.6811914,10859261.231009146,10875442.627205916,1.6110369660946164e+16,1.4885944511977078e+16,1267817629.1865158,667048.3473247972
7.160178151999082e+16,6925037131932912.0,285211605.8224018,206090282.9210444,1351228012.803719,10231580.731179915,10211938.037646372,1.5750970311437814e+16,1.4607294304087078e+16,1229606654.095822,625118.6823500439
7.012960929426764e+16,6749883217923663.0,275617192.32900184,198822330.11629197,1313006662.8339038,9636822.252640624,9585406.971616346,1.5398485473060618e+16,1.4333161242982606e+16,1192508576.3370533,585623.8288117043
6.8684844337061096e+16,6578438726101349.0,266328167.65630928,191795261.8551043,1275847021.2115152,9073445.853644775,8993995.417534593,1.5052807665611302e+16,1.4063480836467834e+16,1156491853.6853669,548434.478101088
6.7266983573764776e+16,6410640172032543.0,257335278.40803918,185001540.1912586,1239719985.6293054,8539974.303730318,8435931.360717319,1.4713830493074684e+16,1.379818945448535e+16,1121525820.0738204,513427.52670073713
6.587553391594372e+16,6246424935316680.0,248629540.4618428,178433851.7265909,1204597244.1155431,8034990.935904505,7909521.672285592,1.4381448648083256e+16,1.3537224317437734e+16,1087580661.5932376,480485.8109201998
6.45100121117174e+16,6085731249044988.0,240202231.3650427,172085101.17137697,1170451253.705486,7557137.557664655,7413149.095531736,1.40555579157609e+16,1.3280523484668294e+16,1054627393.1434146,449497.85158581653
6.316994459048054e+16,5928498189417791.0,232044882.94082415,165948405.08465213,1137255219.686036,7105112.41964141,6945269.327336871,1.3736055176972388e+16,1.3028025843098994e+16,1022637835.7181084,420357.60835968284
6.1854867302790616e+16,5774665665517784.0,224149274.0991301,160017085.78952014,1104983075.3982,6677668.240670948,6504408.192278573,1.3422838411000866e+16,1.277967109602356e+16,991584594.3067045,392964.2433722874
6.056432555618811e+16,5624174409236773.0,216507423.84666508,154284665.45863944,1073609462.582404,6273610.288122319,6089158.907113778,1.3115806697673614e+16,1.2535399752053512e+16,961441036.3959192,367221.8938624341
5.92978738476662e+16,5476965965353790.0,209111584.49056917,148744860.36520854,1043109712.2521316,5891794.512325391,5698179.433367962,1.2814860218957016e+16,1.2295153114215472e+16,932181271.0553633,343039.45352693973
5.80550756934423e+16,5332982681761954.0,201954235.03046235,143391575.29489344,1013459826.0817033,5531125.733963013,5330189.915805134,1.2519900260040324e+16,1.2058873269197408e+16,903780128.5911915,320330.36229116854
5.683550345664605e+16,5192167699842011.0,195028074.73371264,138218898.11427158,984636458.2944345,5190555.883309821,4983970.204597205,1.2230829209927308e+16,1.1826503076742262e+16,876213140.7525259,299012.4042198863
5.5638738173475576e+16,5054464944980065.0,188326016.88891074,133221094.49147888,956616898.0377417,4869082.290217057,4658357.459053177,1.1947550561554522e+16,1.1597986159186694e+16,849456521.4757104,279007.51329603454
5.4464369378345624e+16,4919819117227341.0,181841182.73268053,128392602.76487242,929379052.2321618,4565746.023760826,4352243.830810683,1.1669968911454206e+16,1.137326689114326e+16,823487148.1518973,260241.58680298438
5.33119949284929e+16,4788175682099645.0,175566895.54507864,123728028.95562923,902901428.8815677,4279630.280487462,4064574.224432781,1.1397989958979464e+16,1.1152290389324186e+16,798282543.4038297,242644.30605351846
5.218122082848063e+16,4659480861514261.0,169496674.90896747,119222141.920314,877163120.8322147,4009858.8202064866,3794344.1333929785,1.1131520505108568e+16,1.0935002502504674e+16,773820857.3580604,226148.96421631388
5.107166105499019e+16,4533681624862125.0,163624231.1288751,114869868.63956024,852143789.9685956,3755594.448297702,3540597.54947066,1.0870468450845078e+16,1.0721349801624254e+16,750080850.3992493,210692.30099799408
4.9982937382270264e+16,4410725680212936.5,157943459.80497044,110666289.63910878,827823651.8343793,3516037.5435145614,3302424.943617351,1.061474279522966e+16,1.0511279570024104e+16,727041876.3934973,196214.34394592023
4.891467920856599e+16,4290561465651098.5,152448436.55790594,106606634.53955457,804183460.6670424,3290424.6302815625,3078961.316392129,1.036425363297927e+16,1.0304739793818736e+16,704683866.368063,182658.2561438187
4.786652338383231e+16,4173138140740248.5,147133411.90039396,102686277.73125023,781204494.8351002,3078026.994498348,2869384.3161012796,1.0118912151768612e+16,1.0101679152400292e+16,682987312.6351244,169970.1900790552
4.683811403899766e+16,4058405578114196.0,141992806.25149357,98900734.17091115,758868542.6671373,2878149.341878024,2672912.4228137895,9878630629168740.0,9902047009073678.0,661933253.347592,158099.14746692582
4.582910241702437e+16,3946314355192122.0,137021205.08969563,95245655.2965627,737157888.6621305,2690128.497861691,2488803.1964598643,9643322429256754.0,9705793401820888.0,641503257.4752948,146996.84482370035
4.483914670598298e+16,3836815746015889.5,132213354.24100026,91716825.05756085,716055300.0708412,2513332.148165424,2316351.5872547613,9412901998910480.0,9512869034192846.0,621679410.1901842,136617.58458635912
4.386791187433538e+16,3729861713207302.0,127564155.2982825,88310156.0565066,695544013.8383223,2347157.6190297916,2154888.306724727,9187284863801430.0,9323225266327106.0,602444298.6494945,126918.1315829975
4.291506950860196e+16,3625404900043225.5,123068661.16834432,85021685.79996201,675607723.8978515,2191030.696255839,2003778.2576456869,8966387624099017.0,9136814106089786.0,583780998.166105,117857.59466375082
4.198029765356345e+16,3523398622646425.5,118722071.74314758,81847573.05495913,656230568.8068658,2044404.482124811,1862419.0212387843,8750127949898487.0,8953588200340124.0,565673058.755635,109397.31330780574
4.106328065513363e+16,3423796862290080.5,114519729.69182007,78784094.30837679,637397119.715725,1906758.2893122768,1730239.3999996583,8538424576384912.0,8773500826316141.0,548104492.0500851,101500.74902763865
4.016370900601767e+16,3326554257813823.0,110457116.37011604,75827640.3263387,619092368.6603707,1777596.5709202671,1606698.0145706953,8331197298744752.0,8596505883139735.0,531059758.5681126,94133.38139703084
3.928127919425803e+16,3231626098149284.0,106529847.84410536,72974712.8108636,601301717.1701896,1656447.8857639425,1491281.9530973576,8128366966836645.0,8422557883439763.0,514523755.33229065,87262.60853469091
3.841569355475249e+16,3138968314953084.5,102733671.02495301,70221921.15107702,584010965.1826316,1542863.8980620792,1383505.4715411032,7929855479632486.0,8251611945091533.0,498481803.8239719,80857.65188045062
3.756666012381216e+16,3048537475345222.5,99064459.91173494,67565979.26636371,567206300.2563424,1436418.410693072,1282908.7434523162,7735585779439362.0,8083623783071274.0,482919638.26661885,74889.46510599453
3.673389249682318e+16,2960290774750833.5,95518211.93931946,65003702.53891401,550874287.0748062,1336706.431190612,1189056.6577371855,7545481845912911.0,7918549701424027.0,467823394.2287112,69330.64700695427
3.5917109689051584e+16,2874186029843304.0,92091044.42842506,62532004.833186366,535001857.23269594,1243343.269665434,1101537.6629825784,7359468689872167.0,7756346585343523.0,453179597.53758574,64155.35822793566
3.5116035999630404e+16,2790181671586766.5,88779191.13504405,60147895.59987652,519576299.2973543,1155963.6678516376,1019962.6569326567,7177472346925513.0,7596971893362670.0,438975153.4957925,59339.24167666024
3.433040087875009e+16,2708236738375942.5,85578998.89649616,57848477.06204816,504585249.1380051,1074220.9584880387,943963.9197402139,6999419870917436.0,7440383649653117.0,425197336.3917722,54859.34648789154
3.3559938798069492e+16,2628310869271412.0,82486924.37145376,55630941.48114628,490016680.5155259,997786.254257009,873194.0896447577,6825239327205027.0,7286540436432591.0,411833779.2968953,50694.055402192855
3.2804389124351656e+16,2550364297328322.0,79499530.87134987,53492568.50067554,475858895.9257742,926347.6655149318,807325.1797578076,6654859785773241.0,7135401386478570.0,398872464.14110214,46823.015428817904
3.2063495996323096e+16,2474357843016597.0,76613485.28065225,51430722.56538636,462100517.68966687,859609.546060182,746047.6346641628,6488211314197471.0,6986926175746944.0,386301712.0596004,43227.07166618024
3.1337008204747336e+16,2400252907730719.5,73825555.06355503,49442850.4138718,448730479.2833857,797291.7661961354,689069.4255757303,6325224970461729.0,6841075016094283.0,374110174.0032793,39888.20415738479
3.0624679075697204e+16,2328011467387180.0,71132605.35470589,47526478.64253458,435738016.9022645,739129.0123582914,636115.182802068,6165832795640570.0,6697808648102465.0,362286821.6056949,36789.46766223189
2.992626635700234e+16,2257596066107670.5,68531596.13165212,45679211.33894025,423112661.2520797,684870.1125860295,586925.3643289696,6009967806452476.0,6557088334004243.0,350820938.29967594,33914.93423092964
2.9241532107846324e+16,2188969809986160.2,66019579.46675096,43898727.78262638,410844229.56163985,634277.3871310026,541255.4593233451,5857563987692310.0,6418875850708516.0,339702110.676783,31249.638468473826
2.8570242591479588e+16,2122096360937977.5,63593696.85635348,42182780.2114914,398922817.810733,587126.0235055302,498875.22540923924,5708556284550153.0,6283133482924056.0,328920220.08304477,28779.525382280386
2.791216817101156e+16,2056939930629008.5,61251176.62512711,40529191.65193645,387338793.1676425,543203.4752856515,459567.9585860708,5562880594823521.0,6149824016380305.0,318465434.44455826,26491.400709182304
2.7267083208240772e+16,1993465274483243.0,58989331.40344462,38935853.8109864,376082786.6306087,502308.88399486797,423129.7946862196,5420473761029954.0,6018910731144162.0,308328200.3167279,24372.883621340494
2.663476596547876e+16,1931637685766762.2,56805555.67582073,37400725.02866226,365145685.8677555,464252.5234057844,389369.04129473935,5281273562426428.0,5890357395031378.0,298499235.15107757,22412.361713959224
2.6014998510318936e+16,1871422989746421.0,54697323.39843322,35921828.28892602,354518628.2501498,428855.265608121,358105.53907937737,5145218706942116.0,5764128257111425.0,288969519.77373165,20598.948180951684
2.540756662330127e+16,1812787537921405.5,52662185.68382042,34497249.287565164,344192994.07280785,395948.0682027719,329170.05150422896,5012248823030718.0,5640188041304644.0,279730291.069828,18922.441087868996
2.4812259708417276e+16,1755698202325881.2,50697768.55089684,33125134.555427745,334160399.9585948,365371.4819927299,302403.681925144,4882304451448168.0,5518501940070409.0,270773034.86827177,17373.28465448615
2.422887070640317e+16,1700122369901000.0,48801770.738481626,31803689.635464534,324412692.4401095,336975.17855288443,277657.31708960474,4755327036961770.0,5399035608185225.0,262089479.0213986,15942.532462439907
2.365719601076078e+16,1646027936934508.8,46971961.5805825,30531177.312075064,314941941.7147669,310617.4970718015,254791.09608801946,4631258919996179.0,5281755156609578.0,253671586.67425358,14621.812506228767
2.309703538644954e+16,1593383303566223.0,45206178.94172551,29305915.891297072,305740435.56842494,286165.009869714,233673.90382739776,4510043328221688.0,5166627146442330.0,245511549.71834108,13403.294008725554
2.254819189118905e+16,1542157368357692.8,43502327.21066935,28126277.530418817,296800673.46302783,263492.1060080674,214182.8881220838,4391624368090105.5,5053618582961636.0,237601782.42483672,12279.655925114183
2.201047179931076e+16,1492319522924337.5,41858375.35088692,26990686.615632426,288115360.7838571,242480.59241701232,196202.99951965513,4275947016323255.5,4942696909751196.0,229934915.25239024,11244.057061847236
2.148368452809719e+16,1443839646628407.0,40272355.00624082,25897618.1863845,279677403.2420973,223019.31197832173,179626.55300324614,4162957111358915.5,4833830002910737.0,222503788.82477412,10290.107739833173
2.0967642566546e+16,1396688101331109.5,38742358.66032461,24845596.405118007,271479901.4285476,205003.77801225465,164352.8107344521,4052601344759038.0,4726986165349718.0,215301448.07376963,9411.842933601962
2.046216140649615e+16,1350835726202271.0,37266537.847980335,23833193.071133975,263516145.51440805,188335.82462789802,150287.58502353192,3944827252584745.0,4622134121163064.0,208321136.54279584,8603.69682066561
1.9967059476052504e+16,1306253832585932.2,35843101.41754651,22859026.177338094,255779610.09519392,172923.27240755525,137342.86073596808,3839583206742481.5,4519243010087961.0,201556290.8469187,7860.478677691264
1.9482158075245548e+16,1262914198920273.8,34470313.84242834,21921758.50867015,248263949.1739241,158679.60890671605,125436.43636644488,3736818406305631.5,4418282382040630.0,195000535.28498608,7177.350062435909
1.9007281313864016e+16,1220789065710329.0,33146493.580621574,21020096.281048156,240962991.27984202,145523.68346212138,114491.58303304977,3636482868815653.5,4319222191732028.0,188647676.59975746,6549.803222658267
1.854225605139548e+16,1179851130551910.8,31870011.48085821,20152787.819690634,233870734.71902266,133379.415811373,104436.72066594244,3538527421566742.5,4222032793361485.0,182491698.88200122,5973.640675424737
1.8086911839013812e+16,1140073543205243.2,30639289.234079253,19318622.275712322,226981342.95331845,122175.51803845237,95205.11068588537,3442903692877799.0,4126684935387215.0,176526758.61464694,5444.955902364806
1.7641080863550366e+16,1101429900716798.5,29452797.868975,18516428.379918896,220289140.10419443,111845.22937039938,86734.56448887977,3349564103355404.0,4033149755372765.0,170747179.85318348,4960.115108507394
1.720459789338738e+16,1063894242587849.8,28309056.290367495,17745073.232755672,213788606.57808942,102326.06336124019,78967.16707369614,3258461857151358.5,3941398774908334.0,165147449.53859404,4515.7399943452565
1.6777300226212116e+16,1027441045988305.2,27206629.85924435,17003461.129394807,207474374.81003863,93559.56701007899,71849.01516933896,3169550933218214.5,3851403894606058.5,159722212.93922684,4108.691492731386
1.6359027638571988e+16,992045221014363.6,26144129.013284344,16290532.418972524,201341225.12237164,85491.09137101643,65329.96923940929,3082786076566131.0,3763137389168229.0,154466269.21808705,3736.0544241089947
1.59496223371704e+16,957682105988618.4,25120207.926748607,15605262.397016387,195384081.69539326,78069.57322329952,59363.41875996176,2998122789524148.0,3676571902527539.0,149374567.1221412,3395.1230254188376
1.5548928911844756e+16,924327462801206.1,24133563.208640747,14946660.230128149,189598008.64703125,71247.32738076008,53906.06018674974,2915517323009071.5,3591680443058372.5,144442200.79030868,3083.3873098129134
1.5156794290168978e+16,891957472290655.0,23182932.638070095,14313767.912014032,183978206.21851984,64979.84923022432,48917.687046740844,2834926667804810.5,3508436378858209.5,139664405.67691034,2798.5202160352046
1.4773067693623672e+16,860548729663109.5,22267093.935781565,13705659.249979613,178520007.06326568,59225.62709912717,44360.991607449134,2756308545855125.0,3426813433098239.0,135036554.5874297,2538.365508008144
1.4397600595277656e+16,830078239948612.9,21384863.570843402,13121438.881030172,173218872.63611743,53945.964063048006,40201.377595956925,2679621401572390.5,3346785679442238.0,130554153.82352613,2300.9263867891077
1.4030246678927166e+16,800523413493200.6,20535095.60151278,12560241.316742066,168070389.68033835,49104.80881430874,36406.78345750915,2604824393165144.5,3268327537532819.0,126212839.43432482,2084.3547786361873
1.3670861799637778e+16,771862061485533.4,19716680.549325127,12021230.016092952,163070266.80964974,44668.59522310862,32947.515661224716,2531877383986875.0,3191413768544145.5,122008373.57108568,1886.941264446957
1.3319303945637702e+16,744072391516868.6,18928544.30548013,11503596.485461786,158214331.18278712,40606.09023293299,29796.091577801344,2460740933908507.0,3116019470800237.0,117936640.94243445,1707.105617309828
1.2975433201510582e+16,717133003173176.9,18169647.068622254,11006559.405031005,153498525.2680771,36888.24974214102,26927.09147107708,2391376290716939.0,3042120075457965.5,113993645.36741383,1543.3879163353022
1.263911171263774e+16,691022883658246.2,17438982.313138675,10529363.780844748,148918903.6956116,33488.082133718926,24317.019161953885,2323745381541881.5,2969691342253880.5,110175506.4236867,1394.4402063153875
1.2310203650841042e+16,665721403446647.2,16735575.787121937,10071280.121797707,144471630.19466034,30380.51912516244,21944.170939486758,2257810804313169.5,2898709355314020.5,106478456.18829758,1259.0186740945608
1.1988575181178712e+16,641208311965456.9,16058484.53916722,9631603.640849017,140152974.61402464,27542.29362032743,19788.512309883314,2193535819250587.5,2829150519025810.5,102898836.0684647,1135.976313825689
1.1674094429847658e+16,617463733303685.2,15406795.973198194,9209653.479775628,135959310.02310094,24951.824254858555,17831.56218975756,2130884340388286.5,2760991553971252.5,99433093.71994893,1024.2560545308627
1.1366631453146642e+16,594468161948358.6,14779626.930536365,8804771.956798123,131887109.89147632,22589.106336450845,16056.284165214616,2069820927135606.2,2694209492920531.5,96077780.05060646,922.8843245902913
1.1066058207457012e+16,572202458546264.5,14176122.798451487,8416323.836430933,127932945.3449437,20435.608890736043,14446.984453232111,2010310775876217.8,2628781676885228.0,92829546.30680168,830.9650289440519
1.0772248520197934e+16,550647845690387.4,13595456.644450972,8043695.620926549,124093482.49587534,18474.177532987647,12989.216216324641,1952319711607310.8,2564685751230309.5,89685141.24041675,747.6739159118632
1.0485078061714246e+16,529785903730100.44,13036828.375586908,7686294.86270101,120365479.84595214,16688.94289511598,11669.689895647725,1895814179620519.0,2501899661844092.0,86641408.35425699,672.2533116165491
1.0204424318057294e+16,509598566604205.2,12499463.922079146,7343549.497144928,116745785.75929773,15065.234346561681,10476.189241503258,1840761237226192.5,2440401651365342.0,83695283.22370964,604.0072010381841
9930166564619254.0,490068117695959.6,11982614.444572393,7014907.195240951,113231336.0041213,13589.498756698003,9397.49273365742,1787128545522573.0,2380170255466767.5,80843790.89257365,542.2966357290572
9662185840583160.0,471177185709250.94,11485555.56436373,6699834.735424457,109819151.36102037,12249.224055202101,8423.30009696848,1734884361211351.0,2321184299194041.0,78084043.3410317,486.5354491854751
9400364924152248.0,452908740565121.8,11007586.615955748,6397817.394140268,106506335.29614888,11032.867355563845,7544.163630551075,1683997528460995.8,2263422893359633.5,75413237.02379371,436.18626180194497
9144588308522884.0,435246089317881.5,10548029.921307867,6108358.354563057,103290071.69749948,9929.787415446655,6751.424081071632,1634437470819234.0,2206865430990624.0,72828650.47649175,390.75675822729454
8894742178566854.0,418172872090076.0,10106230.08517599,5830978.13296422,100167622.6726001,8930.18121601003,6037.150802781299,1586174183175952.8,2151491583829763.8,70327641.98846047,349.7962208018164
8650714388190186.0,401673058025623.8,9681553.310947385,5565214.022222223,97136326.4059671,8025.02445053221,5394.085958546709,1539178223777744.2,2097281298888978.8,67907647.3400862,312.89230358024787
8412394438336162.0,385730941260461.3,9273386.736394169,5310619.551987498,94193595.07470477,7206.015720736373,4815.592527438823,1493420706295283.2,2044214795054599.2,65566177.60295835,279.6680322383846
8179673455601935.0,370331136910080.1,8881137.788784508,5066763.965026619,91336912.82068141,6465.5242471209485,4295.605895386686,1448873291944641.8,1992272559743521.2,63300817.00110335,249.77901592215014
7952444171438979.0,355458577073370.9,8504233.558806423,4833231.709283679,88563833.77775723,5796.54090731825,3828.5888159997457,1405508181663584.5,1941435345609590.5,61109220.8316297,222.91085782782912
7730600901908819.0,341098506852229.8,8142120.192773946,4609621.945209725,85871980.1525772,5192.6324240563745,3409.489538911622,1363298108343889.0,1891684167299429.5,58989113.44315609,198.77675200188636
7514039527966295.0,327236480386421.0,7794262.302600226,4395548.067923652,83259040.3574855,4647.898531672894,3033.7029129033967,1322216329120604.8,1843000298257009.0,56938286.27044066,177.1152545190614
7302657476244022.0,313858356903219.06,7460142.393036214,4190637.243780028,80722767.19415289,4156.931957322379,2697.0342806289723,1282236617719189.5,1795365267576204.5,54954595.923670515,157.68821783915524
7096353700312477.0,300950296781403.4,7139260.305687734,3994529.960931361,78260976.0865504,3714.7810600341436,2395.6659909932437,1243333256861348.8,1748760856900630.5,53035962.33091432,140.27887775693483
6895028662391440.0,288498757629205.44,6831132.679337003,3806879.593483673,75871543.36193584,3316.9149776070926,2126.1263641290234,1205481030730438.0,1703169097370032.8,51180366.932279915,124.69008294665207
6698584315488818.0,276490490375851.7,6535292.42610787,3627351.978855533,73552404.57855785,2959.191137975838,1885.2609524866207,1168655217497133.8,1658572266612513.8,49385850.92435909,110.74265766367155
6506924085945009.0,264912535376379.78,6251288.223026895,3455625.007961585,71301552.89881605,2637.8249981451886,1670.2059497943935,1132831581906134.8,1614952885781886.8,47650513.5535805,98.27388870138653
6319952856360539.0,253752218529452.47,5978684.018544725,3291388.2278522253,69117037.50665005,2349.3618800672793,1478.3636075756813,1097986367924580.2,1572293716639483.0,45972510.457128875,87.13612821279436
6137576948886815.0,242997147407909.6,5717058.553594199,3134342.4564512814,66996962.067962125,2090.6507789271523,1307.379526521601,1064096291452764.4,1530577758679653.0,44350052.05012404,77.19550449356086
5959704108859814.0,232635207401868.22,5466004.896773709,2984199.4090437545,64939483.232912935,1858.820025209149,1155.1216973273247,1031138533097836.4,1489788246298338.8,42781401.95779153,68.33073328794595
5786243488758191.0,222654557874184.66,5225129.993255322,2840681.336175192,62942809.178957336,1651.2546876364822,1019.6611726059884,999090731010946.5,1449908646003971.5,41264875.49138769,60.432022621286286
5617105632467305.0,213043628328156.44,4994054.227028669,2703520.672633953,61005198.19352115,1465.5756096125588,899.2542582070624,967930973788439.1,1410922653670048.2,39798838.166678384,53.40006458366543
5452202459832223.0,203791114587362.94,4772410.996102194,2572459.69719668,59124957.29524746,1299.6199771441143,792.3261186899481,937637793437534.1,1372814191828693.8,38381704.263801955,47.145107889631795
5291447251483111.0,194885974987583.6,4559846.300293886,2447250.2028262895,57300440.89276959,1151.4233213949192,697.4556978461378,908190158406950.0,1335567407004524.2,37011935.427378446,41.58610541910764
5134754633917440.0,186317426580776.38,4356018.341254002,2327653.1770205568,55530049.479997605,1019.2028640062807,613.3618610309384,879567466682892.2,1299166667088165.8,35688039.30575957,36.64993130569593
4982040564823914.0,178074941351124.0,4160597.1343719997,2213438.4920177413,53812228.36693076,901.3421181276327,538.8906716653332,851749538950797.2,1263596558748738.5,34408568.22834226,32.270662481119686
4833222318634100.0,170148242443201.0,3973264.1322297924,2104384.6045740186,52145466.44503591,796.3766627298972,473.0037196073207,824716611823143.6,1228841884884668.0,33172117.919899296,28.38891990924357
4688218472288128.0,162527300402340.1,3793711.859272639,2000278.2650353853,50528294.986256935,702.9810122277379,414.76742417699893,798449331133692.1,1194887662112142.8,31977326.250907853,24.951265050693287
4546948891201780.0,155202329427322.53,3621643.5573783284,1900914.2354346039,48959286.47474634,619.9565077167083,363.34323945816465,772928745298412.0,1161719118290588.5,30822872.022885744,21.909647390193225
4409334715422790.5,148163783635541.16,3456772.8420140357,1806095.016351209,47437053.47043384,546.2201602402686,317.9786940984311,748136298743357.8,1129321690084496.5,29707473.7877711,19.220899134026844
4275298345964747.0,141402353340822.22,3298823.3686789954,1715630.5822799983,45960247.5035706,480.7943804425145,277.9992021974933,724053825399724.9,1097681020560962.2,28629888.7004077,16.846273445148025
4144763431307885.0,134908961344129.6,3147528.5093395384,1629338.1252606206,44527557.99941199,422.797532738166,242.80058601639334,700663542266286.4,1066782956822311.5,27588911.40322453,14.751022829053687
4017654854056430.5,128674759237397.94,3002631.038571131,1547041.8065277226,43137711.23222268,371.43525574500785,211.84225516709296,677948043039384.2,1036613547673153.9,26583372.942221656,12.904014515189905
3893898717742695.0,122691123720779.08,2863882.8291301024,1468572.5159479503,41789469.30781073,325.99249417906555,184.640990658756,655890291810609.6,1007159041321245.0,25612139.71339946,11.277379897005924
3773422333768956.0,116949652933620.5,2731044.556685513,1393767.6390166886,40481629.173819646,285.82619071267186,160.76528569244033,634473616832310.8,978405883111544.1,24674112.438792307,9.846195299382044
3656154208478370.5,111442162799511.31,2603885.4134489726,1322470.8311936983,39213021.65702555,250.35858944379805,139.83019841666072,613681704351011.5,950340713292808.8,23768225.171289064,8.588191535602995
3542024030346875.5,106160683385776.2,2482182.8304477157,1254531.7993631472,37982510.52690958,219.07110562559987,121.49267499019423,593498592508819.1,922950364816143.4,22893444.32744673,7.483489897897224
3430962657288555.0,101097455277815.31,2365722.2081933003,1189806.0902094885,36788991.58479389,191.49871916159574,105.44730425263388,573908665312863.2,896221861164867.9,22048767.747524377,6.514362396344992
3322902104067222.0,96244925968718.5,2254296.6555051263,1128154.8853065227,35631391.777848735,167.22485208840243,91.42246808499912,554896646672802.56,870142414215098.5,21233223.781985484,5.665014221206111
3217775529807757.0,91595746264609.98,2147706.7362548397,1069444.8027226916,34508668.337297454,145.87669284850693,79.17685415933282,536447594506391.56,844699422126437.0,20445870.40373784,4.9213865539435995
3115517225600808.0,87142766706202.5,2045760.22380411,1013547.7049512006,33419807.940163776,127.12093260418894,68.49630023470448,518546894913096.7,819880467262163.9,19685794.345399648,4.270977992913515
3016062602195219.0,82879034007065.97,1948271.8629147199,960340.5129789303,32363825.89392371,110.6598811646428,59.1909414644263,501180256415722.5,795673314138341.6,18952110.260900237,3.7026829913373476
2919348177772753.5,78797787509137.03,1855063.1389159998,909705.0263133637,31339765.34344127,96.22793229574883,51.09263434240176,484333704269983.0,772065907401223.6,18243959.91074217,3.2066458282336967
2825311565800160.5,74892455656019.53,1765962.0539207568,861527.7487918446,30346696.49958459,83.58835026006628,44.05263294208884,467993574841951.94,749046369832393.8,17560511.370270766,2.7741287479098973
2733891462953965.0,71156652484645.86,1680802.9098866198,815699.7200024145,29383715.888934493,72.53035139765112,37.93949499614775,452146510053285.44,726603000381040.9,16900958.260314003,2.3973930108335137
2645027637113756.5,67584174135887.12,1599426.098325396,772116.3521502988,28449945.624013644,62.86645641055179,32.63719713488264,436779451894100.06,704724272222786.9,16264518.99957361,2.0695916986369567
2558660915420116.0,64168995384722.11,1521677.8964686831,730677.2722088103,27544532.69348059,54.43009075950753,28.043440253345594,421879637003383.0,683398830844503.5,15650436.078165408,1.7846732090570347
2474733172393542.5,60905266190587.18,1447410.2697031724,691286.1691979421,26666648.27174648,47.07341222466308,24.068127516520693,407434591316769.7,662615492154526.6,15057975.351722552,1.53729446316063
2393187318111193.5,57787308268549.086,1376480.680094472,653850.6464383787,25815487.047488324,40.665346227279166,20.631998945304744,393432124781530.25,642363240617720.9,14486425.355492255,1.3227429276314493
2313967286438495.5,54809611681954.05,1308751.9008232693,618282.0786329394,24990266.57054612,35.08981096052489,17.66540785875304,379860326138581.5,622631227414816.2,13935096.63787164,1.1368666295448553
2237018023312892.0,51966831457220.945,1244091.836362609,584495.4736316291,24190226.6167049,30.244115738650226,15.107225685846762,366707557771312.75,603408768625468.2,13403321.112843562,0.9760114102813431
2162285475077423.5,49253784221456.78,1182373.3482298767,552409.3387405548,23414628.5698766,26.037517249159386,12.903862808223339,353962450621023.0,584685343434479.6,12890451.430788243,0.8369647293502946
2089716576861985.0,46665444863583.81,1123474.0861517433,521945.5514388898,22662754.82120952,22.38991958603008,11.008394159073838,341613899168727.94,566450592360644.0,12395860.367160605,0.7169053882271131
2019259241010350.2,44196943219675.914,1067276.3244848764,493029.234371923,21933908.184665993,19.230705057441316,9.379779287744183,329651056483099.25,548694315507662.6,11918940.22853748,0.613358599146992
1950862345551361.2,41843560783207.56,1013666.8037396031,465588.6344919313,21227411.32862091,16.497683802705918,7.982167509270245,318063329334269.7,531406470836592.25,11459102.275552072,0.5241558744319348
1884475722712841.5,39600727440927.234,962536.5770580511,439555.0062222678,20542606.223046474,14.13615122389219,6.7842795977397,306840373373237.8,514577172459302.94,11015776.162246643,0.44739925862559066
1820050147477045.8,37464018235068.625,913780.8615024267,414862.49852355424,19878853.601859678,12.098043141586562,5.7588582564076765,295972088376575.56,498196688952400.5,10588409.391387029,0.38142946873039846
1757537326176588.8,35429150152616.79,867298.8940131573,391448.0457443007,19235532.44002063,10.341179424955106,4.882180310120172,285448613556152.2,482255441691106.5,10176466.785295045,0.3247975474288292
1696889885130107.5,33491978942348.35,822993.791900585,369251.26214160473,18612039.444981184,8.828587627131581,4.133624220843297,275260322933547.38,466744003202567.6,9779429.971767282,0.2762396705573588
1638061359316969.2,31648495960363.07,780772.4177377028,348214.3399608133,18007788.562093902,7.527898881334805,3.4952871287927296,265397820778845.4,451653095538092.06,9396796.884660443,0.23465478350852043
1581006181090558.8,29894825044822.438,740545.2485251597,328281.95096616144,17422210.493601672,6.410808984219867,2.9516461734602553,255851937113456.84,436973588663792.6,9028081.278734671,0.19908477187139853
1525679668929865.5,28227219420609.598,702226.2490034124,309401.15131748747,16854752.230839286,5.452598213911361,2.48925935420953,246613723276635.28,422696498869155.2,8672812.258358093,0.16869689968124674
1472038016229203.2,26642058634617.324,665732.7489903773,291521.28969106503,16304876.59928751,4.63170400394824,2.09650165234832,237674447555323.47,408812987193022.56,8330533.819686187,0.14276827432032502
1420038280126020.2,25135845522366.258,630985.3246263929,274593.91854549275,15772061.81613023,3.9293411238775224,1.7633325587964732,229025590876959.6,395314357866515.25,8000804.405940408,0.12067212056993921
1369638370366952.8,23705203206647.004,597907.6834116123,258572.70843638442,15255801.05997458,3.3291645052350023,1.481091536596353,220658842564863.4,382192056772400.6,7683196.475420689,0.10186566772286913
1320797038212350.8,22346872128871.363,566426.5529241988,243413.3652863395,14755602.052403353,2.8169703007988143,1.2423182983346932,212566096155818.38,369437669920442.56,7377296.081896816,0.08587947318094767
1273473865379610.2,21057707113805.527,536471.5731108162,229073.55051930642,14270986.6510375,2.380431177832099,1.040595097674095,204739445279443.47,357042921938255.75,7082702.467032835,0.0723080237300372
1227629253025830.0,19834674468348.38,507975.192043993,215512.80397105057,13801490.453795824,2.008862224968052,0.8704085240899102,197171179598949.84,344999674577207.3,6799027.664508822,0.06080147184049408
1183224410770300.8,18674849115001.914,480872.56504388404,202692.4694899272,13346662.41404685,1.693014199738811,0.7270285528798486,189853780812864.47,333299925232910.0,6525896.115513078,0.05105837901304373
1140221345757513.5,17575411760667.896,455101.4570648523,190575.62314460098,12906064.46635638,1.4248911617057465,0.6064028407240825,182779918717293.2,321935805479856.8,6262944.295286955,0.04281935149727477
1098582851761455.6,16533646101387.582,430602.14825011155,179127.0039577267,12479271.162542397,1.1975898267938516,0.5050644725454546,175942447328289.9,310899579619757.56,6009820.35041345,0.03586146576405136
1058272498331979.9,15546936063624.297,407317.34256037965,168312.9470868971,12065869.317756422,1.0051582437420674,0.4200515600424864,169334401063888.53,300183643243146.2,5766183.746548908,0.02999339201794065
1019254619984166.6,14612763082669.04,385192.0793851552,158101.31937640763,11665457.666318243,0.8424716354205719,0.3488372678046269,162948990985345.94,289780521803827.3,5531704.926305601,0.025051133887915213
981494305431649.9,13728703418730.361,364173.64804781554,148461.4572055628,11277646.52703833,0.705123467898675,0.28926900100914693,156779601097141.03,279682869205750.47,5306064.9770010505,0.02089431132398614
944957386864925.4,12892425511247.445,344211.50511822297,139364.10656135983,10902057.477769338,0.589330010232955,0.23951563086598035,150819784705260.38,269883466401894.97,5088955.3079976505,0.017402921737408747
909610429275723.4,12101687371943.584,325257.1944489826,130781.36526544583,10538323.038935157,0.4918468295482378,0.19802176163421842,145063260833302.0,260375220004769.03,4880077.337363878,0.014474521629985372
875420719828608.6,11354334017113.318,307264.26985384565,122686.62728723974,10186086.365792766,0.4098958305706266,0.1634681574901786,139503910695917.55,251151160908125.38,4679142.187595755,0.01202177743525681
842356257280927.6,10648294939612.15,290188.2203490605,115054.52907705319,9845000.949188692,0.3411015977173378,0.1347375499918575,134135774229105.56,242204442919507.53,4485870.390144345,0.009970340107096966
810385741452388.1,9981581620992.057,273986.39788072,107860.89785493966,9514730.324578514,0.283435932439746,0.11088513847416298,128953046676868.84,233528341403252.2,4299991.5985022755,0.00825700320036235
779478562745475.8,9352285084199.578,258617.94746330733,101082.70179282955,9194947.789083797,0.2351695999550619,0.09111317745167691,123950075233734.25,225116251933574.28,4121244.309608841,0.006828108849935222
749604791718020.5,8758573487225.798,244043.73965678114,94698.0020293039,8885336.12636739,0.19483040890916298,0.07474911794615959,119121355742638.02,216961688957382.34,3949375.5933401454,0.005638170220391835
720735168709207.1,8198689758069.262,230226.30531157157,88685.90645808872,8585587.33911345,0.1611668459306591,0.06122683446224823,114461529447663.08,209058284466464.22,3784140.829856923,0.004648682716038208
692841093520369.8,7670949271343.864,217129.77251287465,83026.52523304716,8295402.388904755,0.13311657543276867,0.05007052690177798,109965379801120.92,201399786678709.44,3625303.4545891867,0.003827099553682624
665894615151921.5,7173737566834.196,204719.8056575633,77700.92793408643,8014490.943295285,0.10977919429294568,0.04088093776201615,105627829324458.06,193980058728032.34,3472634.7106428356,0.0031459502480581892
639868421597777.5,6705508110270.043,192963.54659891975,72691.10233999213,7742571.12988148,0.09039270202137302,0.03332357016965944,101443936522464.5,186793077362672.5,3325913.408419242,0.0025820831786676915
614735829698655.2,6264780096561.317,181829.5577962367,67979.9147557606,7479369.297181118,0.07431321048632732,0.027118632265697343,97408892850262.62,179832931651562.2,3184925.6922448184,0.002116015730202791
590470775055626.9,5850136295702.834,171287.76740810662,63551.07184350659,7224619.782133706,0.06099747390477503,0.022032468726511368,93518019732541.66,173093821698455.44,3049464.81381293,0.0017313775568502986
567047802005309.5,5460220941526.604,161309.41626995645,59389.083907494576,6978064.684041386,0.04998787028220851,0.017870271283626924,89766765634507.44,166570057363525.62,2919330.912246162,0.0014144343412685555
544442053658090.9,5093737663447.031,151867.0066980706,55479.22958527196,6739453.644774391,0.040899510395255495,0.014469887441279815,86150703184009.72,160256056992148.44,2794330.800592192,0.0011536810267955158
522629262000755.4,4749447461311.892,142934.25306398064,51807.5218982721,6508543.635069692,0.033409190303109675,0.011696570597222075,82665526344307.05,154146346150598.53,2674277.758571724,0.0009394949192064403
501585738064913.8,4426166723438.965,134486.03408468954,48360.675616606306,6285098.746756174,0.02724593875189947,0.009438535818014446,79307047636926.5,148235556368394.94,2558991.3314019153,0.0007638403025947639
481288362162580.06,4095188266955.2095,126259.48005250462,45020.10895733422,6060498.165622986,0.022182942158945045,0.007603203939021766,76071195414072.9,139779766502499.2,2458866.4178183256,0.0006153943386607039
461714574190280.2,3778184486687.0913,118416.50850673408,41858.55754273351,5840781.170791989,0.01803065755022563,0.006114032751536211,72954011180038.0,130935008783242.5,2365610.2751010517,0.0004936574301526751
442842364003029.0,3483860630884.076,111020.1234264651,38902.23591859086,5628695.034235048,0.01463094825549402,0.004907848074403431,69951646961062.4,122663785476088.05,2275315.5001445343,0.00039530280356118384
424650261859510.9,3210736253556.0312,104047.4238736008,36138.99947670211,5423977.123200438,0.011852098687658063,0.003932599726773182,67060362723095.34,114927074497727.03,2187915.446768612,0.0003159797895298971
407117328939775.3,2957417510242.0425,97476.5366092423,33557.34518802458,5226374.405303925,0.009584583460388381,0.003145478038230179,64276523836899.93,107688686199845.22,2103343.573194357,0.00025211983819142125
390223147936751.25,2722592736961.8296,91286.57790223154,31146.382398430564,5035643.038389475,0.0077374827146735065,0.0025113357455329864,61596598589947.62,100915042735394.39,2021533.534080236,0.00020080110322896354
373947813722853.4,2505028217858.8174,85457.616352436,28895.80468835829,4851547.982163702,0.006235450088030955,0.0020013681034503563,59017155744547.36,94574975828080.94,1942419.2666701772,0.00015963552173219102
358271924092924.8,2303564135321.279,79970.63672239873,26795.862771860953,4673862.630184693,0.005016152500862824,0.001592010933677426,56534862141648.53,88639541309709.39,1865935.0712498662,0.00012667482080934775
343176570584759.2,2117110696497.7761,74807.50476972267,24837.338410334647,4502368.460894962,0.00402811206139341,0.0012640222863102041,54146480349763.266,83081848944077.88,1792015.6861089608,0.0001003324195504839
328643329378384.06,1944644430251.8162,69950.93307144058,23011.519316040027,4336854.706487709,0.0032288900909072937,0.0010017185131418113,51848866358445.37,77876906194853.77,1720596.3572063753,7.931865625233969e-05
314654252275296.7,1785204648729.665,65384.44783056358,21310.175020423998,4177118.038486942,0.0025835617124105293,0.0007923399574833199,49638967315769.555,73001474719878.11,1651612.9027359323,6.25871659188801e-05
301191857758787.1,1637890067842.796,61092.3566540195,19725.533682186484,4022962.269005158,0.0020634367784681602,0.0006255252451654489,47513819309249.6,68433938487074.21,1585001.772788196,4.9290570817447926e-05
288239122136465.0,1501855581094.2244,57059.71729031418,18250.259810038267,3874198.0667176656,0.0016449892718732202,0.0004928763985105018,45470545189637.4,64154182508848.18,1520700.1043031346,3.8743935078593574e-05
275779470766073.44,1376309181304.4875,53272.30731438787,16877.432875123908,3730642.686663156,0.0013089628154209969,0.0003875997620318776,43506352437042.58,60143481283693.586,1458645.7715059677,3.0394679783743338e-05
263796769365636.9,1260509024919.45,49716.594746419934,15600.526788174602,3592119.7130432785,0.0010396246806367102,0.0003042100891522241,41618531068815.26,56384396116653.0,1398777.4320164656,2.379786363151696e-05
252275315408963.53,1153760633707.4048,46379.70959062299,14413.390216571712,3458458.81425282,0.0008241447841279751,0.00023828714911632427,39804451588633.02,52860680565277.57,1341034.56881875,1.8595911288914135e-05
241199829607478.9,1055414228777.9419,43249.41627945055,13310.227716664549,3329495.5094255228,0.0006520796878349091,0.00018627592124413543,38061562976235.64,49557193325516.45,1285357.5282761422,1.4502021421004892e-05
230555447479342.06,964862191978.9806,40314.08700808617,12285.581656880186,3205070.9458307954,0.0005149446496710116,0.00014532289220487,36387390717251.945,46459817933344.57,1231687.5543715316,1.1286613060429008e-05
220327711006743.75,881536649851.6436,37562.675943564514,11334.31490738915,3085031.6865008716,0.00040585936902934745,0.000113142198050971,34779534872562.543,43555388713483.55,1179966.8193506673,8.766275810926887e-06
210502560382273.38,804907175445.2748,34984.694292450265,10451.594272350885,2969229.507511119,0.00031925529472513796,8.790638841321439e-05,33235668186647.62,40831622456918.53,1130138.4509414476,6.794779303047486e-06
201066325845174.1,734478603416.2426,32570.18621058534,9632.8746410439,2857521.2043740153,0.0002506342615448408,6.815746331554602e-05,31753534234365.992,38277055354529.82,1082146.556318561,5.2557728586103425e-06
192005719608296.44,669788953955.0648,30309.705538094422,8873.883834500144,2749768.4070433746,0.0001963698398544143,5.273456754413832e-05,30330945605617.21,35880984755553.27,1035936.2429783395,4.056869645574079e-06
183307827876492.7,610407461205.9003,28194.293342531684,8170.608124592192,2645837.40305819,0.00015354415933772163,4.0715344120230215e-05,28965782127338.01,33633415357129.59,991453.6366843205,3.124862582262619e-06
174960102957188.16,555932701961.2972,26215.45625281724,7519.278402881534,2545598.968386328,0.00011981413663873393,3.1368465015389315e-05,27655989122288.492,31525009465311.0,948645.8966398748,2.4018634784475863e-06
166950355463789.16,505990820532.538,24365.145566405838,6916.3569769045835,2448928.205555726,9.330202686976375e-05,2.4115289127204897e-05,26399575704083.363,29547040998864.52,907461.2280391651,1.8421937480781014e-06
159266746612578.9,460233845812.53644,22635.737111971725,6358.5249719682715,2355704.3886879478,7.250605618433224e-05,1.8498957828401966e-05,25194613107929.797,27691352935378.957,867848.8921434538,1.4098856615379587e-06
151897780613696.16,418338096663.4509,21020.011849776078,5842.6703169308785,2265810.8150721886,5.622759907143669e-05,1.4159538335257454e-05,24039233056531.387,25950317924783.098,829759.2140249514,1.0766785179344466e-06
144832297156749.1,380002671875.2894,19511.137191800663,5365.876292864764,2179134.662941019,4.351195890316079e-05,1.0814074286222405e-05,22931626160625.07,24316801818692.043,793143.5881158111,8.204151544377936e-07
138059463991588.7,344948021054.5724,18102.64902368546,4925.410623928436,2095566.855129685,3.360031013870207e-05,8.240609428370653e-06,21870040353617.46,22784129885206.87,757954.4816948961,6.237615858958245e-07
131568769604711.84,312914592913.53455,16788.434410495163,4518.715090218525,2015001.92832012,2.589077974383558e-05,6.265421099042261e-06,20852779359792.35,21346055498122.64,724145.4364405937,4.731868893214358e-07
125350015991729.86,283661557540.4371,15562.714968359693,4143.3956428229,1937337.9075893005,1.9906996112796396e-05,4.752841127571937e-06,19878201195563.07,19996731107103.285,691671.0681729508,3.5815222538436035e-07
119393311526298.88,256965599340.13867,14420.030884077274,3797.2130017534078,1862476.1859979213,1.5272726622372716e-05,3.597157825349039e-06,18944716703247.56,18730681311444.637,660487.0649040119,2.704675530072485e-07
113689063925860.9,232619777441.2056,13355.22556485021,3478.073717902955,1790321.4089711397,1.1691468931216327e-05,2.7161880634584824e-06,18050788116847.28,17542777874690.88,630550.1833104079,2.0378250504227377e-07
108227973314510.69,210432450471.3907,12363.43090042219,3184.0216806391886,1720781.36323798,8.930063970341544e-06,2.0461865746915624e-06,17194927659314.68,16428216530739.764,601818.2437378408,1.5318435575827368e-07
103001025383255.89,190226262707.2894,11440.053120009965,2913.230053120176,1653766.8701091488,6.805566823476673e-06,1.5378235148589942e-06,16375696170797.826,15382495444280.629,574250.1238425898,1.14881277842714e-07
97999484647904.6,171837188706.29474,10580.75922657423,2663.993617892823,1589191.6828862275,5.1747509545935225e-06,1.1530134511290872e-06,15591701767354.824,14401395199561.086,547805.7509706734,8.595336916304445e-08
93214887804764.69,155113633629.6061,9781.463991139795,2434.7215158104395,1526972.3882064475,3.925736243334498e-06,8.624213796088258e-07,14841598529634.342,13480960201673.1,522446.0933710689,6.415740353007019e-08
88639037184309.4,139915586563.94464,9038.317490064957,2223.9303617830074,1467028.3111390872,2.971326047741348e-06,6.435058334552244e-07,14124085221023.174,12617481383871.666,498133.15033507766,4.7774071197048485e-08
84263994302912.73,126113824246.74504,8347.693168365982,2030.2377213491177,1409281.423859148,2.24371641390635e-06,4.78987058949259e-07,13437904034765.46,11807480122966.38,474829.94134975004,3.548874476567503e-08
80082073512728.55,113589162694.90045,7706.176412423587,1852.355932533113,1353656.257734241,1.6903044463166366e-06,3.5565079834592505e-07,12781839369562.926,11047693272635.87,452500.49434927216,2.6298634490204978e-08
76085835749738.06,102231754330.57196,7110.553615635677,1689.0862579231257,1300079.81866934,1.2703751377165414e-06,2.6341640799296127e-07,12154716633169.672,10335059231660.135,431109.83314422483,1.94406660414263e-08
72268082379959.58,91940428289.14905,6557.801720831943,1539.3133523737852,1248481.5055627718,9.524886427101944e-07,1.9461266953567477e-07,11555401073499.883,9666704970618.316,410623.96410473046,1.4335591333358375e-08
68621849143768.81,82622071684.06628,6045.078223527711,1402.0000322028825,1198793.03173471,7.124247455527231e-07,1.434163889425013e-07,10982796636770.814,9039933946601.021,391009.86216980446,1.0544784565696446e-08
65140400198244.64,74191049690.87988,5569.711620368525,1276.182332211182,1150948.3491968396,5.315695215918772e-07,1.0541827109842012e-07,10435844852208.775,8452214840991.117,372235.4562515132,7.736926627507362e-09
61817222257412.56,66568662398.69566,5129.192287401575,1160.9648373097173,1104883.5756390824,3.9565209034822073e-07,7.728805609122775e-08,9913523742850.152,7901171060416.743,354269.61409910145,5.662378515036911e-09
58646018830224.7,59682636460.7625,4721.163773102005,1055.5162759882396,1060536.924015655,2.937578748199756e-07,5.65168741044804e-08,9414846761974.285,7384570945615.541,337082.1266846745,4.133518611751509e-09
55620704556074.0,53466649657.704056,4343.414491381939,959.0653633015155,1017848.6346190035,2.175597183129121e-07,4.121951812361525e-08,8938861754710.17,6900318637204.336,320643.69216884713,3.0096940561439496e-09
52735399637607.65,47859886566.51543,3993.8698001190055,870.8968814864669,976760.9095360418,1.6072022941669676e-07,2.9983090543180345e-08,8484649944363.733,6446445551257.175,304925.8995014542,2.185732814958098e-09
49984424370564.57,42806623606.020584,3670.5844510517354,790.3479867522408,937217.8493864049,1.1842837350649055e-07,2.175144827782966e-08,8051324943017.14,6021102421187.738,289901.2117094157,1.5831965023529578e-09
47362293770328.83,38255841805.00744,3371.7353972085984,716.8047312066909,899165.3922477901,8.704105390869413e-08,1.5737210428705842e-08,7638031785957.165,5622551865734.013,275542.9489207391,1.1437373388863431e-09
44863712294854.99,34160865712.690186,3095.614944358067,649.6987892966333,862551.254678131,6.380659531676094e-08,1.135493138230592e-08,7243945989494.246,5249161445880.903,261825.27117090535,8.240662902159101e-10
42483568663587.37,30479026942.50574,2840.6242332924103,588.5043785442433,827324.8747490036,4.665195678248157e-08,8.170483703079584e-09,6868272631739.258,4899397176351.564,248723.1610350011,5.921516655025966e-10
40216930771958.875,27171350909.520317,2605.267040084595,532.7353647590392,793437.35700881,3.4019406761218086e-08,5.862822148588805e-09,6510245455909.761,4571817459870.075,236212.40612635558,4.24354922148524e-10
38059040701026.38,24202265388.91192,2388.143881786801,481.9425422929609,760841.4192985712,2.4741487607455094e-08,4.195178824292479e-09,6169125995743.2,4265067414767.9497,224269.58149987014,3.0327840134851375e-10
36005309821761.99,21539329588.102108,2187.9464153684357,435.7110802850741,729491.3413467341,1.79455432963832e-08,2.9934227292459216e-09,5844202722599.377,3977873568688.7544,212872.03199577244,2.1615240709715063e-10
34051313993491.156,19152982488.146458,2003.4521180217882,393.6581262126059,699342.9150730888,1.2981012791422357e-08,2.1298467358950273e-09,5534790213839.572,3709038893156.3228,201997.85455716358,1.5362976710095883e-10
32192788855935.82,17016309270.968271,1833.5192372922897,355.4305584256027,670353.3965352961,9.36420791320672e-09,1.5110547144024872e-09,5240228342075.425,3457438155626.675,191625.88055253457,1.088874066639312e-10
30425625214289.668,15104824707.941734,1677.0819998200423,320.70287969396725,642481.4594546712,6.736483695220713e-09,1.0689374025753849e-09,4959881484885.252,3222013567353.165,181735.6581321549,7.695859769348969e-11
28745864516724.035,13396272442.226011,1533.1460678054134,289.17524413745065,615687.1502609331,4.832639156983012e-09,7.539685132049526e-10,4693137754601.377,3001770706972.9375,172307.43464533475,5.423804223376723e-11
27149694423692.848,11870439152.121347,1400.7842326371156,260.5716102415344,589931.844598466,3.457111694003453e-09,5.302387977699006e-10,4439408247776.733,2795774701178.2256,163322.13914344925,3.811608863631987e-11
25633444468376.54,10508982635.603373,1279.1323354439683,234.6380129849005,565178.2052392546,2.46609236563514e-09,3.717881565349961e-10,4198126313944.516,2603146645181.5044,154761.36499183907,2.6709154868477802e-11
24193581807577.54,9295272907.099886,1167.3854046509532,211.14094841737514,541390.1413503528,1.7541268612386871e-09,2.5990441168921515e-10,3968746843289.9507,2423060246924.559,146607.3526118729,1.8661623546903732e-11
22826707062353.004,8214245446.539898,1064.7940009368924,189.8658643308225,518532.76906603033,1.2441052964880561e-09,1.8113984520365762e-10,3750745572858.1196,2254738680129.7007,138842.97237275494,1.3000679761527361e-11
21529550247643.46,7252265787.754233,970.6607603038784,170.61575095951676,496572.373317004,8.798049554892404e-10,1.258591098814374e-10,3543618410927.4365,2097451632351.929,131451.70765106904,9.030252326383545e-12
20298966790131.76,6397004678.470101,884.3371262770621,153.20982593105387,475476.37087140477,6.203507847482104e-10,8.717934804902261e-11,3346880779183.144,1950512535171.2234,124417.63807447164,6.253752082385789e-12
19131933633541.215,5637323087.451848,805.2202625581186,137.4823079639506,455213.27454409096,4.361123388798116e-10,6.019892569692416e-11,3160066972330.633,1813275964571.8308,117725.42296454517,4.317954640460225e-12
18025545430558.395,4963166375.832496,732.7501377551724,123.28127407380961,435752.6585328751,3.056735446462384e-10,4.1437904394052016e-11,2982729534793.4985,1685135200394.3337,111360.28499237157,2.9723623420629066e-12
16977010820542.748,4365466989.388557,666.406774106945,110.46759530639561,417065.1248420213,2.1360135399710216e-10,2.8433373602389988e-11,2814438654146.1304,1565519934523.517,105307.99405913036,2.039864076717871e-12
15983648792163.35,3836055066.4768724,605.7076524084914,98.91394626323155,399122.2707551566,1.4880754133561956e-10,1.9447693301178388e-11,2654781570936.147,1453894118194.134,99554.851412758,1.3956161440362124e-12
15042885130081.207,3367576392.6114087,550.2052656302027,88.50388392360236,381896.65732132277,1.0334957321854518e-10,1.3258803092242967e-11,2503362004556.579,1349753939463.0789,94087.67401053567,9.51887028669266e-13
14152248944775.375,2953417167.2543087,499.48481400050304,79.13099149620778,365361.7788194387,7.155552081729029e-11,9.009991280125016e-12,2359799594833.0737,1252625922513.6382,88893.77913635943,6.472153637183046e-13
13309369284591.248,2587635081.3696065,453.1620345957258,70.69808325426204,349492.03316798754,4.938739471993575e-11,6.10260749931393e-12,2223729358996.255,1162065141029.7124,83960.96928042304,4.3867758939768337e-13
12511971829070.084,2264896235.6830993,410.8811587476848,63.11646651984486,334262.6932480503,3.397936697155213e-11,4.11969059918706e-12,2094801163714.2385,1077653538408.1437,79277.51728802227,2.9639061846674054e-13
11757875662601.746,1980417459.4525363,372.31299084074436,56.30525716684049,319649.87910915766,2.330387935216296e-11,2.771780380965073e-12,1972679211865.4146,998998348069.2452,74832.15178329844,1.9961579453652308e-13
11044990127424.104,1729913617.9224617,337.1531023251195,50.190745207047996,305630.53102874843,1.59309765455847e-11,1.8585956993985182e-12,1857041543736.2493,925730607581.8744,70614.04287283658,1.3400647331879098e-13
10371311754976.957,1509549523.563972,305.12013502197533,44.70580721123432,292182.3833970817,1.0855383192209052e-11,1.24202305480884e-12,1747579552333.842,857503760742.8445,66612.78813323866,8.96697536188009e-14
9734921274603.205,1315896091.7270453,275.95420803854023,39.78936249614591,279283.9394007359,7.372652074287943e-12,8.271411121765288e-13,1643997512507.7537,793992342143.4979,62818.39888600335,5.980593735547375e-14
9133980698573.604,1145890405.5076373,249.4154228475418,35.385870180033635,266914.446478776,4.990743625375768e-12,5.489354263440992e-13,1546012123580.1494,734890739121.1315,59221.28676233755,3.975662086839152e-14
8566730482399.74,996799377.501093,225.28246131526922,31.444864373259456,255053.87252676,3.3671055126159935e-12,3.6302871006216513e-13,1453352065188.3044,679912026332.0886,55812.25055985067,2.634086785699239e-14
8031486759385.051,866186717.7230356,203.35127168593934,27.920524927227298,243682.8828247051,2.264044821775706e-12,2.392351460227063e-13,1365757566047.8516,628786868498.0396,52582.463392442885,1.7393807709063953e-14
7526638648353.019,751882937.3762652,183.43383774719388,24.771281314440653,232782.81766607097,1.5171793111014686e-12,1.5709392828756327e-13,1282979985349.9822,581262487169.8324,49523.460134127105,1.1446998732397257e-14
7050645633478.651,651958137.372849,165.35702661215362,21.959447355104775,222335.67066564743,1.0132090204476896e-12,1.027851114085167e-13,1204781406510.0725,537101687625.1725,46627.125156965485,7.507741340046237e-15
6602035015140.922,564697348.6318923,148.96151075780972,19.450884641622682,212324.06772515734,6.743074445403892e-13,6.700747832036257e-14,1130934242990.0374,496081942269.6017,43885.680362805484,4.907223858744331e-15
6179399430702.441,488578208.2096397,134.10076015742663,17.214692641706094,202731.2466360869,4.471981901874744e-13,4.3523551013682885e-14,1061220855920.8071,457994527145.3708,41291.67350801715,3.1963875817551527e-15
5781394444114.81,422250771.32647854,120.640100536246,15.22292358393281,193541.03730006868,2.9553680786479165e-13,2.8165596532951994e-14,995433183255.9324,422643708371.85706,38837.96682000893,2.0747605269660454e-15
5406736203239.838,364519274.37860477,108.4558339651576,13.450320346569583,184737.84254785636,1.9461608637127078e-13,1.8159029876635647e-14,933372380191.5212,389845975544.9732,36517.725903887345,1.3419902524806878e-15
5054199163769.749,314325678.105324,97.43441818608915,11.87407568157925,176306.61953860114,1.2769901289840822e-13,1.1663549313841752e-14,874848470592.0743,359429319312.676,34324.40893726284,8.649506583662173e-16
4722613878623.078,270734833.26921463,87.47170123590463,10.473611211154042,168232.86172181126,8.348796984949272e-14,7.463085580635096e-15,819680009165.9336,331232550520.3869,32251.756150854064,5.554967411041576e-16
4410864851687.566,232921123.53821412,78.47220810248965,9.230374734050663,160502.58134498555,5.4384306505271025e-14,4.757083699328153e-15,767693754138.2806,305104658484.70013,30293.779592237086,3.554736406830769e-16
4117888454776.7373,200156451.7777619,70.34847630764557,8.127654473661805,153102.29249053771,3.5295738525954343e-14,3.0205274147013517e-15,718724350173.7332,280904206107.1502,28444.753169793905,2.2665033155117815e-16
3842670906662.6245,171799446.7078998,63.0204374664575,7.150408989340117,146018.9946261486,2.2822092269663887e-14,1.9104214763418198e-15,672614021304.6166,258498759682.64557,26699.202973659176,1.4398445801774946e-16
3584246313044.489,147285776.8945276,56.41484202202627,6.285111557194156,139240.15665328407,1.470139460272513e-14,1.2035515255895991e-15,629212273625.056,237764351390.56976,25051.897870222216,9.113228659555384e-17
3341694766310.7456,126119468.36410502,50.464724498008614,5.51960790659298,132753.70143908533,9.434453850426618e-15,7.552205459858825e-16,588375607514.9786,218584972580.73126,23497.840366530058,5.746630378975647e-17
3114140503949.8413,107865130.79461728,45.108906749343085,4.842986274142923,126547.99081737404,6.0313602599560835e-15,4.719988112978188e-16,549967239162.0145,200852096082.37073,22032.257740743735,3.610151386520244e-17
2900750124465.152,92141005.27872586,40.29153682401554,4.245458808123786,120611.8110449603,3.840953429273994e-15,2.9379896276675144e-16,513856831153.1944,184464225872.6174,20650.593434626106,2.259411697554954e-17
2700730859648.9155,78612754.11279622,35.96166117582542,3.7182534234764906,114934.35869991346,2.436536559608723e-15,1.821318754104801e-16,479920231912.109,169326472541.80338,19348.49870389055,1.4086712332613612e-17
2513328902070.9224,66987919.97186147,32.07282808996844,3.2535152706042507,109505.2270088838,1.5395778680071485e-15,1.1244288192747644e-16,448039223761.02325,155350153087.39935,18121.824522096562,8.7489227143798e-18
2337827786639.2227,57010988.218112774,28.582720299997657,2.8442170406563045,104314.39259097882,9.689688178684626e-16,6.913088204128229e-17,418101279391.11475,142452413656.43646,16966.613733666334,5.4127299743638884e-18
2173546825092.282,48458991.99066044,25.452814886472503,2.484077385786938,99352.20260609867,6.07409804101719e-16,4.2324322725585994e-17,389999326527.7149,130555873938.65286,15879.09345149142,3.335654130053846e-18
2019839592284.9668,41137605.16720948,22.64806865448359,2.167486785285449,94609.36229601665,3.792293539893187e-16,2.5802943159128247e-17,363631520581.06824,119588291989.55148,14855.667694507785,2.047549385989236e-18
1876092463134.2395,34877673.30284343,20.136627289383576,1.8894402376214052,90076.92290685783,2.358057570725968e-16,1.5663656638203332e-17,338901025076.69434,109482248334.57367,13892.910260548686,1.2518784401743221e-18
1741723199094.9148,29532137.264962584,17.88955668759548,1.6454762045041729,85746.26998197667,1.460236446168712e-16,9.467710376740129e-18,315715799663.0137,100174848272.90227,12987.557829717583,7.62341987112607e-19
1616179583040.6074,24973308.522984505,15.880594952432098,1.4316212761680498,81609.11201457812,9.005174946690194e-17,5.697807120857428e-18,293988395497.3878,91607441362.45255,12136.503293480442,4.623626538104738e-19
1498938101430.7495,21090458.94184048,14.085923633589339,1.24434006741649,77657.469449748,5.5302534889604074e-17,3.414007012084808e-18,273635757815.20905,83725357126.58183,11336.7893046351,2.7928397855234637e-19
1389502672650.7805,17787691.493573654,12.483956873491,1.0804898916351733,73883.66402586593,3.381936206712033e-17,2.0365623973788558e-18,254579035490.09097,76477656078.32405,10585.602043290331,1.6800593157347465e-19
1287403420419.4495,14982061.564182276,11.055147204115615,0.9372797951525345,70280.30844567947,2.0593809919418075e-17,1.209456589470405e-18,236743397396.6121,69816895209.70668,9880.265193969866,1.0064756777311077e-19
1192195491164.7415,12601921.514858639,9.78180681444159,0.812233567125682,66840.29636760528,1.248654197204072e-17,7.150304708001023e-19,220057855390.41525,63698907142.24473,9218.234128950036,6.004358216365148e-20
1103457914277.981,10585463.878359342,8.647943181351515,0.7031563706865644,63556.7927080969,7.538153580160718e-18,4.208068527323432e-19,204455093723.79172,58082592180.19803,8597.090292939401,3.5669655067483385e-20
1020792504164.3136,8879441.05169994,7.639108025866422,0.6081046695254156,60423.224246184625,4.530937517855619e-18,2.4651717165232135e-19,189871304718.15323,52929722550.87819,8014.535784217797,2.1100094192044868e-20
943822803017.0773,7438041.603908963,6.742258622069382,0.5253591505347588,57433.27052155988,2.71140427279548e-18,1.4374727986569602e-19,176246030518.05933,48204758156.345,7468.388127369656,1.2428164841268443e-20
872193063253.2023,6221905.369330704,5.945630548152213,0.4534003677039972,54580.85501780997,1.6153485782337788e-18,8.342995029188262e-20,163522010754.6773,43874673198.460754,6956.575232768514,7.288706985954098e-21
805567268557.2251,5197261.359046521,5.238621027812909,0.39088685525213424,51860.13662265951,9.580463337837964e-19,4.819432087743297e-20,151645035949.7453,39908793074.608154,6477.130537999092,4.2559683671712e-21
743628192492.1704,4335174.210502361,4.611682065864169,0.33663547912071395,49265.50135729987,5.656364702163332e-19,2.7707844979832205e-20,140563806494.26654,36278640974.60029,6028.188326439161,2.4741955865239636e-21
686076493646.911,3610886.422542268,4.056222634518027,0.2896038155219434,46791.554367110875,3.3243069187007463e-19,1.5853455723787415e-20,130229797039.28563,32957793640.537376,5607.979218263801,1.4319917208506352e-21
632629846301.3608,3003245.002988568,3.56451921650391,0.2488743633449164,44433.11216629843,1.9447316015062534e-19,9.026940641070917e-21,120597126139.20602,29921745780.762264,5214.825829178911,8.250888446605009e-22
583022105603.0265,2494202.4010334285,3.1296340580813906,0.2136404139582084,42185.19512916926,1.1323871773869315e-19,5.114858734936739e-21,111622430991.17392,27147782656.71781,4847.138592242688,4.73257295111465e-22
537002506261.1283,2068382.7185206655,2.7453405292443507,0.18319341739787118,40043.02022097846,6.562791842484824e-20,2.8839246518856295e-21,103264747117.09863,24614860387.56375,4503.411738186125,2.702170524536645e-22
494334893777.50415,1712705.203406415,2.406055030090131,0.15691169817938705,38001.993961468084,3.7854914306443644e-20,1.6179757374018282e-21,95485392837.90204,22303493541.952904,4182.219429701464,1.5357808020002637e-22
454796987246.9837,1416057.9352298637,2.106774921566733,0.13425038710012696,36057.70561440985,2.1730875589922677e-20,9.031884502255667e-22,88247858392.58249,20195649609.50558,3882.21204522926,8.688178769793572e-23
418179672773.7024,1169015.4255093504,1.8430219957149232,0.11473244748051359,34205.920596643016,1.2414656407864402e-20,5.016297550818448e-22,81517699557.64221,18274649966.343967,3602.112607837483,4.8920743591413936e-23
384286326564.0088,963594.5841258856,1.6107910352062895,0.09794068539876305,32442.57410027933,7.057903802498994e-21,2.771831575810566e-22,75262435625.37808,16525076969.644718,3340.7133548536704,2.7415972852988956e-23
352932166771.1027,793044.1538327473,1.4065030445405244,0.08351064367348493,30763.764921911323,3.992833269478367e-21,1.523733199536599e-22,69451451602.4532,14932686835.61246,3096.872443979459,1.529121075364325e-23
323943633181.3556,651663.296288723,1.2269627658126343,0.07112428870422317,29165.749492832787,2.247665671693962e-21,8.332768091068138e-23,64055904493.06119,13484327973.646065,2869.510791688317,8.48767504328131e-24
297157793847.3522,534645.5311281682,1.0693201205886464,0.06050440785264331,27644.936104437307,1.2589481890691462e-21,4.5330183577353545e-23,59048633533.87333,12167864466.831093,2657.609039780044,4.6884046916186285e-24
272421777788.07565,437944.6906824442,0.9310352462352804,0.05140964289315774,26197.879323114474,7.016005887129924e-22,2.4529169169485405e-23,54404074250.80826,10972104405.308762,2460.204646040551,2.5771013750295816e-24
249592232892.25952,358159.96267524845,0.8098468201254982,0.04363009223495295,24821.274589121113,3.890076408518642e-22,1.3202450573839047e-23,50098176210.488556,9886732794.602728,2276.3890950307955,1.409575440488552e-24
228534808176.8013,292437.45667190757,0.7037433885796297,0.036983421167788445,23511.952994046307,2.1458155895169683e-22,7.067756824324436e-24,46108324342.06309,8902248775.687225,2105.305225106299,7.6714183542741525e-25
209123659568.1654,238386.05196908495,0.61093743928583,0.03131142535885041,22266.876231632858,1.1775315020487223e-22,3.763074170804608e-24,42413263707.84695,8009906907.498914,1946.1446678469702,4.154066115741083e-25
191240978390.97397,194005.56925103796,0.5298419763589998,0.026476998271612547,21083.131716859145,6.428033931762089e-23,1.9925842491454708e-24,38993027604.00282,7201662275.786469,1798.145396155223,2.238005608584733e-25
174776541764.38602,157625.55961134672,0.45904937622334935,0.022361458131497067,19957.927868318355,3.4905085334131855e-23,1.0492567026311443e-24,35828868875.217224,6470119204.689199,1660.5893773604,1.1995500198548407e-25
159627284123.43784,127853.22598830724,0.3973123202187533,0.01886219456596251,18888.589549062468,1.8853127663125745e-23,5.494348090420796e-25,32903194330.048965,5808483359.2905445,1532.8003277473945,6.396230972842906e-26
145696889099.20184,103529.18690072515,0.3435266163090478,0.01589059913462397,17872.55366120907,1.0128411300907561e-23,2.860868956086436e-25,30199502146.316113,5210517038.633439,1414.141565007387,3.3927934306100696e-26
132895401008.43631,83689.963507057,0.296715737582705,0.013370247671940914,16907.364889729455,5.411794946664206e-24,1.4811701635782324e-25,27702322158.559563,4670497469.353402,1304.0139551890895,1.7901807653043572e-26
121138855220.27158,67536.22107227241,0.2560169194517884,0.011235305722333756,15990.671590961481,2.8758226141888314e-24,7.624559509109739e-26,25397158922.27105,4183177920.2111564,1201.853950809716,9.395523593871387e-27
110348926684.45206,54405.92728274918,0.22066867063874981,0.00942913138457251,15120.221821506326,1.5197847997889148e-24,3.9021574651371836e-26,23270437452.193817,3743751467.4219007,1107.1317168644498,4.9046489698660055e-27
100452595922.65001,43751.704632731235,0.18999956525546016,0.007903052626117837,14293.859503281834,7.986925377107832e-25,1.9854194095547444e-26,21309451534.606865,3347817249.810573,1019.3493415541124,2.5464531253518195e-27
91381831801.41281,35121.75423207959,0.16341819458443652,0.006615298603987084,13509.520720620927,4.173810972827403e-25,1.0042322899321333e-26,19502314516.078014,2991349061.49805,938.039128629905,1.3148675044457478e-27
83073290422.35123,28143.81557217942,0.1404041676257998,0.005530066760053223,12765.230145408355,2.1687996718804936e-25,5.049255448146818e-27,17837912473.721306,2670666138.0679755,862.7619683339058,6.751874320943048e-28
75468029482.21954,22511.702572164388,0.12050005912902445,0.004616709467060301,12059.097586358153,1.1205140520517338e-25,2.523529200786732e-27,16305859674.519785,2382405999.9984946,793.105783992606,3.447783801867831e-28
68511237472.55431,17974.021984272815,0.10330421273810428,0.0038490258070413346,11389.314658636918,5.755775857700106e-26,1.2535842657726844e-27,14896456233.773058,2123499224.5915833,728.6840513992204,1.75067709975351e-28
62151977105.516075,14324.73718920623,0.08846431509104213,0.0032046456846708663,10754.151570138096,2.939384669369908e-26,6.189265298860758e-28,13600647885.201544,1891146024.7128105,669.1343881980018,8.838920491107434e-29
56342942369.48406,11395.289648940021,0.07567166427645365,0.0026644949313568166,10151.954020813138,1.492285930423687e-26,3.036973343981226e-28,12409987777.684088,1682794519.3862202,614.1172105608364,4.437068380750548e-29
51040228634.796234,9048.03277261005,0.0646560630054518,0.002212331357188732,9581.140211559317,7.531259420424253e-27,1.480931275899107e-28,11316600216.022024,1496120587.6893299,563.3144545222747,2.2144866693248875e-29
46203115246.76182,7170.769547929008,0.0551812732477958,0.00183434287156589,9040.197959259664,3.7781550801296745e-27,7.176230561476374e-29,10313146265.511335,1329009203.4786506,516.4283594145809,1.0987684431178798e-29
41793860059.70373,5672.2167540809305,0.04704097494691715,0.0015187998325873239,8527.681914660514,1.8839311097017144e-27,3.455418890309831e-29,9392791142.462484,1179537154.2619147,473.18031091848553,5.419650983247317e-30
37777505382.29472,4478.245571307178,0.040055176806203685,0.001255754712161151,8042.210879862755,9.33683238280097e-28,1.6531906051810944e-29,8549173315.136985,1045957053.0336663,433.30974131883085,2.6573217414510732e-30
34121694820.803528,3528.7715268281436,0.03406703206397204,0.0010367829893086426,7582.465222289179,4.598957976986548e-28,7.85846817623396e-30,7776375241.865553,926682557.1193839,396.57308462654225,1.2950903226859306e-30
30796500523.082134,2775.186484516892,0.028940016679999576,0.0008547599183787386,7147.184382076127,2.2512330971727756e-28,3.711250124235631e-30,7068895675.380902,820274713.043097,362.7427842995936,6.273562948591919e-31
27774260342.14985,2178.242251436781,0.024555431473418536,0.0007036684710393086,6735.1644699202325,1.095111212434056e-28,1.741182483591348e-30,6421623464.629526,725429351.1555847,331.6063513659498,3.020380841079033e-31
25029424454.0825,1706.3097359975673,0.020810193509492012,0.0005784343293421623,6345.255952492485,5.293563094014925e-29,8.114919984313355e-31,5829812787.528761,640965458.2469357,302.96547082033607,1.4451639901694767e-31
22538410980.566635,1333.9497978127965,0.017614885458681975,0.0004747843194814549,5976.361422611275,2.5425249188725833e-29,3.7567647371713116e-31,5289059750.3008995,565814460.6284646,276.6351542347924,6.871555210431318e-32
20279470181.918865,1040.7422815587865,0.014892034771223767,0.0003891251289896456,5627.433451442377,1.2133456064269305e-29,1.727456979193741e-31,4795280291.148995,499010354.2151689,252.4429365895187,3.246756451639609e-32
18232556801.59113,810.3284900440294,0.012574597348157603,0.0003184395503076143,5297.472520071727,5.752818892468553e-30,7.889280716752816e-32,4344689328.135154,439680621.9805248,230.228115396158,1.5243166728577982e-32
16379210158.167736,629.6297543400974,0.010604622967936106,0.000260197846598149,4985.525027867043,2.7097437689304963e-30,3.5783079050267214e-32,3933781093.1827154,387037882.79947096,209.8410302498984,7.110584952627276e-33
14702441595.60488,488.21099964044464,0.008932082067292369,0.00021228214647104707,4690.681375120132,1.267947675376269e-30,1.6117626802998277e-32,3559310596.148678,340372219.1516932,191.14238100985006,3.295442210068276e-33
13186628916.949982,377.76345605664204,0.007513835595558545,0.00017292204758070313,4412.07411752934,5.893509969307838e-31,7.209087355320978e-33,3218276164.8987503,299044134.43388814,174.00258286894584,1.5173077793336284e-33
11817417441.006102,291.6850718300637,0.00631273158127949,0.0001406398490119755,4148.876190151552,2.72094690503963e-31,3.201752473432875e-33,2907903009.2670135,262478093.73442283,158.30115663513863,6.939983342883997e-34
10581627335.359648,224.7408798233997,0.0052968137856742184,0.0001142040427383405,3900.2991985198105,1.2477081095702413e-31,1.4118732569057738e-33,2625627758.692797,230156604.86426318,143.9261526049148,3.1531225391219345e-34
9467166892.865458,172.78865608107103,0.004438629384963936,9.258987858638992e-05,3665.5917746884647,5.682325482112429e-32,6.1812474751828825e-34,2369083925.198991,201614799.22130305,130.77360646811056,1.4229630970303458e-34
8462951432.069223,132.5577854853593,0.0037146240373690863,7.494597809435245e-05,3444.037996030835,2.569995978103911e-32,2.6865858738254934e-34,2136088245.2083964,176435474.69817272,118.74702573965237,6.378069606616657e-35
7558827515.14279,101.47139427437659,0.00310461396415148,6.056611311436977e-05,3234.9558646780138,1.154263112257531e-32,1.1591535165459651e-34,1924627855.487263,154244565.33289492,107.75690526923107,2.839225801844979e-35
6745502189.70053,77.50359084602955,0.0025913258199026746,4.8865387397016214e-05,3037.695845547312,5.147730317187745e-33,4.964414358037063e-35,1732848260.2571425,134707004.75355706,97.72027043396456,1.2551559084132846e-35
6014476973.355075,59.06513309147474,0.002159996156861318,3.936016587021282e-05,2851.6394609687713,2.279489869393925e-33,2.1103421104417617e-35,1559042048.2279873,117522952.68873325,88.56024667186732,5.5100336431260386e-36
5357986312.0492115,44.91206195049745,0.0017980232119836372,3.165118880598521e-05,2676.1979399762413,1.0021725856013226e-33,8.90361066232526e-36,1401638319.9756134,102424355.91042171,80.20565406537499,2.4018241038776818e-36
4768940255.067655,34.07284888002895,0.0014946645735621467,2.5409388268013762e-05,2510.8109203862473,4.3742354172202496e-34,3.728020766191167e-36,1259192787.716477,89171816.95150901,72.59062573436968,1.039512760472364e-36
4240871101.1797996,25.790434917161964,0.0012407750253627871,2.0363993669426565e-05,2354.945201842649,1.8953443454059175e-34,1.5490288121147456e-36,1130378511.120245,77551745.80054787,65.65424884695847,4.466745395146936e-37
3767883781.5950966,19.47622089476085,0.001028579528777565,1.6292573290467872e-05,2208.093548059818,8.152141887453604e-35,6.3867446734536016e-37,1013977234.3472191,67373771.52831532,59.340227103858254,1.9054438397441e-37
3344609756.3191905,14.673627288342262,0.0008514768949239514,1.3012710401203009e-05,2069.7735365491308,3.4803587186768203e-35,2.612811634877961e-37,908871291.0023283,58468392.448111355,53.596563598508745,8.068917678047844e-38
2966164211.0839515,11.029299258133534,0.0007038702258848633,1.0375057258339798e-05,1939.5264541651497,1.4747409391378596e-35,1.0605092570202345e-37,814036045.1601541,50684844.96005822,48.37526300003508,3.3917118519669684e-38
2628106352.285124,8.270405389705612,0.00058102067370007,8.257548626191452e-06,1816.9162368579439,6.201795264992289e-36,4.2703914984512947e-38,728532838.0368692,43889172.68341729,43.63205204992695,1.415067838425045e-38
2326402607.2978587,6.186782210831701,0.0004789214830657709,6.560589427505776e-06,1701.528452066866,2.5882088606630738e-36,1.7058331726971095e-38,651502411.2642007,37962478.844717346,39.326117405770034,5.859493676227458e-39
2057392547.1537952,4.616923091235272,0.00039418965423865915,5.203059379017147e-06,1592.969322238713,1.0718435435679226e-36,6.759110447022976e-39,582158779.0586199,32799346.167681355,35.41985990660429,2.4078923259469864e-39
1817757357.8538604,3.437009859802485,0.00032397289116531386,4.119001639706093e-06,1490.8647879997127,4.404365573943297e-37,2.6564084718521696e-39,519783522.87526304,28306409.70779024,31.878664374473868,9.819232791377873e-40
1604490695.5606797,2.5523468978302404,0.00026586979072230584,3.254883149121602e-06,1394.8596095560188,1.795662196167411e-37,1.0354292076388634e-39,463720483.3914528,24401069.193914983,28.670684105505874,3.973293973651743e-40
1414871769.565519,1.8906876177235086,0.00021786148610884843,2.5673319415423875e-06,1304.6165049415843,7.263139590868802e-38,4.002522967273265e-40,413370825.87891644,21010328.485755958,25.766639241432532,1.595237553801952e-40
1246440505.2590294,1.3970479171569703,0.0001782531844634707,2.0212717105329693e-06,1219.81532377528,2.914415638447745e-38,1.5342723282372491e-40,368188456.1974599,18069750.732630033,23.13962824882586,6.354336008627076e-41
1096974647.3568633,1.0296851865895986,0.00014562423891925186,1.5883866345956386e-06,1140.152255231115,1.1600441708644653e-38,5.831674924401068e-41,327675765.7762736,15522518.730156273,20.76495176852541,2.5110392159423345e-41
964468671.3430833,0.7569886665015793,0.00011878557149558018,1.2458602772092476e-06,1065.3390689661828,4.5799613502843476e-39,2.197723922846756e-41,291379685.0425317,13318590.820111237,18.61994813176326,9.843361307823355e-42
847114378.5007659,0.5550806135044545,9.674341808851542e-05,9.753415205088075e-07,995.1023877907608,1.7934173726554296e-39,8.211232999992646e-42,258888025.81104994,11413943.468592938,16.683839872380638,3.827434882356567e-42
743283057.0049076,0.4059704671894046,7.866850274460605e-05,7.620982210689767e-07,929.1829909038717,6.964676325338739e-40,3.041341315204132e-42,229826094.1640302,9769892.391918525,14.937590596299446,1.4760947087879044e-42
651509098.361719,0.29613815185738274,6.386986752231251e-05,5.943257961046801e-07,867.335146555102,2.6821801962084597e-40,1.1166300764384168e-42,203853556.32668898,8352484.781529948,13.363771600053528,5.6458582834242546e-43
570474964.997158,0.21544953815855394,5.177268848092428e-05,4.6258343786747e-07,809.325973030503,1.0242584626514874e-40,4.063557166590309e-43,180661540.9837086,7131955.8116418775,11.946437659759788,2.1415198045017404e-43
498997411.0302269,0.15632833888248845,4.1899499409390544e-05,3.59335267239393e-07,754.9348268959214,3.878221558300888e-41,1.4656204835475026e-43,159969962.38333148,6082243.199320634,10.671011440398813,8.054848067792933e-44
436014864.2203352,0.11312546043198202,3.385432435686071e-05,2.785776070193451e-07,703.9527174660152,1.4558735908270324e-41,5.238653459652244e-44,141525049.44135016,5180554.128936231,9.524176002715956,3.0040159375968207e-44
380575882.75820935,0.08163999588637919,2.730928922866654e-05,2.1553679484337038e-07,656.1817465011163,5.4181243067036274e-42,1.8555188989840147e-44,125097066.88690034,4406979.354135517,8.493774911473567,1.1107669232712305e-44
331828605.9832536,0.058756366034315444,2.1993342893301627e-05,1.664246624263803e-07,611.434572166906,1.998823509543148e-42,6.512127805960278e-45,110478215.28648189,3744149.7531988863,7.568719474184222,4.0717902135074487e-45
289011123.2636002,0.0421701839994325,1.7682770500650917e-05,1.282410650451527e-07,569.5338963240731,7.309131160719916e-43,2.2644159302298868e-45,97480697.54289924,3176931.0403009984,6.738902663876703,1.479637177280714e-45
251442690.17509055,0.0301817110935165,1.4193227011045015e-05,9.861472384840778e-08,530.3119742461366,2.6490381208817504e-43,7.800615032205132e-46,85934940.19248724,2692152.7281207093,5.995119302894609,5.329639166389937e-46
218515725.7693194,0.02154066435158595,1.1373058141269947e-05,7.567520406449811e-08,493.6101458940085,9.514956728163081e-44,2.661975925765776e-46,75687958.51795162,2278367.7986514233,5.328992107235395,1.9027343729670943e-46
189688529.13581127,0.015329930503855036,9.097709811773983e-06,5.795014577224633e-08,459.2783879052696,3.386774473498024e-44,8.997979078377738e-47,66601855.15619418,1925639.8710574775,4.7329032125219985,6.732262831591854e-47
164478657.6467736,0.01087867538437081,7.265056405179223e-06,4.428293408366131e-08,427.17488548476933,1.194513227767871e-44,3.012409585001815e-47,58552442.511466555,1625354.960006547,4.199930823384022,2.3605378116626166e-47
142456913.23212165,0.007697600557163668,5.791503316965047e-06,3.376687913663606e-08,397.16562341091253,4.1743121969440234e-45,9.987884677361052e-48,51427979.88495718,1370055.196982324,3.7237906478318585,8.201475930966428e-48
123241886.77521916,0.005430838981962588,4.608740921313283e-06,2.56927042574201e-08,369.1239953990928,1.4452131198589498e-45,3.279332126043286e-48,45128016.80334537,1153292.1424464325,3.29878179716222,2.823371789216837e-48
106495014.25351217,0.0038203157894221604,3.6610456518986993e-06,1.9506739178524426e-08,342.9304310898867,4.956730065832037e-46,1.0661326872490685e-48,39562334.57181982,969497.5500764097,2.91973685005196,9.629476310246925e-49
91916101.58068502,0.0026794203824332657,2.9030398159471854e-06,1.4777706270670782e-08,318.472039955123,1.683984596661659e-46,3.431723766942099e-49,34649978.59247177,813869.657267279,2.581975796812127,3.2535616069080063e-49
79239278.24571303,0.0018736138062716615,2.2978353771368964e-06,1.1170389806005782e-08,295.6422714396655,5.666607966601266e-47,1.0935772866359638e-49,30318374.477709167,682273.2701661267,2.2812635962993277,1.0889302852440807e-49
68229342.79687053,0.0013061865076636969,1.8154985714185503e-06,8.424806746650256e-09,274.34059068076584,1.8884818941860368e-47,3.4497154118316016e-50,26502521.45131965,571152.0881418556,2.0137710937464637,3.609843580313833e-50
58678465.99294314,0.0009078296508263793,1.4317821326754774e-06,6.339765336088933e-09,254.472169170085,6.232598409411041e-48,1.0771442345989884e-50,23144256.9679166,477451.8731213529,1.7760390627989044,1.1851852047569534e-50
50403220.04714365,0.0006290217185426479,1.1270803405676502e-06,4.759915600942856e-09,235.9475897461242,2.0368255739679828e-48,3.3287491952432176e-51,20191586.895659123,398553.2149112674,1.564945149349807,3.853501456219667e-51
43241904.828972965,0.0004344871847842241,8.855692683302775e-07,3.5655726772107156e-09,218.68256532670674,6.590650434113311e-49,1.0180388724911803e-51,17598075.998219848,332212.7756559385,1.3776735083826919,1.2406746521191265e-51
37052144.17285726,0.00029917561437765595,6.945006840077612e-07,2.6647370664170333e-09,202.5976708123648,2.1113171594560238e-49,3.0809369284471385e-52,15322293.820885204,276512.0160646396,1.2116869379710342,3.9550742419801215e-52
31708727.577111565,0.0002053529885635918,5.436232009893282e-07,1.9868516353829486e-09,187.61808761218225,6.695609317093785e-50,9.225610813112856e-53,13327311.433301993,229812.5140114398,1.0647013268800167,1.2482646022854813e-52
27101674.569711376,0.00014050413167917983,4.2470861819121934e-07,1.4779284627590968e-09,173.67336026349412,2.101834277715922e-50,2.7331261026778715e-53,11580244.808589388,190717.08353438874,0.934662243882782,3.900089272923499e-53
23134500.87552138,9.58247948840283e-05,3.311650538377841e-07,1.0967536787620647e-09,160.69716463631474,6.530381073407968e-51,8.01003463740821e-54,10051840.926201321,158035.99003807758,0.8197235079684506,1.2061978997591063e-53
19722667.249840762,6.514106090698416e-05,2.577215604869732e-07,8.119386719348896e-10,148.62708723204167,2.008028428864073e-51,2.3220784497481378e-54,8716102.974887922,130757.63647124135,0.7182275891015615,3.6923138968982994e-54
16792193.452066623,4.4137441938273216e-05,2.0017149964403892e-07,5.996342614542197e-10,137.404415104181,6.110147450204131e-52,6.658008628948726e-55,7549951.303207952,108023.16618635746,0.6286876991148488,1.1185985111775783e-54
14278421.327441195,2.9807260009797206e-05,1.551641267025947e-07,4.4176295734215194e-10,126.9739359464342,1.8396825145784466e-52,1.887963553931117e-55,6532917.01911396,89104.49181078697,0.549771441701421,3.353548769237844e-55
12124912.35054207,2.0062569918182182e-05,1.2003565510044069e-07,3.246551328030249e-10,117.28374791050427,5.480269412465979e-53,5.293965053678636e-56,5646865.377961931,73385.3164351648,0.48028589933845045,9.94829411070713e-56
10282466.267538618,1.3458219584621333e-05,9.267258730932649e-08,2.3799934279733325e-10,108.28507873248817,1.6150533892572366e-53,1.467786117407721e-56,4875746.320688004,60344.76436952038,0.41916404334440993,2.9198777988148362e-56
8708248.661173731,8.99729596469621e-06,7.14013664305196e-08,1.7403638377716794e-10,99.93211376266397,4.7082068186412173e-54,4.023410600515305e-57,4205369.731599942,49543.284198052665,0.36545236116515556,8.478341560371362e-57
7365016.358683059,5.994410013849525e-06,5.489945567428816e-08,1.2694200843840254e-10,92.18183250894558,1.3575792784160815e-54,1.0902624177029163e-57,3623203.1790115656,40610.52740158626,0.318299602421516,2.4352583829181038e-57
6220430.613931989,3.979948901140575e-06,4.212382783598534e-08,9.2355300587523e-11,84.9938533191956,3.871442819123135e-55,2.9203012905379725e-58,3118190.0825192626,33234.94189176466,0.276946552251886,6.918699201556978e-58
5246448.926244987,2.6332470713564774e-06,3.225357189334121e-08,6.70192353199678e-11,78.33028584204824,1.0917797854989785e-55,7.731052624825937e-59,2680586.4187950273,27154.851852772772,0.240716747066811,1.944044031677468e-58
4418787.214814268,1.7361015047472528e-06,2.4643923483973236e-08,4.850742675705964e-11,72.15559091986788,3.044443917144736e-56,2.022637034959253e-59,2301814.2340278784,22150.823717179832,0.20900805401780465,5.401900614218318e-59
3716444.8540753,1.1405496904368938e-06,1.8789520950442598e-08,3.5016923296098477e-11,66.43644758096897,8.393583563615506e-57,5.229007042689745e-60,1974330.3762473443,18039.143280060558,0.18128504128771875,1.4842331975922991e-59
3121285.7966937805,7.466120266580824e-07,1.4295096306065905e-08,2.5211487779736672e-11,61.14162681128477,2.2877509895559002e-57,1.3356590614531578e-60,1691508.995346298,14666.251215283417,0.1570720717530335,4.03207477452124e-60
2617669.6712648724,4.86971312993404e-07,1.085214556712341e-08,1.8103367856831134e-11,56.24187179828795,6.1637775513195286e-58,3.37054295212056e-61,1447536.4832991543,11904.003905014606,0.1359470576668077,1.0828824912017065e-60
2192127.345718647,3.164646662752168e-07,8.220397759196603e-09,1.2964335587091258e-11,51.70978435215396,1.641408221724389e-58,8.402031377727336e-62,1237317.642436195,9645.643805523923,0.11753581878163277,2.874851664945599e-61
1833075.998778601,2.0490201430289865e-07,6.213126886903976e-09,9.258926161851237e-12,47.51971722093334,4.319881714315663e-59,2.0687156621327526e-62,1056391.9762523388,7802.378800899113,0.10150699079133838,7.5437196893464315e-62
1530569.244452006,1.3217580011865594e-07,4.685534916867794e-09,6.594469004679261e-12,43.64767202786918,1.1234828700374823e-59,5.030380412368728e-63,900859.0956432291,6300.483369086812,0.08756743513431957,1.956346911910913e-62
1276078.312052577,8.49430453082636e-08,3.525583593033067e-09,4.683787533801438e-12,40.07120256997482,2.887046183616411e-60,1.2079122684676745e-63,767312.3241916616,5078.846107596584,0.07545810508562405,5.013606526792478e-63
1062300.700083459,5.438250034723914e-08,2.6467747041711056e-09,3.3174308494917375e-12,36.769323227577736,7.329706578451694e-61,2.8638816277646113e-64,652779.6696714815,4086.898424880432,0.06495032668434858,1.269556667919299e-63
882993.0996601998,3.468415795842207e-08,1.9824772616062865e-09,2.3430578120272064e-12,33.72242224477259,1.838304747774254e-61,6.703628921743313e-65,554671.4057668648,3282.868164922496,0.05584245641191058,3.1761748309239626e-64
732825.7250577498,2.2035799871349204e-08,1.4814800727116087e-09,1.6501733133807996e-12,30.91217965058425,4.554057810474579e-62,1.5489941328488017e-65,470733.57857376675,2632.3097470762127,0.04795688066918556,7.849821027264761e-65
607255.4982689981,1.3945595638720346e-08,1.1045128480819409e-09,1.158858581410241e-12,28.321489600163865,1.114246547250061e-62,3.5328378227394136e-66,399006.81718589755,2106.869205282728,0.041137325009897426,1.9163300699244427e-65
502415.813832077,8.791048393420304e-09,8.21531093940003e-10,8.11473694783856e-13,25.934386924520403,2.6922597610205556e-63,7.952075776882086e-67,337789.88697707193,1683.2484209733032,0.035246443786816246,4.6204875994757974e-66
415020.86211440706,5.519811633609792e-09,6.09601952667974e-10,5.665656880576554e-13,23.735977686142853,6.423271303158405e-64,1.7663163675734747e-67,285607.47845994093,1342.3379698012193,0.030163663368629613,1.1001794791066107e-66
342282.7160647959,3.4520121877660693e-09,4.512617834979361e-10,3.9440871673636557e-13,21.71237354639764,1.5130368506143321e-64,3.8711097031664616e-68,241181.77419315014,1068.4924397931263,0.02578325440076522,2.5867137652123324e-67
281839.59033156984,2.150152241945046e-09,3.332431966359293e-10,2.7374843248871435e-13,19.850629758812243,3.5184106042929067e-65,8.370064835179711e-69,203407.3814687099,848.9259128905622,0.02201261072425157,6.0047197038518765e-68
231693.86461563595,1.3338258826937937e-09,2.4549075518303455e-10,1.8943231404539904e-13,18.138686610279493,8.076007253196826e-66,1.7852350385494885e-69,171329.25976342676,673.208608942029,0.018770714543822013,1.3760893147510413e-68
190158.62705732853,8.240359819680153e-10,1.8040169100324567e-10,1.306899090171008e-13,16.565314139850088,1.8295697629639259e-66,3.7556197810954356e-70,144123.30948808632,532.848538142076,0.015986769260284313,3.11285981443211e-69
155811.64008276275,5.069839848304432e-10,1.3224159866054312e-10,8.988842874702501e-14,15.12005997213404,4.09026843806694e-67,7.791720825556667e-71,121079.32270258694,420.94445406765755,0.013598983062584946,6.949933522181293e-70
127455.7620656889,3.106183533992002e-10,9.669587047254974e-11,6.163499035204606e-14,13.793200109410218,9.023046875315824e-68,1.5940286549577884e-71,101586.02745367473,331.898497227795,0.01155348792144467,1.5312937877502004e-70
104084.97487740594,1.8950838266380715e-10,7.052617847308833e-11,4.213089114420971e-14,12.575692533359994,1.9638156381456503e-68,3.2152501808738405e-72,85117.98548645321,261.178714562814,0.009803380047883356,3.329211228419894e-71
84855.27126578185,1.1512818561625024e-10,5.130805053176581e-11,2.870857121789966e-14,11.459133473899426,4.2163957829986825e-69,6.393427702110145e-73,71224.12851714161,205.12317415729814,0.008307869184923336,7.141293055732167e-72
69059.74828018782,6.964182653367354e-11,3.7230894764106446e-11,1.950059550157525e-14,10.435716208896272,8.929389376563946e-70,1.2531325666413271e-73,59517.741252766034,160.7787021323005,0.007031525297325956,1.5111663813799977e-72
56107.33479403714,4.1944699466136507e-11,2.694599357990497e-11,1.3203745978674976e-14,9.498192264631859,1.8650392795455864e-70,2.420739016039775e-74,49667.72010868545,125.76838138544298,0.00594361232002842,3.154237655080047e-73
45504.653624840554,2.5152751140329705e-11,1.94512528083747e-11,8.911420910781212e-15,8.63983489270494,3.841365605181596e-71,4.608181019793476e-75,41390.95529786549,98.18289673682227,0.005017499628234989,6.49336094126231e-74
36840.58277694264,1.50168295812678e-11,1.4004041567696471e-11,5.994937626487111e-15,7.854404704693129,7.801172109969508e-72,8.643389727314835e-76,34445.7008239986,76.49161180652762,0.0042301428077100925,1.3182066679031435e-74
29773.136812838682,8.92561367193368e-12,1.005544595288188e-11,4.0197365204898905e-15,7.136117351282766,1.5619072862679156e-72,1.5971788106626745e-76,28625.812068226947,59.46994019896957,0.003561626139145136,2.638649053402316e-75
24018.33909482707,5.2813817533999406e-12,7.200804424542682e-12,2.6864136755822286e-15,6.479613137768253,3.082591219615381e-73,2.907228809888555e-77,23755.744268658826,46.14014517891878,0.0029947599715902727,5.207254218494359e-76
19340.799355865194,3.1109217556031656e-12,5.142590440121308e-12,1.7893596337653234e-15,5.879928472804551,5.996330084156327e-74,5.211970358018814e-78,19686.217393731953,35.723183474981006,0.0025147268525467855,1.0129996863804942e-76
15545.749415049593,1.824084354398203e-12,3.66263395632758e-12,1.187842253789136e-15,5.3324690520854485,1.149495138564661e-74,9.201571286716971e-79,16290.463834643622,27.5996135134551,0.002108770911744271,1.942348201425044e-77
12472.32344443582,1.0646261801959032e-12,2.6013876326671572e-12,7.858562607007327e-16,4.832984683218814,2.1713175759514362e-75,1.5995548356372468e-79,13460.985108135808,21.277927799877883,0.0017659255668877837,3.6703330551731204e-78
9987.898557297029,6.184828857712965e-13,1.842492890211708e-12,5.181283847790097e-16,4.377545662482444,4.040882558966607e-76,2.737490068400812e-80,11106.752478937065,16.36895324563435,0.0014767751374362142,6.834194448600877e-79
7983.337107425957,3.576171338654805e-13,1.3013223522009645e-12,3.404302620390666e-16,3.9625206183829005,7.40810838208053e-77,4.6116984765886795e-81,9150.79418213578,12.565200495534194,0.001233246421136974,1.2537617200041508e-79
6368.994399795405,2.0580249548704369e-13,9.164975388683354e-13,2.228958100470984e-16,3.584555741003972,1.3376967196322672e-77,7.646492860575001e-82,7528.118842303067,9.62424103908947,0.0010284267116771112,2.2658457070876574e-80
5071.374905086563,1.1787075778333788e-13,6.43626604321208e-13,1.4542697310803294e-16,3.240555320031408,2.3788536052657193e-78,1.2476542208884076e-82,6183.93083304953,7.355355311790155,0.0008564051182152498,4.0334309800247255e-81
4030.336893633501,6.718400680859465e-14,4.506939916439731e-13,9.454608688496147e-17,2.9276635180801334,4.165598768401042e-79,2.0030589837963235e-83,5072.0987753146965,5.60883142248979,0.0007121343922677995,7.071127821402728e-82
3196.759970261238,3.810756598923762e-14,3.146758188338317e-13,6.124685337846147e-17,2.643247309535867,7.181682885732828e-80,3.163713792125825e-84,4153.843205668914,4.267407094798361,0.0005913107777158891,1.2207107585486031e-82
2530.6025784644694,2.1509134162925115e-14,2.190621864664795e-13,3.953225621947514e-17,2.3848805185582664,1.2188575050246214e-80,4.91519126945691e-85,3396.613721555734,3.239440715923472,0.0004902696786193177,2.0748495665169525e-83
1999.2873977775973,1.2080413750692338e-14,1.5204860140409476e-13,2.542335499645143e-17,2.1503288931862,2.0360848472177716e-81,7.510324420488015e-86,2773.1296871625746,2.4534742895357127,0.000405895189883442,3.4717577097915965e-84
1576.3619015832396,6.75100502458125e-15,1.0521964256702969e-13,1.6289707133804434e-17,1.9375361556376132,3.3472856552623965e-82,1.1284613374066778e-86,2260.561914507231,1.8539143296313108,0.00033554176022608317,5.717942800194294e-85
1240.3893684500508,3.753731448584451e-15,7.259369575098294e-14,1.0398685192314138e-17,1.7446109719168525,5.414780172799462e-83,1.6670877739785714e-87,1839.8356674147956,1.3976086184394858,0.0002769664577332036,9.268211005083137e-86
974.0325201998768,2.076568866829737e-15,4.993176178163724e-14,6.613232320638237e-18,1.569814786731481,8.617804652111375e-84,2.4210710542208406e-88,1495.0379147654617,1.05113922355818,0.00022827048778359561,1.4782751588901498e-86
763.2978457894817,1.1428728031377744e-15,3.4238826416620123e-14,4.189909540358834e-18,1.4115504724865353,1.349199779511433e-84,3.455944696749124e-89,1212.914022939231,0.7886868548559945,0.0001878487732969473,2.319823271872085e-87
596.913695041345,6.257455137068009e-16,2.3405226029751115e-14,2.644455254320636e-18,1.2683517437687861,2.077567483995904e-85,4.848065775069811e-90,982.4410611010459,0.590349901417779,0.0001543465499811238,3.581221729226042e-88
465.8195072825818,3.408203859031299e-16,1.5949485606995848e-14,1.6626221625812884e-18,1.1388732912629114,3.1460683697345667e-86,6.682583233117323e-91,794.4666286498082,0.44082445884337124,0.00012662205623356398,5.437760489733002e-89
362.747179534346,1.8465490886696035e-16,1.0834482392258233e-14,1.0412657798014083e-18,1.021881591459185,4.684352842567294e-87,9.04951856941545e-92,641.4036303392718,0.3283702831263419,0.00010371451015272867,8.12001414456045e-90
281.87866659849186,9.951371552917248e-17,7.336433138437043e-15,6.495687161178716e-19,0.9162463508218971,6.856984457433476e-88,1.2037665045444756e-92,516.9727468547318,0.2440026743657363,8.481666616746135e-05,1.1922739611784411e-90
218.5665193063529,5.334220279769288e-17,4.951817380792986e-15,4.0361632877813553e-19,0.820932545294138,9.86624611803915e-89,1.5726227265578235e-93,415.98549989132005,0.18086245212990223,6.92513323986708e-05,1.7211234743616224e-91
169.1062752603966,2.843831179363362e-17,3.3314597840751568e-15,2.497911152488236e-19,0.7349930181209281,1.395206301220508e-89,2.0174443392298915e-94,334.1618114754857,0.13372597182015508,5.645130821499045e-05,2.44229565351107e-92
130.55147757839543,1.507857456195424e-17,2.2339947843708296e-15,1.539693399225574e-19,0.657561600982934,1.9387619863052647e-90,2.5409836663359897e-95,267.9768256328728,0.09862499080458757,4.594227061087694e-05,3.4061803251628475e-93
100.56366250047306,7.95094837524623e-18,1.4931195100145801e-15,9.452022330953942e-20,0.5878467253507899,2.6469236105230126e-91,3.14161834962766e-96,214.5325127585377,0.07255248852965841,3.732819900015029e-05,4.668233582369933e-94
77.29097035395483,4.169251685872296e-18,9.946239591446194e-16,5.778731900549312e-20,0.5251254927987808,3.549930134765588e-92,3.81226882967613e-97,171.45022760282646,0.05323557483659596,3.0278981666636265e-05,6.286151038994646e-95
59.27013430939129,2.1739822547068695e-18,6.603317394684388e-16,3.518370832288089e-20,0.46873817475965296,4.676163670224891e-93,4.539612793482875e-98,136.780953429443,0.03896062949294945,2.4519894247630898e-05,8.315636050582535e-96
45.34752029573594,1.1271729298965423e-18,4.369092094858686e-16,2.133220421266984e-20,0.4180831138630832,6.048956775756037e-94,5.303777710014314e-99,108.93044894316654,0.02843900267941219,1.9822681968612286e-05,1.0804759031270197e-96
34.61565741804912,5.810848484097388e-19,2.880930217088462e-16,1.2879486832432144e-20,0.3726120005817973,7.682823937683983e-95,6.078667419209645e-100,86.59693101724146,0.020704132898365122,1.5998013550643275e-05,1.3787119807471846e-97
26.362335237026766,2.9783831743116104e-19,1.8930993825397033e-16,7.743077308996938e-21,0.33182550041469516,9.579415260252062e-96,6.833020400610677e-101,68.71928388714116,0.015032936983887383,1.2889106361317092e-05,1.727428732722613e-98
20.029872815201607,1.517717610598266e-19,1.23965183034367e-16,4.6351542829393e-21,0.29526920826865805,1.1723634918102844e-96,7.532208901631044e-102,54.434092074463905,0.010885903003074572,1.0366350002117641e-05,2.1248266044042544e-99
15.18260195916712,7.688611665699339e-20,8.089059963819625e-17,2.762698932990371e-21,0.2625299080626103,1.408048223967699e-97,8.140679793024695e-103,43.04005667607292,0.007861556726745524,8.322779591186312e-06,2.5654976507501335e-100
11.480968414995012,3.8719379196474465e-20,5.2596234981066605e-17,1.6394747937186803e-21,0.2332321168720624,1.6593227172858893e-98,8.624826515390728e-104,33.968578773789105,0.005661945139648143,6.670270932615082e-06,3.039988038973291e-101
8.660952468282696,1.9382469091690092e-20,3.4076553577773855e-17,9.686360875142015e-22,0.20703489416214158,1.9183495134208648e-99,8.955987364806595e-105,26.75948481761282,0.004066541643131087,5.336347938095083e-06,3.534687008458559e-102
6.517755081496347,9.644208897584763e-21,2.1998196919999422e-17,5.697495720150044e-22,0.18362889782483585,2.1753690611238835e-100,9.113209089978317e-106,21.041031477648335,0.0029125715937699513,4.261508419788381e-06,4.0321338348653166e-103
4.892896325258379,4.769548157914724e-21,1.4149294936519106e-17,3.336241035853085e-22,0.16273366984436122,2.4191934577029136e-101,9.085411934995595e-107,16.513465628104957,0.0020802190762614207,3.396988003267471e-06,4.511793233876466e-104
3.664036959953182,2.344321123605911e-21,9.067437273114445e-18,1.9447479079784242e-22,0.14409513546562205,2.637935131460138e-102,8.872649343169742e-108,12.935532285132057,0.0014815345528574073,2.702893681467995e-06,4.951290782112397e-105
2.7369679196794405,1.1451492504723021e-21,5.789245827212785e-18,1.1284542570682823e-22,0.12748330073707795,2.8199162636375074e-103,8.486267332933179e-109,10.113422477070843,0.0010521406694614054,2.146648679837478e-06,5.328030656044254e-106
2.039321431213738,5.558887614848816e-22,3.682413788472899e-18,6.517806618370546e-23,0.11269013424329687,2.954669639557443e-104,7.947918196896271e-110,7.8917367880962574,0.0007450477645168172,1.701699037131925e-06,5.621049356872718e-107
1.5156459810456517,2.6814515959209695e-22,2.3334672698088067e-18,3.747121701596873e-23,0.09952761973624855,3.0339162442982765e-105,7.287545020243684e-111,6.146110939206955,0.0005260555181930628,1.3464398091613122e-06,5.812904109020982e-108
1.1235589991368915,1.2852379283351185e-22,1.473040200650693e-18,2.144147855569986e-23,0.08782596722017744,3.052395447743112e-106,6.540598397441977e-112,4.77720920067495,0.00037034371187285106,1.0633252359593106e-06,5.891365617474948e-109
0.8307490107725717,6.120735633780975e-23,9.263099792514184e-19,1.2211074703930922e-23,0.07743197084474003,3.008433758257733e-107,5.744848312197524e-113,3.7058413443201874,0.00025995188570344604,8.381327186026617e-07,5.850690567149643e-110
0.6126456452107296,2.8960430547176093e-23,5.802456686422701e-19,6.9211255923058e-24,0.06820750271707099,2.904167929614337e-108,4.937194791607664e-114,2.869000684037304,0.00018192154821605974,6.593551550953129e-07,5.6922922924911325e-111
0.45061336943587404,1.3613264070764488e-23,3.6204797278339045e-19,3.903952685641658e-24,0.060028132457449805,2.7453837035114107e-109,4.15085551903864e-115,2.21665575583221,0.00012693078267850556,5.177001947481756e-07,5.424703709371697e-112
0.33055485688994934,6.356963468775618e-24,2.250109594445723e-19,2.1913838417622093e-24,0.05278186299723732,2.5409851832322564e-110,3.413225254882259e-116,1.7091574133224665,8.829371337687796e-05,4.056783829614669e-07,5.0628231467879574e-113
0.24183391738980126,2.9487737435988325e-24,1.3928652820115564e-19,1.22405070583521e-24,0.04636797375347147,2.3021622355286155e-111,2.7445797356388616e-117,1.3151474661590015,6.122952336114253e-05,3.172650666995622e-07,4.626534502983814e-114
0.17644706305782368,1.3586617129083593e-24,8.587502143103979e-20,6.80343413116174e-25,0.04069596291382125,2.0413648644964622e-112,2.1576608289880165e-118,1.0098752387485503,4.233001323469375e-05,2.4762338790200305e-07,4.138880070916616e-115
0.12838801174544492,6.21774634490741e-25,5.2730413627757316e-20,3.762576916232115e-25,0.035684581130112324,1.7712167490495134e-113,1.6580554000005916e-119,0.7738452315344412,2.917295421134086e-05,1.9287777074445895e-07,3.624021799081782e-116
0.09316150472146542,2.826049925030332e-25,3.224602614521983e-20,2.070386583829159e-25,0.03126094945004864,1.5035013866374549e-114,1.2451876290645e-120,0.5917329843833996,2.004217460887997e-05,1.499290638119397e-07,3.1052449693416014e-117
0.06741236547085529,1.2756307250981801e-25,1.963793941532134e-20,1.133461076685448e-25,0.027359754816632026,1.248334332129056e-115,9.136946193716747e-122,0.45151774363639574,1.3725542976325207e-05,1.1630397726734775e-07,2.6032355578998233e-118
0.04864325863902218,5.7179628495941e-26,1.1909791590431245e-20,6.173492990439162e-26,0.023922516934651205,1.0135988021236586e-116,6.549493220788935e-123,0.3437900204280588,9.369625132676004e-06,9.003269892180927e-08,2.1348052871646718e-119
0.03500053237046884,2.545080735614676e-26,7.192578910289057e-21,3.345063635934695e-26,0.02089692074495545,8.04677210373694e-118,4.585257892653397e-124,0.2611999348327832,6.375445011152622e-06,6.954961701489072e-08,1.7121592976333666e-120
0.025112173776491453,1.1248071965372403e-26,4.325346303995787e-21,1.8030451321753177e-26,0.018236209161454225,6.244667344929968e-119,3.134567190714957e-125,0.19801865183057737,4.323962379841212e-06,5.361295182938494e-08,1.342716365488065e-121
0.017965541327322466,4.9356352804774974e-27,2.5899793964307896e-21,9.667565638270293e-27,0.015898631114264983,4.736305019134299e-120,2.091975860241531e-126,0.14979046918704916,2.9229663670535565e-06,4.123982903120403e-08,1.0294160708762436e-122
0.01281537211323355,2.1501482034564374e-27,1.5441666168976174e-21,5.1560286700799665e-27,0.013846940306485169,3.5101260618921917e-121,1.3627235273636422e-127,0.11305741373106662,1.9693527813022767e-06,3.165393713377594e-08,7.71393001604444e-124
0.009114765886880958,9.298775233920589e-28,9.166373156860824e-22,2.735144894396386e-27,0.012047940432945554,2.541368211186011e-122,8.662370813114061e-129,0.08514170811689162,1.322416266281573e-06,2.4243418787505174e-08,5.648709938341426e-125
0.00646355674726272,3.9919631591252667e-28,5.417380954155764e-22,1.443082441079478e-27,0.01047207292823309,1.797142904275077e-123,5.372158801090929e-130,0.06397432425092875,8.850032327230136e-07,1.852706692994633e-08,4.041304891322525e-126
0.004569804568002878,1.701068728625083e-28,3.1875167929396924e-22,7.572277414820891e-28,0.009093043609422254,1.2410099217960028e-124,3.249737431417217e-131,0.04796015808819343,5.902560965368166e-07,1.4127246018419394e-08,2.824241555617362e-127
0.0032211567583839535,7.194533515821125e-29,1.8671081909173548e-22,3.951527853499958e-28,0.007887484857434962,8.366660796544387e-126,1.9170725172795154e-132,0.03587223975817369,3.9232128941801645e-07,1.0748247332395165e-08,1.9275170845836263e-128
0.002263613716897376,3.019948106134041e-29,1.0887367039560914e-22,2.050619726792959e-28,0.0068346502408471645,5.505783610130565e-127,1.1026109176015038e-133,0.026768912762565766,2.5985779110039763e-07,8.15902561139858e-09,1.284453160906239e-129
0.0015858311434752454,1.2580060608640139e-29,6.319677889585084e-23,1.0581931986871026e-28,0.005916138728297804,3.5357466000880304e-128,6.18160581068163e-135,0.019929142272278308,1.715175893061722e-07,6.179460479380685e-09,8.355425493318486e-131
0.0011075505943426846,5.200229180105903e-30,3.651471222462307e-23,5.429784018307606e-29,0.005115645861424302,2.2153494049901065e-129,3.3773536116463967e-136,0.014802099755034236,1.1280987113769489e-07,4.669447275466651e-09,5.3046277305319544e-132
0.0007710986477295488,2.1329886532976486e-30,2.100021216238077e-23,2.7702291951698507e-29,0.004418739470390964,1.353959463308939e-130,1.797827562587708e-137,0.010967964067275453,7.393284200929643e-08,3.520254016685541e-09,3.2861109010458648e-133
0.0005351600214522118,8.680614259199767e-31,1.2021099209473424e-23,1.4052125195215004e-29,0.003812657709499218,8.070004308956368e-132,9.322126555176122e-139,0.008107514506388538,4.827983489300862e-08,2.6476892566304368e-09,1.9858870573761981e-134
0.000370230544257989,3.504914977614116e-31,6.848745896681306e-24,7.086615690660864e-30,0.0032861273719312586,4.68973183836375e-133,4.70734152986214e-140,0.0059785992489849605,3.1413644451070804e-08,1.986713757933971e-09,1.1705098911891274e-135
0.00025530721417959645,1.4039079091178795e-31,3.883343489221228e-24,3.552904321022208e-30,0.0028292006112112193,2.6566171092131394e-134,2.3143421597300758e-141,0.004397967696656728,2.0364840570515477e-08,1.4872006600105354e-09,6.727382996020863e-137
0.00017548640205684526,5.578308967565828e-32,2.191340081330345e-24,1.7707322360428957e-30,0.002433108353253222,1.4666156164306398e-135,1.107559440249412e-142,0.0032272775614099534,1.3153450425338608e-08,1.1106071083873976e-09,3.769373408227295e-138
0.0001202265996895482,2.1985570731545162e-32,1.230563853697947e-24,8.77250873248827e-31,0.002090128827655773,7.8887609379450105e-137,5.158099113356315e-144,0.002362343350045885,8.464086145308973e-09,8.273675387068702e-10,2.058470468910988e-139
8.209589180710037e-05,8.594335362618835e-33,6.876539221231249e-25,4.319891434347052e-31,0.0017934697809128433,4.1333700334303714e-138,2.3371688539052852e-145,0.0017248954714886933,5.426099476799209e-09,6.148569846045332e-10,1.0953986697323372e-140
5.587184212557771e-05,3.331916216966591e-33,3.8237362183211413e-25,2.1143472998729357e-31,0.00153716305811918,2.1091123034462457e-139,1.030058557207187e-146,0.00125627919028399,3.465358594721827e-09,4.558035649724558e-10,5.678721553910448e-142
3.789676013052143e-05,1.2810044287711173e-33,2.115625598496888e-25,1.0285145427766255e-31,0.0013159703542025881,1.0478305235872485e-140,4.414665858675553e-148,0.0009126487160110189,2.2046857548444267e-09,3.370540732748164e-10,2.8673289639915775e-143
2.5617421007751003e-05,4.883702942028226e-34,1.1646704951952776e-25,4.972228742121965e-32,0.001125299041328522,5.0672620142761726e-142,1.83945666934507e-149,0.0006613108016167363,1.3972318961722099e-09,2.4861646800437063e-10,1.4097753283793122e-144
1.7257566030593067e-05,1.8461069931416413e-34,6.379123541185679e-26,2.3887683150283563e-32,0.0009611270764773415,2.3847384641218956e-143,7.449511478317956e-151,0.00047794990390313596,8.82061024676778e-10,1.8291897571356716e-10,6.747822383225569e-146
1.1585664858237323e-05,6.918949910514569e-35,3.476103996610777e-26,1.1403934753561691e-32,0.0008199360828423774,1.0919088323144112e-144,2.931583254102261e-152,0.00034452770585494737,5.546538739098407e-10,1.3423822539316396e-10,3.143501693154251e-147
7.75079056156372e-06,2.570783874690584e-35,1.8844224417268303e-26,5.409641148245252e-33,0.000698651781161277,4.862979161356129e-146,1.1207314400857977e-153,0.00024769718348439614,3.473949820998924e-10,9.825895551889376e-11,1.4249318188642356e-148
5.167028838904955e-06,9.468890084608616e-36,1.0162423792121916e-26,2.5497070264813905e-33,0.0005945910228672135,2.1061051532097025e-147,4.161150330515219e-155,0.00017760826413602636,2.1671439646408105e-10,7.173587830966266e-11,6.2834453792677e-150
3.432351130009481e-06,3.4570564430009905e-36,5.451668626661905e-27,1.1939744192408535e-33,0.0005054147464981998,8.867670082646187e-149,1.5001143908289751e-156,0.000127010729440727,1.3464779220074367e-10,5.223466052735809e-11,2.6947411060431204e-151
2.2718750770780595e-06,1.2509881672496579e-36,2.9090696114513457e-27,5.55465743326092e-34,0.000429086242572094,3.6289423247699864e-150,5.249524910562933e-158,9.058215616368498e-05,8.331867316033572e-11,3.7934019637921706e-11,1.123680330138099e-152
1.4983212691936591e-06,4.486466272153785e-37,1.5440114230790212e-27,2.5671510609586566e-34,0.0003638341705379179,1.4430450664157921e-151,1.7827265466804841e-159,6.442577848140451e-05,5.134537499417666e-11,2.7474907741494145e-11,4.554756146260973e-154
9.84552595396895e-07,1.594501412875118e-37,8.15075171997316e-28,1.1785597214808439e-34,0.00030811982484158076,5.574375601832791e-153,5.873567101826272e-161,4.569631241827381e-05,3.1510862548611085e-11,1.9845880639335435e-11,1.79420966786214e-155
6.445727918381812e-07,5.615380756317651e-38,4.2793165976364175e-28,5.374421128156888e-35,0.00026060819596430057,2.0912948274322918e-154,1.876955049106877e-162,3.232188524617239e-05,1.92576454404206e-11,1.4296200506282908e-11,6.866810180964612e-157
4.2042598593693216e-07,1.9594378502600282e-38,2.234392260676789e-28,2.434251195210987e-35,0.00022014241685060606,7.617670201226153e-156,5.815963718654413e-164,2.279794801997608e-05,1.1719628057103688e-11,1.027013808231956e-11,2.5526880019948115e-158
2.7319767486112823e-07,6.774006647349231e-39,1.1601953483963437e-28,1.0950302588447647e-35,0.00018572122576398305,2.693401302015565e-157,1.7469698117799848e-165,1.603495639428555e-05,7.1019218016995584e-12,7.357436253778929e-12,9.214829485516672e-160
1.7685588358243685e-07,2.319984685372604e-39,5.990564974784072e-29,4.892007001031172e-36,0.00015647911359635967,9.241341971557951e-159,5.085385489052193e-167,1.1246103204585611e-05,4.2852175923102956e-12,5.2560608584477894e-12,3.2293024902651847e-161
1.1405180409982812e-07,7.870697011923298e-40,3.07572477995419e-29,2.170307096038706e-36,0.00013166885729688817,3.0761401363619744e-160,1.4342169241843444e-168,7.864802408877993e-06,2.5744720493392233e-12,3.7442677268899935e-12,1.0983631324641761e-162
7.326724704111917e-08,2.6447992731789657e-40,1.570174976141547e-29,9.560953072406553e-37,0.00011064617164225969,9.93105177599728e-162,3.9177330417694005e-170,5.4842109777046826e-06,1.5399443094969839e-12,2.659713864705318e-12,3.624781562135157e-164
4.688430180818305e-08,8.802098414464158e-41,7.969795712233372e-30,4.182149146883859e-37,9.28562392933828e-05,3.108725031563381e-163,1.036237337056163e-171,3.813028896125394e-06,9.170783783998137e-13,1.8838799916855806e-12,1.1603746071619573e-165
2.988405722353188e-08,2.901054575297231e-41,4.021817401546602e-30,1.8163033795635251e-37,7.782190420321304e-05,9.432918914028272e-165,2.6531524730851294e-173,2.643288490508709e-06,5.437201384085058e-13,1.330486655746404e-12,3.602266234925007e-167
1.8972768897625043e-08,9.468116805517501e-42,2.0176730402414235e-30,7.831406508855228e-38,6.513333617381745e-05,2.773730844432892e-166,6.573803633824585e-175,1.8269488177561389e-06,3.209184422319645e-13,9.369045821850164e-13,1.0841621868740974e-168
1.1997349484159308e-08,3.0596436839764284e-42,1.0062585220500723e-30,3.3521647303847555e-38,5.443899490784214e-05,7.901572785297605e-168,1.5757762276331892e-176,1.2589377759782488e-06,1.885588133007869e-13,6.578035719142216e-13,3.162511457680425e-170
7.555924055690855e-09,9.789010559084983e-43,4.988563885023261e-31,1.4243495901029274e-38,4.543774044692197e-05,2.1800640966503215e-169,3.653138910017315e-178,8.649018764505029e-07,1.1028446911903375e-13,4.604701544723635e-13,8.938544354850559e-172
4.739381208638434e-09,3.100475104195527e-43,2.458245941455937e-31,6.007374233721115e-39,3.787195361012818e-05,5.8237914855811775e-171,8.188435648464189e-180,5.923830475752718e-07,6.420657965647592e-14,3.2136561397108944e-13,2.4472292297554273e-173
2.9605434864848776e-09,9.720747498865766e-44,1.2040246471098837e-31,2.514783266641365e-39,3.152154509935214e-05,1.5059009957566678e-172,1.774054031769305e-181,4.044827718178407e-07,3.720698762962155e-14,2.2360326659240052e-13,6.488298985225061e-175
1.841708140476747e-09,3.0165681111966474e-44,5.861137273254585e-32,1.0448041465683354e-39,2.6198745473853135e-05,3.768019466016599e-174,3.713903976070843e-183,2.753260929355047e-07,2.1460076154604945e-14,1.5510498421550668e-13,1.6653651113588438e-176
1.1409152948017635e-09,9.264636946673405e-45,2.8355733030583605e-32,4.307825164374941e-40,2.1743580349814953e-05,9.120672826439974e-176,7.510311148967822e-185,1.8682408329722787e-07,1.231917424225395e-14,1.07258119969376e-13,4.136979608860612e-178
7.038056553192552e-10,2.8158197026666406e-45,1.3632895896545418e-32,1.762545118536284e-40,1.801994607895364e-05,2.1350467026522866e-177,1.4666039349965692e-186,1.2637017731412076e-07,7.03812830242241e-15,7.39399681475357e-14,9.943158342483259e-180
4.323169204654039e-10,8.468401787898111e-46,6.513271427960183e-33,7.155686044320758e-41,1.4912210919292923e-05,4.831958626234856e-179,2.7647658289316048e-188,8.520607740973104e-08,4.001653595855848e-15,5.081134796789699e-14,2.3115482654413598e-181
2.644143818289216e-10,2.519862682204533e-46,3.092070583040541e-33,2.8824432649578596e-41,1.2322275438121064e-05,1.0569190699035217e-180,5.029862192581691e-190,5.7266241542127767e-08,2.264174282828228e-15,3.4806645292985966e-14,5.1962329283865096e-183
1.6102167743738238e-10,7.418043282222473e-47,1.4585250974232103e-33,1.1519616850240005e-41,1.0167033680131313e-05,2.2337220669085722e-182,8.828082254733373e-192,3.836336552964882e-08,1.274821615601406e-15,2.3766822128438184e-14,1.1291444362618777e-184
9.762992983248621e-11,2.160214129182e-47,6.835457648356637e-34,4.567221989736888e-42,8.376183582925272e-06,4.559848076563412e-184,1.4943358422298187e-193,2.561605812639224e-08,7.142317802609496e-16,1.6176142070700567e-14,2.3711151197391353e-186
5.8933703672156e-11,6.222382365350303e-48,3.182622583943721e-34,1.7962707235696378e-42,6.890341309938088e-06,8.988126842261931e-186,2.438705132846767e-195,1.704798448390781e-08,3.981621023379854e-16,1.097389888900349e-14,4.81020773000774e-188
3.54167931720342e-11,1.7726629137082712e-48,1.4721124261127435e-34,7.007539076904972e-43,5.659419672879762e-06,1.710204730726736e-187,3.835799963901064e-197,1.1308014913794387e-08,2.2084740929130487e-16,7.42021148867871e-15,9.424268523942216e-190
2.1188584095447314e-11,4.9941539279657864e-49,6.764089150535416e-35,2.711449549249822e-43,4.641235700859868e-06,3.140135384580842e-189,5.812904472355497e-199,7.475489395238232e-09,1.2187560936728375e-16,5.000667588420653e-15,1.782655586535446e-191
1.26189767265692e-11,1.391298538760852e-49,3.0871956340354114e-35,1.0405134569157727e-43,3.8003167442656935e-06,5.561987558549272e-191,8.484468505081457e-201,4.925156506618286e-09,6.691349025701301e-17,3.3587910895220703e-15,3.254507759185988e-193
7.480971250911666e-12,3.8322807547935213e-50,1.3995203151292348e-35,3.959785563603413e-44,3.1068783353531638e-06,9.50061612786223e-193,1.192346827113609e-202,3.233811481094268e-09,3.654795414128685e-17,2.24837171309641e-15,5.732738076835407e-195
4.4145400024202185e-12,1.043586463443081e-50,6.301268648340259e-36,1.4943101828802807e-44,2.535950416317242e-06,1.5644839599706e-194,1.6127905601684535e-204,2.1159753860307874e-09,1.9858429354994336e-17,1.4999267137048262e-15,9.739964910621204e-197
2.592915539527134e-12,2.8092399092242884e-51,2.817628843081781e-36,5.5914184843675734e-45,2.0666315364608527e-06,2.482814226191692e-196,2.0989412940052395e-206,1.3797317256748279e-09,1.0733439452365773e-17,9.971841026545389e-16,1.5956200879710999e-198
1.515822617257879e-12,7.474690822469772e-52,1.2511794370518652e-36,2.0743504437402936e-45,1.6814532556607065e-06,3.795998052345083e-198,2.6273486220824314e-208,8.965067725064274e-10,5.770649342910676e-18,6.606485446916586e-16,2.5196222069504643e-200
8.819561308374898e-13,1.96560377679185e-52,5.517066502559779e-37,7.62935077032552e-46,1.3658393102424395e-06,5.589461239699524e-200,3.1621098760549985e-210,5.804623074068771e-10,3.085898269826427e-18,4.3615592629188636e-16,3.8338128538355877e-202
5.106995746995812e-13,5.108001059534847e-53,2.415584212521611e-37,2.7816628562185723e-46,1.1076461344804287e-06,7.92370633279692e-202,3.65782900313312e-212,3.7449197745465193e-10,1.6413034085695536e-18,2.869296557022359e-16,5.6191464440607875e-204
2.94296485714753e-13,1.3116311884367336e-53,1.0501075400080914e-37,1.0053069387879542e-46,8.96773117652395e-07,1.0810658651689753e-203,4.0653783046042715e-214,2.4073844895048023e-10,8.68211427382047e-19,1.8808646384451763e-16,7.930614518100366e-206
1.6876668075986535e-13,3.327601607669534e-54,4.5322623332363555e-38,3.601104013932315e-47,7.248325411807852e-07,1.4190276449259052e-205,4.3396246635512027e-216,1.5419458428474666e-10,4.567413258746497e-19,1.228496846015109e-16,1.0774376190608275e-207
9.63055263587779e-14,8.33992998538806e-55,1.9419487109564826e-38,1.2784408914494706e-47,5.848705082881029e-07,1.791400427283734e-207,4.447521897689505e-218,9.840103358462353e-11,2.389471950881609e-19,7.994858443698496e-17,1.408564194364773e-209
5.468386704368945e-14,2.0647011471872954e-55,8.259874625723012e-39,4.497783365926914e-48,4.7113137256630496e-07,2.1742247261389982e-209,4.374600431373903e-220,6.256379841197242e-11,1.2430792723444867e-19,5.183862101071454e-17,1.7713705643595866e-211
3.0895213788743785e-14,5.048559778682902e-56,3.4873329409314615e-39,1.5680282459622218e-48,3.7885921231401395e-07,2.5361303191487088e-211,4.128109979503009e-222,3.963011834622479e-11,6.430418223876507e-20,3.348787590999538e-17,2.1420921928083003e-213
1.7367106159775935e-14,1.2191150003332175e-56,1.4613984405796723e-39,5.416402754633063e-49,3.0413080266518785e-07,2.8420919296274425e-213,3.7358845238662446e-224,2.5008763696418967e-11,3.3075100502998465e-20,2.1552552141334075e-17,2.4900562316292493e-215
9.712881613877424e-15,2.9069638681223186e-57,6.078128672920423e-40,1.853675333586349e-49,2.437153236908512e-07,3.058769331759111e-215,3.2411581809555557e-226,1.5722055346008263e-11,1.691463136541866e-20,1.3818854937160268e-17,2.7814248199100802e-217
5.404220352320601e-15,6.843887379130958e-58,2.508809297909878e-40,6.28471588007395e-50,1.949567242952271e-07,3.160374803354169e-217,2.694668936537718e-228,9.846053370464282e-12,8.600049842845376e-21,8.826587664784823e-18,2.984394152120735e-219
2.991314479381146e-15,1.590685651958258e-58,1.0276190419785925e-40,2.1107177416895682e-50,1.5567525173617394e-07,3.1336716105836496e-219,2.1460574100262255e-230,6.1423733482462496e-12,4.347042823745141e-21,5.616245592303451e-18,3.0748066394242663e-221
1.6470801775777203e-15,3.6495031038249572e-59,4.1767003647959013e-41,7.021504057262717e-51,1.2408516641492193e-07,2.9807786492616446e-221,1.636585947808558e-232,3.816951639000631e-12,2.1843319497920766e-21,3.5597272356627826e-18,3.0408351564184958e-223
9.021327276273305e-16,8.264186215224803e-60,1.6843830505606244e-41,2.3133866792014226e-51,9.872610133565523e-08,2.7189685337398664e-223,1.194612875142501e-234,2.3625916065990652e-12,1.0910688886128314e-21,2.247447226661759e-18,2.885496842532296e-225
4.91482851065478e-16,1.8468520018242422e-60,6.739445684906438e-42,7.548256875376516e-52,7.840590429307207e-08,2.3774545981783134e-225,8.343231061031389e-237,1.4565896004254876e-12,5.417156209488813e-22,1.4133478702571377e-18,2.626266254268983e-227
2.6632230838184575e-16,4.072657911140921e-61,2.675176224923237e-42,2.438862999670053e-52,6.215312631646494e-08,1.9919928440614064e-227,5.572965451270093e-239,8.944316612106673e-13,2.6733315791681647e-22,8.852784967403153e-19,2.291836469919641e-229
1.4353135887136343e-16,8.861053016254765e-62,1.0534025620464336e-42,7.802468420613302e-53,4.917759915248975e-08,1.5986861070059733e-229,3.5588377410349825e-241,5.470200695838167e-13,1.3112122558166018e-22,5.522890058183415e-19,1.9168584339857597e-231
7.693159802140946e-17,1.9019607757047431e-62,4.114515200438471e-43,2.4713926793654962e-53,3.883778373557619e-08,1.2284836773280687e-231,2.1718158321615728e-243,3.3318856146600403e-13,6.39157780356875e-23,3.4315689603159285e-19,1.5360003705369773e-233
4.100717579291882e-17,4.0269234432971397e-63,1.594019336949101e-43,7.749568201026044e-54,3.0613776055992306e-08,9.035156739025522e-234,1.2660545801263237e-245,2.0211199278994666e-13,3.0962360366025583e-23,2.123454627138698e-19,1.1787434325342305e-235
2.173653742128063e-17,8.409052848967509e-64,6.124732339480581e-44,2.405469216432437e-54,2.4085031305371815e-08,6.357551797427692e-236,7.047199689074431e-248,1.2209378973037216e-13,1.490481944942877e-23,1.3085824465271572e-19,8.659727695025757e-238
1.1457089741348446e-17,1.7316833954178843e-64,2.333817910928022e-44,7.390415118168413e-55,1.891201578085582e-08,4.278172450793105e-238,3.743983710400972e-250,7.344778862363577e-14,7.129541699150374e-24,8.030652388198985e-20,6.088004094024971e-240
6.004675862664687e-18,3.516275751452041e-65,8.81861877765026e-45,2.2472139161310963e-55,1.4821122359987348e-08,2.7521082086923517e-240,1.8976733693015037e-252,4.399786106042692e-14,3.388551421978288e-24,4.9076754403624245e-20,4.094101498281185e-242
3.1290591948544296e-18,7.039392922085629e-66,3.3041141332631624e-45,6.762168819466645e-56,1.1592292553562738e-08,1.6917440376784453e-242,9.172641646887774e-255,2.624435949339144e-14,1.600144622640474e-24,2.98647990828843e-20,2.6325759103963452e-244
1.6211544711725095e-18,1.389215639945197e-66,1.2274313542607633e-45,2.0135049669571954e-56,9.048878927613443e-09,9.933155263027871e-245,4.226360478432165e-257,1.558747277385024e-14,7.50709604829891e-25,1.8096119592247063e-20,1.6179530451118015e-246
8.350234578976798e-19,2.7022785877231173e-67,4.520574335106908e-46,5.932028482803435e-57,7.04935842284753e-09,5.5685623905022425e-247,1.855452561272054e-259,9.217950011563693e-15,3.4988631288300284e-25,1.0917836941767898e-20,9.500274067797147e-249
4.2757633091426056e-19,5.180359398816224e-68,1.6504807898596371e-46,1.7290037127588614e-57,5.480571837443096e-09,2.97934296560716e-249,7.758089800546025e-262,5.427443962834095e-15,1.6199388363893305e-25,6.5583723913267034e-21,5.327365067258344e-251
2.176437378975922e-19,9.785922681620533e-69,5.973291532463736e-47,4.985271022939711e-58,4.252219246234598e-09,1.5206737764136696e-251,3.088091355144863e-264,3.1815738311305917e-15,7.450084002468701e-26,3.922353651003653e-21,2.851767825604789e-253
1.1012168899672685e-19,1.8213695580764974e-69,2.1427373601030562e-47,1.4218027992050618e-58,3.2923869318057123e-09,7.401243723851943e-254,1.1696689378178642e-266,1.8567672668549186e-15,3.403208715468707e-26,2.3354542278133992e-21,1.456662365623687e-255
5.538219149293516e-20,3.3395698828085526e-70,7.618008780758505e-48,4.010559010459604e-59,2.5439198139494018e-09,3.433521081079833e-256,4.213845974166652e-269,1.0787597718245407e-15,1.544025975797324e-26,1.3843709617717175e-21,7.096801618139312e-258
2.768306677278218e-20,6.031431564238756e-71,2.684085109444236e-48,1.1187736674115946e-59,1.961485511177724e-09,1.5175837810991675e-258,1.4432479283995406e-271,6.239167799714826e-16,6.957171759066176e-27,8.169068304402939e-22,3.2963992168835795e-260
1.3752480692206447e-20,1.0728237666335356e-71,9.371261513472244e-49,3.0860842234248397e-60,1.5092030180923062e-09,6.387831609891492e-261,4.69733787746101e-274,3.5920794398383617e-16,3.1131225544731557e-27,4.798591230951621e-22,1.459160207157698e-262
6.789635210382288e-21,1.8791205884381546e-72,3.2419860965956296e-49,8.417004656257293e-61,1.1587313621865252e-09,2.5594710728083277e-263,1.4521500125585772e-276,2.058567344717818e-16,1.3833054984200163e-27,2.805810033606971e-22,6.152663555480451e-265
3.331086786425435e-21,3.240699995133406e-73,1.1112188185674576e-49,2.2695892139224472e-61,8.877322186292002e-10,9.757743549633135e-266,4.262049594948054e-279,1.1742659971987262e-16,6.103390555182903e-28,1.6330067736254862e-22,2.470185927750127e-267
1.6239583902856667e-21,5.501992605400202e-74,3.7733499477572406e-50,6.049675663369781e-62,6.786359126779828e-10,3.5379823028341846e-268,1.1870515845817634e-281,6.66702943394336e-17,2.6737938927072155e-28,9.459859685235188e-23,9.438651616311647e-270
7.866624172583131e-22,9.19468182469312e-75,1.2692787779468206e-50,1.5939214132845892e-62,5.17653037236329e-10,1.21947219349342e-270,3.1358821012753274e-284,3.767426623168878e-17,1.1629490477877376e-28,5.454186660387844e-23,3.4309147108599424e-272
3.786180808424262e-22,1.5122615655156765e-75,4.2291436854947667e-51,4.1505545854999925e-63,3.939844907058129e-10,3.993919088579057e-273,7.853840361437088e-287,2.1187790796964762e-17,5.021592651509922e-29,3.1297189088886936e-23,1.185860501918486e-274
1.8104577765796163e-22,2.4475301270129987e-76,1.3956485402886854e-51,1.0680800053667729e-63,2.991914640572502e-10,1.2423302627341165e-275,1.8639230375523523e-289,1.185869042770954e-17,2.1524946980702256e-29,1.7872774625738303e-23,3.8956802091463634e-277
8.6005056812864e-23,3.897417680162334e-77,4.56131718549952e-52,2.7158981225041698e-64,2.266940852404902e-10,3.668451832986164e-278,4.189739005975808e-292,6.605102234768077e-18,9.158704549837526e-30,1.0157130604690771e-23,1.2157926702061146e-279
4.0586566266462565e-23,6.105340754510109e-78,1.4762404560862828e-52,6.823204439132205e-65,1.713733241995401e-10,1.0278558541328331e-280,8.915520987972445e-295,3.660964533914309e-18,3.8680192918586205e-30,5.744119164719117e-24,3.602972801488369e-282
1.9025555202289696e-23,9.407248597897894e-79,4.730839900159255e-53,1.6934846879827218e-65,1.2925559181433788e-10,2.7313608302082165e-283,1.7951182220573076e-297,2.0191375550189452e-18,1.6213502850295096e-30,3.232436133855927e-24,1.0134086033247417e-284
8.858553392467691e-24,1.4255098144177696e-79,1.501049686837973e-53,4.1518770178021105e-66,9.726341465534507e-11,6.880426846056645e-286,3.4182976849909014e-300,1.108081674147725e-18,6.744806051151231e-31,1.80996909815017e-24,2.704116497835596e-287
4.096681595132066e-24,2.124062129410782e-80,4.715074466542087e-54,1.0053792287043486e-66,7.301878811650663e-11,1.64221955101568e-288,6.152891046159135e-303,6.050538418484907e-19,2.784434223962788e-31,1.0083875500648985e-24,6.841898630521393e-290
1.881563187166005e-24,3.1116273269382827e-81,1.4661532377400215e-54,2.404302051166662e-67,5.4688431496871974e-11,3.712058223895422e-291,1.0463601387434736e-305,3.2871035852182127e-19,1.140642550296227e-31,5.589579441731145e-25,1.640701796756192e-292
8.582140364328016e-25,4.4808936997354767e-82,4.512609830919461e-55,5.6777055792822836e-68,4.086229669706958e-11,7.942410773936489e-294,1.68032746271802e-308,1.776684988861009e-19,4.636360934963347e-32,3.082522040054066e-25,3.72712471223433e-295
3.887186704503392e-25,6.342071773836057e-83,1.3746551248701259e-55,1.3238293988851832e-68,3.0458406083157205e-11,1.6077860681346115e-296,2.54679294745e-311,9.553566617121102e-20,1.8697763270431678e-32,1.691174900027293e-25,8.016725659277777e-298
1.748278819317824e-25,8.821028937109328e-84,4.144163182335961e-56,3.047309949550436e-69,2.2648488262300132e-11,3.077690388492316e-299,3.6412839257e-314,5.1104472301311897e-20,7.480941136309484e-33,9.230087736495709e-26,1.6318664052031225e-300
7.807172553654153e-26,1.2054812107853539e-84,1.236278370190933e-56,6.924308125994924e-70,1.6800003797134112e-11,5.568301979645716e-302,4.908502e-317,2.719384258322009e-20,2.9692455607118276e-33,5.011152466225887e-26,3.142102788641955e-303
3.4614389435883337e-26,1.6183991894396893e-85,3.6491428436105834e-57,1.5529609191894796e-70,1.2431056396493924e-11,9.517004324747642e-305,6.2366e-320,1.4393963617719705e-20,1.1690367121348955e-33,2.706220704793701e-26,5.719869932985659e-306
1.5236007005031086e-26,2.1341510026425362e-86,1.0656610556574054e-57,3.4373031264792444e-71,9.17541011478733e-12,1.5357970853925914e-307,7e-323,7.578234546770413e-21,4.565316767579176e-34,1.453656372202803e-26,9.83924332316337e-309
6.657463035461096e-27,2.7638124656512133e-87,3.078641055253004e-58,7.507522134725582e-72,6.755413433999884e-12,2.3388260883572e-310,0.0,3.968377628663545e-21,1.768246105852229e-34,7.766264891747913e-27,1.598544930584e-311
2.8876246445081984e-27,3.5145112954357335e-88,8.79768612066257e-59,1.6178741695523423e-72,4.961094518087144e-12,3.359424887e-313,0.0,2.066781446426203e-21,6.792216783436465e-35,4.126608820940985e-27,2.4516101234e-314
1.2431916821985138e-27,4.38755558315249e-89,2.4865926606137464e-59,3.439612920284812e-73,3.634061065420222e-12,4.5488967e-316,0.0,1.070512750967173e-21,2.5872900661088974e-35,2.180638290300647e-27,3.5474407e-317
5.312165226430814e-28,5.376620174237422e-90,6.950636165316106e-60,7.213366785389855e-74,2.6551314906549616e-12,5.80453e-319,0.0,5.514216247433498e-22,9.772617168476744e-36,1.1459391821592344e-27,4.8404e-320
2.2527430300027677e-28,6.466245516555338e-91,1.9212538296787124e-60,1.4920263645521816e-74,1.9348566356745935e-12,0.0,0.0,2.824549184432406e-22,3.659956877586936e-36,5.988323979531165e-28,6.4e-323
9.480441172105413e-29,7.63093123390319e-92,5.250992336253525e-61,3.0434835302406226e-75,1.4062749925338388e-12,0.0,0.0,1.4386873937186994e-22,1.3589616670614389e-36,3.111664565353067e-28,0.0
3.9590610295860456e-29,8.83509351023464e-93,1.4188949404922854e-61,6.1216267032695e-76,1.0193893443812628e-12,0.0,0.0,7.286417299516817e-23,5.00231619169554e-37,1.6076881491454272e-28,0.0
1.640485033287764e-29,1.0034092370020051e-93,3.7902397615825017e-62,1.2139732478714799e-76,7.369667154289896e-13,0.0,0.0,3.669189224690178e-23,1.8252989554579608e-37,8.258667470951404e-29,0.0
6.74432007640962e-30,1.117642139761839e-94,1.0007962766300426e-62,2.3732431596342547e-77,5.313529396005144e-13,0.0,0.0,1.837014618889673e-23,6.601790473333369e-38,4.217884306993414e-29,0.0
2.7508000240099243e-30,1.2206998262604432e-95,2.611811280358853e-63,4.573094400504162e-78,3.820631201153724e-13,0.0,0.0,9.14364417208683e-24,2.3665732954361184e-38,2.1415737575966928e-29,0.0
1.1130217564760105e-30,1.3071320421744182e-96,6.736109990838268e-64,8.684730684165544e-79,2.739638472955457e-13,0.0,0.0,4.524470818205875e-24,8.407637722233632e-39,1.0809411979410844e-29,0.0
4.467253898650709e-31,1.3720085838588139e-97,1.7167282212119452e-64,1.6252633681779618e-79,1.9590553104262159e-13,0.0,0.0,2.2255399903582452e-24,2.959980371200271e-39,5.423486006181428e-30,0.0
1.7784360157099497e-31,1.4113756159212132e-98,4.322870650241431e-65,2.996779351468998e-80,1.3969618294004204e-13,0.0,0.0,1.0881764260947939e-24,1.0325929846905207e-39,2.704823628638872e-30,0.0
7.022058914302816e-32,1.4226488611187717e-99,1.0754101924584705e-65,5.443664161229972e-81,9.933350999861586e-14,0.0,0.0,5.288548382755817e-25,3.569105423980085e-40,1.3407866976209033e-30,0.0
2.7497107379569146e-32,1.4048901279735604e-100,2.642772261341731e-66,9.7403552844136e-82,7.043188709876106e-14,0.0,0.0,2.554604420172443e-25,1.2222034269194616e-40,6.605669981579744e-31,0.0
1.0677590882510296e-32,1.3589266310167312e-101,6.414769509218837e-67,1.7165088305054777e-82,4.979594391495022e-14,0.0,0.0,1.2264148130462918e-25,4.146152347716847e-41,3.2343454392358307e-31,0.0
4.111406183375134e-33,1.2872930311376292e-102,1.537764056337206e-67,2.978827626850499e-83,3.5104146215528646e-14,0.0,0.0,5.851321990806497e-26,1.3932467830289988e-41,1.573779826291107e-31,0.0
1.5696584118349516e-33,1.194000758955307e-103,3.6402973392432373e-68,5.08993890958583e-84,2.4674664701410108e-14,0.0,0.0,2.774275634896908e-26,4.637190550563759e-42,7.609656634581125e-32,0.0
5.9413357569517605e-34,1.0841636421298468e-104,8.508896559202929e-69,8.56222955142049e-85,1.7292628023042338e-14,0.0,0.0,1.3070738376451153e-26,1.5285817444079767e-42,3.6561576530162447e-32,0.0
2.229427905333801e-34,9.635286969311543e-106,1.963582475489058e-69,1.417773810620645e-85,1.2083034786056663e-14,0.0,0.0,6.1190109053034234e-27,4.989897501551088e-43,1.7454144281766013e-32,0.0
8.292759544019297e-35,8.37972603787241e-107,4.473159702929897e-70,2.3105264764664713e-86,8.41752908393808e-15,0.0,0.0,2.846219515252703e-27,1.6129684344869824e-43,8.278674459916874e-33,0.0
3.057501074598336e-35,7.130259722600579e-108,1.00581566542238e-70,3.7054114460721637e-87,5.846217663517434e-15,0.0,0.0,1.3153364783344564e-27,5.162417386095805e-44,3.9010922411626154e-33,0.0
1.117278292722937e-35,5.934791751088824e-109,2.2320814956912333e-71,5.846829450054509e-88,4.047950250734897e-15,0.0,0.0,6.038953287123366e-28,1.6358170621312572e-44,1.8262034051709666e-33,0.0
4.046208694969005e-36,4.831074029802638e-110,4.888074568323574e-72,9.0761016242108e-89,2.7941720894318665e-15,0.0,0.0,2.754340385217373e-28,5.131351285218982e-45,8.4922682637475e-34,0.0
1.4520849819522001e-36,3.845321526672082e-111,1.0562086492577032e-72,1.3858271845441136e-89,1.9227233105493178e-15,0.0,0.0,1.247898486981518e-28,1.5933266641612727e-45,3.922688004756956e-34,0.0
5.163652024541451e-37,2.9921563307070632e-112,2.251610506701337e-73,2.0810613816705145e-90,1.3189059890545842e-15,0.0,0.0,5.615920621967771e-29,4.896821580060958e-46,1.7997118613402164e-34,0.0
1.8193116516572884e-37,2.2756719435434892e-113,4.7349513108854136e-74,3.0729924429512404e-91,9.018450709749382e-16,0.0,0.0,2.5102491724260052e-29,1.4894299171700115e-46,8.200772114384677e-35,0.0
6.350473797071466e-38,1.6912938883547607e-114,9.821165927620892e-75,4.46141880542296e-92,6.146934798745761e-16,0.0,0.0,1.1143991093862007e-29,4.483134800887831e-47,3.711181766902139e-35,0.0
2.1959245653363333e-38,1.2280669337072913e-115,2.0090093248024326e-75,6.3672647688512045e-93,4.176199793845778e-16,0.0,0.0,4.913221905605415e-30,1.3352380065376825e-47,1.6678168094977162e-35,0.0
7.521492086744844e-39,8.710181339986896e-117,4.0524515939947825e-76,8.931700558593168e-94,2.828050897452043e-16,0.0,0.0,2.1511322564496954e-30,3.934681658090124e-48,7.442790301762763e-36,0.0
2.551693972688288e-39,6.03312601757126e-118,8.059643154702292e-77,1.231257921763753e-94,1.908814192566374e-16,0.0,0.0,9.352250420693908e-31,1.1470782242826855e-48,3.297972005132786e-36,0.0
8.573408881290392e-40,4.080136056138081e-119,1.5802307349301066e-77,1.6677434961194652e-95,1.284096440153056e-16,0.0,0.0,4.037256602871697e-31,3.3080122362403925e-49,1.4509554315027666e-36,0.0
2.8525999734324597e-40,2.6935814290469746e-120,3.0540491854566694e-78,2.219248261190851e-96,8.609464439694242e-17,0.0,0.0,1.7304158254058935e-31,9.436035298766377e-50,6.337661443126327e-37,0.0
9.39836443260356e-41,1.7354579959998394e-121,5.817360737075685e-79,2.900743933336344e-97,5.752888768405921e-17,0.0,0.0,7.363443226426037e-32,2.662059405269641e-50,2.748169587413802e-37,0.0
3.0658372327040844e-41,1.0910159519863208e-122,1.0919770572769054e-79,3.7236563805677825e-98,3.831015266559369e-17,0.0,0.0,3.1106413444329615e-32,7.426918175511558e-51,1.1829570396104858e-37,0.0
9.901301796815087e-42,6.690902315069549e-124,2.0196735256279777e-80,4.693703991068804e-99,2.5424150617502065e-17,0.0,0.0,1.3044559365144904e-32,2.048890893044127e-51,5.054480532903428e-38,0.0
3.165501522667514e-42,4.0020047561685855e-125,3.680196802831862e-81,5.808663887119071e-100,1.6813966034249436e-17,0.0,0.0,5.429890281228543e-33,5.588619164214467e-52,2.1435671616658504e-38,0.0
1.0017516286315015e-42,2.3340582030506125e-126,6.605788662125016e-82,7.056334440125857e-101,1.1080806686337478e-17,0.0,0.0,2.2433978431379527e-33,1.5070285813605273e-52,9.022384094579347e-39,0.0
3.137652245628642e-43,1.3270518548340798e-127,1.1678393045014982e-82,8.413015376569298e-102,7.27673105386223e-18,0.0,0.0,9.199120854569882e-34,4.017215706988649e-53,3.768769264535746e-39,0.0
9.726046354972388e-44,7.353706643006495e-129,2.0332312139371214e-83,9.84284003140046e-103,4.761580285579415e-18,0.0,0.0,3.7435363431189958e-34,1.058450379158711e-53,1.562218990996442e-39,0.0
2.983416102522102e-44,3.9706907644011975e-130,3.4855849118786048e-84,1.1298253799541203e-103,3.104571919600351e-18,0.0,0.0,1.511764504804721e-34,2.7562089135291784e-54,6.425667312452212e-40,0.0
9.055159669905821e-45,2.0886488830268e-131,5.882869180048373e-85,1.2721831796219521e-104,2.0168519624779057e-18,0.0,0.0,6.057912421366277e-35,7.092579692312103e-55,2.62239483480921e-40,0.0
2.7192030226131745e-45,1.0700442757328237e-132,9.77386193273354e-86,1.4049471521856378e-105,1.3054304304949903e-18,0.0,0.0,2.4086223996918255e-35,1.8034352137025552e-55,1.0618195881588814e-40,0.0
8.078085927723942e-46,5.337911851300385e-134,1.5982510600026818e-86,1.5214800259684801e-106,8.418339890996373e-19,0.0,0.0,9.501478608199828e-36,4.530586721571867e-56,4.2652569662990314e-41,0.0
2.373855669215532e-46,2.5922080346698856e-135,2.571954876590966e-87,1.6154431311488197e-107,5.40851035809496e-19,0.0,0.0,3.718433345329206e-36,1.1243948864630128e-56,1.6996136633111382e-41,0.0
6.899799522025566e-47,1.2251566807296839e-136,4.072474921911472e-88,1.681352503097529e-108,3.4617260809145007e-19,0.0,0.0,1.4435919573705787e-36,2.7564257175801994e-57,6.717910553235221e-42,0.0
1.9834071808361282e-47,5.634174646328446e-138,6.34405358302391e-89,1.7150997659175832e-109,2.207276638922928e-19,0.0,0.0,5.559216558377508e-37,6.674040213778454e-58,2.6336943465691217e-42,0.0
5.63815582795286e-48,2.5204522507647662e-139,9.721307120815695e-90,1.7143703086944944e-110,1.402022360533407e-19,0.0,0.0,2.123421333886952e-37,1.5958721071757555e-58,1.0240273355206226e-42,0.0
1.5847771379314752e-48,1.0965483207028942e-140,1.4651002833207647e-90,1.6789003993855553e-111,8.87099141842592e-20,0.0,0.0,8.044159724312832e-38,3.768124960253046e-59,3.9485744836161855e-43,0.0
4.404138796805396e-49,4.638407055437196e-142,2.1713498078825002e-91,1.6105342580622558e-112,5.591048081168479e-20,0.0,0.0,3.0221451184650734e-38,8.78458449682253e-60,1.5097985893877915e-43,0.0
1.2099594691097921e-49,1.9071787239484395e-143,3.164071500383642e-92,1.5130689083035967e-113,3.5099651952891743e-20,0.0,0.0,1.1259211403572487e-38,2.021790686853347e-60,5.724197179043316e-44,0.0
3.2858869528095573e-50,7.620510150933775e-145,4.532632829053474e-93,1.39190433069273e-114,2.1947519099661647e-20,0.0,0.0,4.159357814069165e-39,4.59324989100482e-61,2.1517595549873844e-44,0.0
8.81984433898712e-51,2.958247310431085e-146,6.382277060455493e-94,1.2535437592017392e-115,1.3668645866725862e-20,0.0,0.0,1.5234828557496286e-39,1.0299645871359872e-61,8.019049126449595e-45,0.0
2.339644408904175e-51,1.1153966515899842e-147,8.83189974280566e-95,1.1050089501424014e-116,8.478269653966252e-21,0.0,0.0,5.5323401532294155e-40,2.2792492284997565e-62,2.962566294899718e-45,0.0
6.1330024307005275e-52,4.08370386692062e-149,1.2009304661461824e-95,9.532444227591987e-118,5.237387905332643e-21,0.0,0.0,1.991622074683295e-40,4.977108982778664e-63,1.0849135531232335e-45,0.0
1.5884884283208362e-52,1.4514222629406467e-150,1.6043463315348024e-96,8.04581734725681e-119,3.222047954165066e-21,0.0,0.0,7.107194167053313e-41,1.0723247656165669e-63,3.9379438540597716e-46,0.0
4.0647653793860567e-53,5.006468605300664e-152,2.1053561569659998e-97,6.64320961958712e-120,1.9739803176762065e-21,0.0,0.0,2.513904407950201e-41,2.279223668100605e-64,1.416629873309284e-46,0.0
1.027495347239338e-53,1.6755210284639032e-153,2.7135025773839366e-98,5.364649268526502e-121,1.2042894057287607e-21,0.0,0.0,8.813014828920187e-42,4.778659423046242e-65,5.050339922795529e-47,0.0
2.5654834266705048e-54,5.439141609611944e-155,3.43432596194575e-99,4.236168445114488e-122,7.316100551051705e-22,0.0,0.0,3.061899484629492e-42,9.88167025406819e-66,1.7841308084118768e-47,0.0
6.326377634791957e-55,1.7121953110590937e-156,4.267643729509382e-100,3.270286111725603e-123,4.425604412338083e-22,0.0,0.0,1.0541763302132031e-42,2.0151432360811054e-66,6.245092173858293e-48,0.0
1.5405957801308342e-55,5.225140469025408e-158,5.2059295176878116e-101,2.4676880592306404e-124,2.665587029859871e-22,0.0,0.0,3.5963039946899934e-43,4.0520838515013157e-67,2.165813097666287e-48,0.0
3.7044240059248465e-56,1.5454058438997638e-159,6.233032051640099e-102,1.8196894906121622e-125,1.5985402027972107e-22,0.0,0.0,1.2155838453774005e-43,8.033282302423843e-68,7.441091092029994e-49,0.0
8.794301001950994e-57,4.428576241179034e-161,7.323491718234166e-103,1.3110418663657403e-126,9.544377323352975e-23,0.0,0.0,4.0706437968934193e-44,1.5699810314788027e-68,2.5324974598949878e-49,0.0
2.06101151718374e-57,1.2292456164665005e-162,8.442691810623997e-104,9.226925063429739e-128,5.673456673492692e-23,0.0,0.0,1.3503765392981695e-44,3.024312898249423e-69,8.537310268175941e-50,0.0
4.767682431684521e-58,3.3040075239090554e-164,9.548014403473574e-105,6.342006394685969e-129,3.357427160853817e-23,0.0,0.0,4.437352093560508e-45,5.7416093878101304e-70,2.850462441760077e-50,0.0
1.0885062435662888e-58,8.59696032558288e-166,1.059105907032038e-105,4.256306222721293e-130,1.977910439250631e-23,0.0,0.0,1.4442201928867128e-45,1.0741336616850676e-70,9.425274680071346e-51,0.0
2.452447191474924e-59,2.164825674062796e-167,1.1520837177198885e-106,2.788572793215733e-131,1.1599255252740614e-23,0.0,0.0,4.655286511724512e-46,1.979900731297644e-71,3.0861641709929834e-51,0.0
5.452071042821281e-60,5.274077105307789e-169,1.2287695874427384e-107,1.783116055626939e-132,6.771099282719229e-24,0.0,0.0,1.4860229822254974e-46,3.5952660739154957e-72,1.0005801625189255e-51,0.0
1.1958148584701169e-60,1.2427558605392964e-170,1.284758164473563e-108,1.1125779849522831e-133,3.934375646630628e-24,0.0,0.0,4.697134968600041e-47,6.430767261267621e-73,3.2118392074287e-52,0.0
2.5873429801407656e-61,2.831457550109964e-172,1.3166152737054925e-109,6.772334515639065e-135,2.2754214032126165e-24,0.0,0.0,1.4700459465938232e-47,1.1328691723473294e-73,1.0206705516308252e-52,0.0
5.52176882970888e-62,6.235726898420652e-174,1.3222217913039345e-110,4.020743990074836e-136,1.3097815652455857e-24,0.0,0.0,4.554919916232944e-48,1.965271162450116e-74,3.2107592412983243e-53,0.0
1.1622047810765693e-62,1.3270388168973904e-175,1.3010029717757652e-111,2.3277516167379625e-137,7.503578082684032e-25,0.0,0.0,1.3971525104712616e-48,3.3568425214317113e-75,9.997246311964463e-54,0.0
2.4121976190966412e-63,2.728130759825141e-177,1.2540092619808782e-112,1.3138030904044269e-138,4.27810804068247e-25,0.0,0.0,4.242101300379931e-49,5.644749632429713e-76,3.080798578036525e-54,0.0
4.936441331459546e-64,5.4162168659861444e-179,1.1838341782414776e-113,7.227493108191546e-140,2.427336811321846e-25,0.0,0.0,1.2748320398524463e-49,9.343348540729974e-77,9.395413161086892e-55,0.0
9.959339248471097e-65,1.038100212141963e-180,1.0943774754810506e-114,3.874434256397816e-141,1.3705164741222691e-25,0.0,0.0,3.79157655966989e-50,1.5220991173399669e-77,2.8352878819129177e-55,0.0
1.9806448286331433e-65,1.9202453077818715e-182,9.904835998950888e-116,2.0234414259523392e-142,7.700079388543398e-26,0.0,0.0,1.1159415971713204e-50,2.4400776596032566e-78,8.46575718008042e-56,0.0
3.8822704833799865e-66,3.426959097856072e-184,8.775023550510731e-117,1.0292771259695073e-143,4.304706007757877e-26,0.0,0.0,3.249955169272076e-51,3.84876987383525e-79,2.5008066344118233e-56,0.0
7.499134595429649e-67,5.898685235670034e-186,7.608278254116364e-118,5.0983545666694405e-145,2.3944710615520466e-26,0.0,0.0,9.364544696619607e-52,5.972202235055422e-80,7.307990808231304e-57,0.0
1.4273327478900297e-67,9.789345600729443e-188,6.454714818320653e-119,2.458552754613184e-146,1.3251766249227644e-26,0.0,0.0,2.6694888655659197e-52,9.115435976918041e-81,2.112403999723691e-57,0.0
2.6765173690684353e-68,1.5658890951696016e-189,5.357164983116709e-120,1.153919787981843e-147,7.2965256726367e-27,0.0,0.0,7.527661766368608e-53,1.3683156641764676e-81,6.03912793043168e-58,0.0
4.944099053788664e-69,2.4134188757956106e-191,4.34884791272106e-121,5.270018782853918e-149,3.996838076419259e-27,0.0,0.0,2.0996196486907585e-53,2.0197425761855104e-82,1.7074441276081566e-58,0.0
8.995338264061673e-70,3.58280306912434e-193,3.4522943856170363e-122,2.3414347460341849e-150,2.177984674685033e-27,0.0,0.0,5.791983831367879e-54,2.9311697993258364e-83,4.773645544884808e-59,0.0
1.6117642513013505e-70,5.121350965471839e-195,2.6794657543767775e-123,1.0117593835146891e-151,1.1806208896639863e-27,0.0,0.0,1.580074216788856e-54,4.181719938605981e-84,1.3195966645013142e-59,0.0
2.8436695505665285e-71,7.046428036313559e-197,2.0328576926405474e-124,4.250976121067649e-153,6.36594456602371e-28,0.0,0.0,4.262338452356288e-55,5.863691261717182e-85,3.6064108697928856e-60,0.0
4.939576182315019e-72,9.3288165440951e-199,1.5072833938971957e-125,1.7362261894063547e-154,3.414217373576989e-28,0.0,0.0,1.1368290324164514e-55,8.080198063661225e-86,9.743328146303036e-61,0.0
8.446407175291258e-73,1.1879712993045023e-200,1.0919984142780474e-126,6.891585196275468e-156,1.8212702859832021e-28,0.0,0.0,2.997610802456058e-56,1.0940562228527896e-86,2.601910540881993e-61,0.0
1.4215572859751397e-73,1.4546370889507904e-202,7.728539484572587e-128,2.6577560644615732e-157,9.662541176342951e-29,0.0,0.0,7.813468942581937e-57,1.4553094468221216e-87,6.867278507044705e-62,0.0
2.3545311820985774e-74,1.71205907368469e-204,5.3423155108427685e-129,9.955916102832698e-159,5.098244336824103e-29,0.0,0.0,2.0130584423962055e-57,1.9015154577398147e-88,1.7911756722150958e-62,0.0
3.837332174660431e-75,1.9361673530140303e-206,3.6060009879741825e-130,3.6216243315214304e-160,2.67510407725059e-29,0.0,0.0,5.125870309938215e-58,2.4400755930348605e-89,4.616432175436774e-63,0.0
6.152842276802988e-76,2.1031505952533837e-208,2.376254991278512e-131,1.278988202876731e-161,1.3958208894883653e-29,0.0,0.0,1.2898287850529737e-58,3.074645745881851e-90,1.175554065747917e-63,0.0
9.704643933729944e-77,2.1935272647609777e-210,1.5283998285695245e-132,4.38383817167584e-163,7.242119755020503e-30,0.0,0.0,3.2070358105198157e-59,3.803681184648402e-91,2.9573268002105766e-64,0.0
1.505484480999548e-77,2.1958431560132344e-212,9.593181248209859e-134,1.457975220624033e-164,3.736169196763393e-30,0.0,0.0,7.87837242733777e-60,4.619112576301224e-92,7.349010303154784e-65,0.0
2.2966808491994977e-78,2.109036972209776e-214,5.874544339544719e-135,4.703652015947203e-166,1.916416144011525e-30,0.0,0.0,1.9119802403192506e-60,5.5053628369449165e-93,1.8037778580775256e-65,0.0
3.444981934872055e-79,1.94280492552794e-216,3.508931239798697e-136,1.4716018618910169e-167,9.773114385516539e-31,0.0,0.0,4.583500767338656e-61,6.438922538036896e-94,4.3723337101220256e-66,0.0
5.080059897055458e-80,1.7158225996367276e-218,2.0439349048296882e-137,4.4637019406709127e-169,4.954881118299773e-31,0.0,0.0,1.0852520855056437e-61,7.38867458727783e-95,1.0465754965470987e-66,0.0
7.363416252828948e-81,1.4522732372703214e-220,1.1607863856024362e-138,1.3122853609887816e-170,2.4972821123755653e-31,0.0,0.0,2.5376710714674e-62,8.317092487235775e-96,2.473462602876202e-67,0.0
1.0489407331279195e-81,1.1775792081850673e-222,6.425859375824622e-140,3.738238835361665e-172,1.2511601124824427e-31,0.0,0.0,5.859532161600529e-63,9.18233362456034e-97,5.77122127142213e-68,0.0
1.4683022470221876e-82,9.143855219738842e-225,3.4665982945167326e-141,1.0315440718061437e-173,6.230826923000938e-32,0.0,0.0,1.335871139347517e-63,9.941121164657913e-98,1.3292519576067218e-68,0.0
2.0193151713868136e-83,6.79666743896e-227,1.8220824693741535e-142,2.7565489698710705e-175,3.084198939684985e-32,0.0,0.0,3.0067052862959054e-64,1.055217438411329e-98,3.021852459026979e-69,0.0
2.728019564907721e-84,4.8341339591182646e-229,9.328732785323122e-144,7.131401542046855e-177,1.5173268716701367e-32,0.0,0.0,6.6802395573432855e-65,1.0979831796110043e-99,6.779759183378127e-70,0.0
3.6197247643919347e-85,3.288700211807857e-231,4.651193107038714e-145,1.7856167738512404e-178,7.418770577536232e-33,0.0,0.0,1.464933324981286e-65,1.1197438702344328e-100,1.500992697982976e-70,0.0
4.7164762089274226e-86,2.1391352058456804e-233,2.2578195687408214e-146,4.32591116431597e-180,3.604761179440702e-33,0.0,0.0,3.1704261283615913e-66,1.1190060152731731e-101,3.2787926897149776e-71,0.0
6.033960650987054e-87,1.3297939385267819e-235,1.0668229502847603e-147,1.0137095458584831e-181,1.740557351726685e-33,0.0,0.0,6.77080383450788e-67,1.0956140715670887e-102,7.065903454750336e-72,0.0
7.578060651731699e-88,7.897413087891034e-238,4.905326114146833e-149,2.2970239994520825e-183,8.351082240724288e-34,0.0,0.0,1.4267045032892073e-67,1.0507859355982759e-103,1.5020577181285406e-72,0.0
9.341397611034484e-89,4.4787866452315196e-240,2.1943658964897175e-150,5.03155082250763e-185,3.981207742132837e-34,0.0,0.0,2.965834888491178e-68,9.87010254145535e-105,3.149321964692221e-73,0.0
1.1300315287377195e-89,2.4245430871821943e-242,9.54790459301635e-152,1.0650981145823608e-186,1.8857296308012857e-34,0.0,0.0,6.081721164554799e-69,9.078172002221941e-106,6.511857294754525e-74,0.0
1.3412825260984822e-90,1.2523070160077747e-244,4.039766183307217e-153,2.1781845568971375e-188,8.873830692147972e-35,0.0,0.0,1.2300411029668711e-69,8.174520897631629e-107,1.3276861396909192e-74,0.0
1.5618034889656587e-91,6.169057354718438e-247,1.6616662764872493e-154,4.302112005761443e-190,4.1484357819090956e-35,0.0,0.0,2.453425286558183e-70,7.204941468536967e-108,2.6689078060450816e-75,0.0
1.7837486810089806e-92,2.897129677285882e-249,6.642936383843083e-156,8.203783323288204e-192,1.926518951896921e-35,0.0,0.0,4.825387236966733e-71,6.214686023952594e-109,5.288879792529572e-76,0.0
1.997865067805876e-93,1.2964941429156645e-251,2.580437736657181e-157,1.5099212429706746e-193,8.886930992329097e-36,0.0,0.0,9.357140862785168e-72,5.244983158443121e-110,1.033069791429247e-76,0.0
2.1940535591992692e-94,5.526336794351263e-254,9.737129858715267e-159,2.681408767753941e-195,4.0718674246267756e-36,0.0,0.0,1.7887550635289004e-72,4.330320050938513e-111,1.9887254417770708e-77,0.0
2.3621069510076795e-95,2.242731384619877e-256,3.568281352272507e-160,4.5930384896680286e-197,1.8529862807119833e-36,0.0,0.0,3.370542849226407e-73,3.4967206517289793e-112,3.772611171281843e-78,0.0
2.492557181149305e-96,8.661588035825223e-259,1.2695885760615987e-161,7.586193571654917e-199,8.374535821716727e-37,0.0,0.0,6.2594208546605064e-74,2.761087704601375e-113,7.051372271170278e-79,0.0
2.5775388249220654e-97,3.182025278655865e-261,4.384568988653821e-163,1.2077907445777449e-200,3.7586529082282354e-37,0.0,0.0,1.1455058917665958e-74,2.131524258561133e-114,1.2984087409038759e-79,0.0
2.611562209099642e-98,1.1114739629256805e-263,1.4693794058400159e-164,1.8529311888468715e-202,1.675171845148411e-37,0.0,0.0,2.0655343408972223e-75,1.608432627729112e-115,2.355031339772961e-80,0.0
2.5920922422496017e-99,3.689661136967993e-266,4.777120815654425e-166,2.7383015697684845e-204,7.41335251434855e-38,0.0,0.0,3.669289344501658e-76,1.1861207177629151e-116,4.206977383101838e-81,0.0
2.51984927406104e-100,1.1634972305879528e-268,1.506276732277343e-167,3.8968250372288247e-206,3.257394165731182e-38,0.0,0.0,6.420782499702334e-77,8.54630588287174e-118,7.400688183547971e-82,0.0
2.398783744532405e-101,3.483648003767339e-271,4.6049989137976854e-169,5.33826486136551e-208,1.421013920024424e-38,0.0,0.0,1.1066031595432604e-77,6.015348404724328e-119,1.281864600116218e-82,0.0
2.235721483327681e-102,9.89896418855269e-274,1.3646440606107766e-170,7.037193634709711e-210,6.154183375872071e-39,0.0,0.0,1.8781694109635672e-78,4.1350848249511565e-120,2.185845450035575e-83,0.0
2.03972339076854e-103,2.6682499404574615e-276,3.9187911194562893e-172,8.923974075185998e-212,2.645806547310458e-39,0.0,0.0,3.138751694003724e-79,2.775600680802489e-121,3.6689566441473946e-84,0.0
1.821243345501502e-104,6.819261904667796e-279,1.0901954896016769e-173,1.0882392710696552e-213,1.1291002602618339e-39,0.0,0.0,5.164144547078273e-80,1.818801413833007e-122,6.06107366915087e-85,0.0
1.59119424351342e-105,1.6516320618571728e-281,2.9373232511349423e-175,1.2756874670898293e-215,4.7826064755628534e-40,0.0,0.0,8.36369917271159e-81,1.1632559534397995e-123,9.853212866859427e-86,0.0
1.3600396443962678e-106,3.789163865618588e-284,7.662467288724707e-177,1.4370209566831746e-217,2.0105977719967114e-40,0.0,0.0,1.3332015378408887e-81,7.259924530468482e-125,1.5760296615386264e-86,0.0
1.13701695710463e-107,8.23028332426915e-287,1.9347655649522058e-178,1.5549790788368464e-219,8.388505251702392e-41,0.0,0.0,2.091360253285755e-82,4.420384131967495e-126,2.4799644530289206e-87,0.0
9.295706383809653e-109,1.691658696906007e-289,4.727189821574874e-180,1.6157380017694718e-221,3.4730653601700437e-41,0.0,0.0,3.2280126805053632e-83,2.6252000042622052e-127,3.8384582846362955e-88,0.0
7.430366353088732e-110,3.2886720702014017e-292,1.117284329945913e-181,1.6115476426621465e-223,1.4268562162996493e-41,0.0,0.0,4.901760496154729e-84,1.5203437240463094e-128,5.8429701377653296e-89,0.0
5.805798096300743e-111,6.043932458170453e-295,2.5537605699849225e-183,1.542341769836191e-225,5.816422712847882e-42,0.0,0.0,7.321768352384832e-85,8.584199921636248e-130,8.746022015450777e-90,0.0
4.433515182205794e-112,1.049516353785494e-297,5.643143626275314e-185,1.4158633592354516e-227,2.3523912050959412e-42,0.0,0.0,1.0756300328464163e-85,4.724297798130504e-131,1.2871273475466777e-90,0.0
3.308102301843476e-113,1.7211026214232395e-300,1.2051856566516442e-186,1.246240447248009e-229,9.438653236037462e-43,0.0,0.0,1.5539187714202623e-86,2.5336928840496025e-132,1.86208678925724e-91,0.0
2.4113663624997595e-114,2.6640822548102306e-303,2.4868236984385974e-188,1.0513738391405218e-231,3.7568702560453555e-43,0.0,0.0,2.207227009923098e-87,1.323880838953992e-133,2.6477596815498794e-92,0.0
1.7167586875485262e-115,3.890318244070778e-306,4.956319480770792e-190,8.498081111128218e-234,1.4832916297862702e-43,0.0,0.0,3.0821462105952893e-88,6.737830517542774e-135,3.69989707152645e-93,0.0
1.1935057645318324e-116,5.356612349332155e-309,9.538073863088798e-192,6.578471704410981e-236,5.80870464539745e-44,0.0,0.0,4.230392615453867e-89,3.3393708483867604e-136,5.08001186326281e-94,0.0
8.10057012447938e-118,6.94999228725e-312,1.771788066109748e-193,4.875286222485299e-238,2.2560689645479813e-44,0.0,0.0,5.7064021806868585e-90,1.6113088629126132e-137,6.852274813757492e-95,0.0
5.366463625278552e-119,7.726621223e-315,3.175952024061412e-195,3.457603540242362e-240,8.68987270996267e-45,0.0,0.0,7.563639093414825e-91,7.567593062217961e-139,9.078834741240352e-96,0.0
3.469342863963997e-120,0.0,5.491706006874371e-197,2.345728243633724e-242,3.3191721027594887e-45,0.0,0.0,9.849581663872732e-92,3.4585645349302557e-140,1.181355053870371e-96,0.0
2.188248856721321e-121,0.0,9.157367880217435e-199,1.5217157049370923e-244,1.2570961380360353e-45,0.0,0.0,1.2599536594028522e-92,1.5377526719274783e-141,1.5094364592114044e-97,0.0
1.346293706815716e-122,0.0,1.4720469221331634e-200,9.435545095843993e-247,4.720590513439446e-46,0.0,0.0,1.5829666730548143e-93,6.650005138334516e-143,1.8934843140025797e-98,0.0
8.07753452892297e-124,0.0,2.2804289360039226e-202,5.589858924385672e-249,1.75743687657526e-46,0.0,0.0,1.952987082259762e-94,2.796364463865497e-144,2.3315720903302465e-99,0.0
4.7251449299019e-125,0.0,3.40337902810888e-204,3.1626870016699323e-251,6.486118189205355e-47,0.0,0.0,2.3657384366069286e-95,1.1431212797111254e-145,2.8177559051126076e-100,0.0
2.6943205087328045e-126,0.0,4.8916644351232336e-206,1.708254640343832e-253,2.372889643714776e-47,0.0,0.0,2.81321261857531e-96,4.541580686188017e-147,3.3415790399299784e-101,0.0
1.4972033916421776e-127,0.0,6.768741275634493e-208,8.804565282066969e-256,8.604453998700387e-48,0.0,0.0,3.283484267502363e-97,1.7531795627050173e-148,3.88794181181157e-102,0.0
8.106034943360165e-129,0.0,9.013949283865922e-210,4.328509529186331e-258,3.092341212975843e-48,0.0,0.0,3.7608958200575276e-98,6.574123327663038e-150,4.4374405993727444e-103,0.0
4.274940263250619e-130,0.0,1.154856223361819e-211,2.028890300940239e-260,1.1013737528041067e-48,0.0,0.0,4.226670778645e-99,2.394020159706304e-151,4.9672335254335906e-104,0.0
2.1955452887953633e-131,0.0,1.4229664340887058e-213,9.063196221280013e-263,3.887137013226667e-49,0.0,0.0,4.659962349045379e-100,8.464117194793329e-153,5.452423760531083e-105,0.0
1.0978460627550014e-132,0.0,1.6856300482013495e-215,3.8567193549110063e-265,1.3593680472323564e-49,0.0,0.0,5.039282555028992e-101,2.9045831006557572e-154,5.86787296103613e-106,0.0
5.343455337232108e-134,0.0,1.919005880902003e-217,1.5627087093696254e-267,4.709993355635138e-50,0.0,0.0,5.344192632258226e-102,9.672027847841859e-156,6.190279596034075e-107,0.0
2.5309213102473943e-135,0.0,2.0988477883486224e-219,6.02655534237017e-270,1.6167511578207718e-50,0.0,0.0,5.557080479068125e-103,3.124389219150925e-157,6.400294690110559e-108,0.0
1.1662828900160895e-136,0.0,2.2045448341663251e-221,2.2110442273714405e-272,5.497547712528775e-51,0.0,0.0,5.664816811526669e-104,9.78831159837306e-159,6.484414871585787e-109,0.0
5.2274523314008284e-138,0.0,2.2229598306174944e-223,7.713778509312526e-275,1.851657820143141e-51,0.0,0.0,5.6600774995622576e-105,2.973210341759261e-160,6.436399485599971e-110,0.0
2.2783912790893982e-139,0.0,2.1510914929710064e-225,2.5578841669733356e-277,6.177048116367026e-52,0.0,0.0,5.542149468535977e-106,8.75382224522903e-162,6.25800785180352e-111,0.0
9.65403216457181e-141,0.0,1.9968212614921737e-227,8.058223202609143e-280,2.0407605272954537e-52,0.0,0.0,5.3170991910501306e-107,2.49747993187903e-163,5.958939008496387e-112,0.0
3.975763433630453e-142,0.0,1.7774997020231383e-229,2.4106899388653253e-282,6.676607753697268e-53,0.0,0.0,4.997267233556005e-108,6.902641809432978e-165,5.555965975829467e-113,0.0
1.5909328392910634e-143,0.0,1.5167200764859364e-231,6.845169052477157e-285,2.162888025772566e-53,0.0,0.0,4.600145493561172e-109,1.847623402919011e-166,5.071370624247257e-114,0.0
6.184289619332754e-145,0.0,1.2401120336112613e-233,1.8440090305098132e-287,6.937257589454561e-54,0.0,0.0,4.14677925373242e-110,4.788185589534727e-168,4.530883001099897e-115,0.0
2.3346435344996064e-146,0.0,9.711996745267789e-236,4.7105474524910625e-290,2.2028154765032238e-54,0.0,0.0,3.659898726482249e-111,1.2010508204412609e-169,3.96139274897788e-116,0.0
8.557151462233234e-148,0.0,7.282479548664923e-238,1.140514368837372e-292,6.924134272033583e-55,0.0,0.0,3.162013583636894e-112,2.9151239345209666e-171,3.3887192278528424e-117,0.0
3.0443865399151167e-149,0.0,5.226400054193317e-240,2.6160187821165878e-295,2.154319435992704e-55,0.0,0.0,2.6736950670769554e-113,6.844300684947239e-173,2.8356994959715497e-118,0.0
1.0510304727256478e-150,0.0,3.588447579671093e-242,5.6817150835790506e-298,6.633944098250228e-56,0.0,0.0,2.2122271509398613e-114,1.5539877173835002e-174,2.3207870330617948e-119,0.0
3.5201219641412567e-152,0.0,2.356229227422972e-244,1.167891246394113e-300,2.0216691059925058e-56,0.0,0.0,1.790740786548156e-115,3.410997312220757e-176,1.857263758783453e-120,0.0
1.143425525894996e-153,0.0,1.4789730919038325e-246,2.2708771323484074e-303,6.096548083293028e-57,0.0,0.0,1.4178673370948384e-116,7.235992913854218e-178,1.4530717176892666e-121,0.0
3.601186614753721e-155,0.0,8.870703228047103e-249,4.1747947040819436e-306,1.8190822133330853e-57,0.0,0.0,1.0978734134983756e-117,1.4830791163159588e-179,1.1111862232449683e-122,0.0
1.0993846252140368e-156,0.0,5.081974897864424e-251,7.252819411024696e-309,5.3699891273479405e-58,0.0,0.0,8.311815455370579e-119,2.935926651741378e-181,8.30392348532357e-124,0.0
3.2523524113103635e-158,0.0,2.7797369584576517e-253,1.19010935426e-311,1.56821362769712e-58,0.0,0.0,6.151469042033946e-120,5.611834125875282e-183,6.062979083487057e-125,0.0
9.321073993620158e-160,0.0,1.4510755111535962e-255,1.843533961e-314,4.530074894078665e-59,0.0,0.0,4.449515278778595e-121,1.0353948760409236e-184,4.324180085536483e-126,0.0
2.5872007456730207e-161,0.0,7.226170658790446e-258,2.694472e-317,1.2942885281803136e-59,0.0,0.0,3.1449102521428595e-122,1.8433607595876695e-186,3.011926372622295e-127,0.0
6.952874378170615e-163,0.0,3.431416318136384e-260,3.714e-320,3.657120039374092e-60,0.0,0.0,2.171578257997895e-123,3.165761078890251e-188,2.0484005273310038e-128,0.0
1.8085971913236762e-164,0.0,1.553098655645204e-262,5e-323,1.0218476860279014e-60,0.0,0.0,1.4646152658090014e-124,5.242862528484617e-190,1.359945761220854e-129,0.0
4.5523382052473275e-166,0.0,6.697255358097178e-265,0.0,2.823111303221472e-61,0.0,0.0,9.646301249802792e-126,8.37026364150781e-192,8.811906120607506e-131,0.0
1.1084426071118627e-167,0.0,2.75027995792888e-267,0.0,7.711171669623091e-62,0.0,0.0,6.202900285764683e-127,1.2877947372132522e-193,5.571398581896188e-132,0.0
2.6100425352775405e-169,0.0,1.075096657528437e-269,0.0,2.0821812344946305e-62,0.0,0.0,3.893428309634281e-128,1.9087375149894708e-195,3.4364367584129847e-133,0.0
5.94163706413303e-171,0.0,3.998667377463288e-272,0.0,5.557472407936032e-63,0.0,0.0,2.3849474557249347e-129,2.724530868871038e-197,2.0673072868719165e-134,0.0
1.3072423407082418e-172,0.0,1.41444172037409e-274,0.0,1.466058058576816e-63,0.0,0.0,1.4254096544383565e-130,3.74399966871758e-199,1.2127078337194165e-135,0.0
2.778840577349937e-174,0.0,4.756198069363505e-277,0.0,3.8220302116219136e-64,0.0,0.0,8.310343305377927e-132,4.951418892134235e-201,6.935261266671848e-137,0.0
5.705498247568363e-176,0.0,1.5196417227452095e-279,0.0,9.845998433637659e-65,0.0,0.0,4.725196771750736e-133,6.299748992725418e-203,3.8656728682323955e-138,0.0
1.1311223799798239e-177,0.0,4.611353302585533e-282,0.0,2.5061167471654646e-65,0.0,0.0,2.6196598246411977e-134,7.70841494096742e-205,2.099627395664453e-139,0.0
2.1645823449422997e-179,0.0,1.32837041610979e-284,0.0,6.301899753449775e-66,0.0,0.0,1.4157790830445775e-135,9.067809153485469e-207,1.1109961141960954e-140,0.0
3.997130292442937e-181,0.0,3.630859722141956e-287,0.0,1.5653904358081487e-66,0.0,0.0,7.457140214437821e-137,1.025134643820682e-208,5.725763766570789e-142,0.0
7.12019844451111e-183,0.0,9.412245507095112e-290,0.0,3.84066796531648e-67,0.0,0.0,3.8271465286606135e-138,1.1133843549413751e-210,2.873434884970649e-143,0.0
1.2231061419746017e-184,0.0,2.3129310445917084e-292,0.0,9.306260900494881e-68,0.0,0.0,1.913386339457784e-139,1.1612827873696092e-212,1.4038214605150308e-144,0.0
2.025451417278119e-186,0.0,5.385277270948259e-295,0.0,2.226789126185653e-68,0.0,0.0,9.316503826080866e-141,1.1627895546282813e-214,6.6751275411499025e-146,0.0
3.2323712611347123e-188,0.0,1.1874567027111325e-297,0.0,5.261007949405137e-69,0.0,0.0,4.4169550898404976e-142,1.1173125311151636e-216,3.0884321861158977e-147,0.0
4.969551005429086e-190,0.0,2.478439389928044e-300,0.0,1.2271424109674307e-69,0.0,0.0,2.0384909641798482e-143,1.029905421981544e-218,1.3900808408396789e-148,0.0
7.358055354041373e-192,0.0,4.894115004815757e-303,0.0,2.8255747985852136e-70,0.0,0.0,9.155994473629438e-145,9.103458186034654e-221,6.08495311495635e-150,0.0
1.0488444388930431e-193,0.0,9.138774938173855e-306,0.0,6.421754864787429e-71,0.0,0.0,4.0013575864671256e-146,7.713253875198656e-223,2.5898841119333738e-151,0.0
1.438838503085248e-195,0.0,1.612873728011859e-308,0.0,1.440404566399086e-71,0.0,0.0,1.7010126806233503e-147,6.262176706601081e-225,1.0715170356628546e-152,0.0
1.8989582897767798e-197,0.0,2.688994877313e-311,0.0,3.1882136895378695e-72,0.0,0.0,7.032315581170355e-149,4.86970084892941e-227,4.3082631539097556e-154,0.0
2.41029002922797e-199,0.0,4.2328555636e-314,0.0,6.962903391354949e-73,0.0,0.0,2.826643668514986e-150,3.625766338496947e-229,1.6829743346304957e-155,0.0
2.9411719335914875e-201,0.0,6.287897e-317,0.0,1.5002398858337462e-73,0.0,0.0,1.104373570580406e-151,2.5837332664517734e-231,6.385745558695157e-157,0.0
3.449165967686953e-203,0.0,8.81e-320,0.0,3.188638876320599e-74,0.0,0.0,4.1929772038054844e-153,1.7614653583931537e-233,2.352828476941523e-158,0.0
3.8859238308599237e-205,0.0,1.2e-322,0.0,6.684526927970598e-75,0.0,0.0,1.546603121685291e-154,1.1484333102660158e-235,8.415852736945153e-160,0.0
4.204395057545267e-207,0.0,0.0,0.0,1.3819828834108058e-75,0.0,0.0,5.540799940031974e-156,7.157606392604034e-238,2.9215868847263756e-161,0.0
4.366997044788588e-209,0.0,0.0,0.0,2.817388542345167e-76,0.0,0.0,1.927478609416314e-157,4.262689841283625e-240,9.840901151871459e-163,0.0
4.352833906600852e-211,0.0,0.0,0.0,5.6630170623969434e-77,0.0,0.0,6.509017720581668e-159,2.4247975491247792e-242,3.21534678923977e-164,0.0
4.162069511528393e-213,0.0,0.0,0.0,1.1221489240051748e-77,0.0,0.0,2.1332137462703642e-160,1.3169321283019475e-244,1.0187745572098718e-165,0.0
3.8162019889132043e-215,0.0,0.0,0.0,2.1917881700781345e-78,0.0,0.0,6.783120391460008e-162,6.825998144188401e-247,3.1294284750546528e-167,0.0
3.3540802409654975e-217,0.0,0.0,0.0,4.219252918923893e-79,0.0,0.0,2.0921029615819008e-163,3.375210559453339e-249,9.316802692008095e-169,0.0
2.824680960074831e-219,0.0,0.0,0.0,8.003950140378248e-80,0.0,0.0,6.257142451086824e-165,1.591413081830818e-251,2.6875766153141008e-170,0.0
2.278512958575662e-221,0.0,0.0,0.0,1.4960545935780631e-80,0.0,0.0,1.814213933935982e-166,7.151976374905032e-254,7.50970614704481e-172,0.0
1.7597481551275204e-223,0.0,0.0,0.0,2.7549052014741335e-81,0.0,0.0,5.0979943278278895e-168,3.062262229741951e-256,2.0320205438346578e-173,0.0
1.3007555526689381e-225,0.0,0.0,0.0,4.997161641292062e-82,0.0,0.0,1.387990280711146e-169,1.2486542787817838e-258,5.322921993053694e-175,0.0
9.19845116748348e-228,0.0,0.0,0.0,8.927677619320355e-83,0.0,0.0,3.660382417457993e-171,4.846566987776537e-261,1.3494649827043063e-176,0.0
6.22062054825469e-230,0.0,0.0,0.0,1.5706964814053425e-83,0.0,0.0,9.347491379260381e-173,1.7898858379810364e-263,3.3100469235951443e-178,0.0
4.021399898764249e-232,0.0,0.0,0.0,2.7209745432306514e-84,0.0,0.0,2.310823415307164e-174,6.286670882240816e-266,7.853044073686642e-180,0.0
2.4840957985074724e-234,0.0,0.0,0.0,4.6406022324812867e-85,0.0,0.0,5.528596354961739e-176,2.0990549982146674e-268,1.801533908032006e-181,0.0
1.4656434096284919e-236,0.0,0.0,0.0,7.79077282849013e-86,0.0,0.0,1.2797102982666863e-177,6.659417655364719e-271,3.994986837856746e-183,0.0
8.256138329933393e-239,0.0,0.0,0.0,1.2873041964390435e-86,0.0,0.0,2.865023395999469e-179,2.0065864765028796e-273,8.560981567909899e-185,0.0
4.438460863019249e-241,0.0,0.0,0.0,2.093214982487614e-87,0.0,0.0,6.202036405226038e-181,5.739667611477922e-276,1.772281297932211e-186,0.0
2.276203604690251e-243,0.0,0.0,0.0,3.349002584807319e-88,0.0,0.0,1.2977732264231888e-182,1.557826385294561e-278,3.543292470120204e-188,0.0
1.11308395569949e-245,0.0,0.0,0.0,5.271358492003897e-89,0.0,0.0,2.624153379893956e-184,4.0100445155325726e-281,6.839269956163569e-190,0.0
5.18795253241886e-248,0.0,0.0,0.0,8.161517046011052e-90,0.0,0.0,5.125920634015962e-186,9.78519929308877e-284,1.2740978891308862e-191,0.0
2.3037045559551707e-250,0.0,0.0,0.0,1.2427843313051201e-90,0.0,0.0,9.66967639351708e-188,2.262409116684021e-286,2.2900597235065965e-193,0.0
9.741594345995795e-253,0.0,0.0,0.0,1.8609378375845148e-91,0.0,0.0,1.7610566650132479e-189,4.9538442134782815e-289,3.970097580070969e-195,0.0
3.921153182187434e-255,0.0,0.0,0.0,2.739764758497978e-92,0.0,0.0,3.095414032597058e-191,1.0267627988975214e-291,6.636269894239952e-197,0.0
1.5017041586569304e-257,0.0,0.0,0.0,3.965276635026647e-93,0.0,0.0,5.249399796232956e-193,2.013443272908231e-294,1.0692326912931813e-198,0.0
5.4694834557961424e-260,0.0,0.0,0.0,5.640861129501797e-94,0.0,0.0,8.586303762538032e-195,3.7336459771675873e-297,1.6599740346859478e-200,0.0
1.893661619608274e-262,0.0,0.0,0.0,7.886082451941074e-95,0.0,0.0,1.3541522344944335e-196,6.543835130584255e-300,2.4823640956359195e-202,0.0
6.22950547320287e-265,0.0,0.0,0.0,1.0833103233166272e-95,0.0,0.0,2.058500850245426e-198,1.08346794978496e-302,3.574519835053721e-204,0.0
1.946252096219369e-267,0.0,0.0,0.0,1.4620127820666753e-96,0.0,0.0,3.0151805211316056e-200,1.693796889125611e-305,4.954611193703369e-206,0.0
5.772132902266256e-270,0.0,0.0,0.0,1.938146539491712e-97,0.0,0.0,4.254116596240999e-202,2.498867075657309e-308,6.608324145942673e-208,0.0
1.6242796592060235e-272,0.0,0.0,0.0,2.5234168996682264e-98,0.0,0.0,5.779536978250606e-204,3.4772388928586e-311,8.478360579279984e-210,0.0
4.334771833757337e-275,0.0,0.0,0.0,3.2261720922616717e-99,0.0,0.0,7.558171791270269e-206,4.5614822776e-314,1.0459688400769553e-211,0.0
1.0965904670744697e-277,0.0,0.0,0.0,4.0495867503817643e-100,0.0,0.0,9.511119970098655e-208,5.633671e-317,1.240389501461715e-213,0.0
2.628363490262312e-280,0.0,0.0,0.0,4.989837697322045e-101,0.0,0.0,1.1512974436446259e-209,1.09826e-319,1.4134311181508402e-215,0.0
5.965916526369902e-283,0.0,0.0,0.0,6.034508429240107e-102,0.0,0.0,1.3400865111235602e-211,0.0,1.5470765536198051e-217,0.0
1.2817574178496256e-285,0.0,0.0,0.0,7.161495346798463e-103,0.0,0.0,1.4993900100597613e-213,0.0,1.6259661111971246e-219,0.0
2.6052873220545137e-288,0.0,0.0,0.0,8.33868895910883e-104,0.0,0.0,1.6120501879258096e-215,0.0,1.6402657467638597e-221,0.0
5.007359586878964e-291,0.0,0.0,0.0,9.524656387344515e-105,0.0,0.0,1.6648264464409418e-217,0.0,1.5876656595920992e-223,0.0
9.095897949562973e-294,0.0,0.0,0.0,1.0670454111021143e-105,0.0,0.0,1.6509302455865464e-219,0.0,1.4739529134392972e-225,0.0
1.5607894286314143e-296,0.0,0.0,0.0,1.172255852757706e-106,0.0,0.0,1.5714454214572645e-221,0.0,1.3119703985265567e-227,0.0
2.5286066332026806e-299,0.0,0.0,0.0,1.26267339314036e-107,0.0,0.0,1.435227472570017e-223,0.0,1.1192187928739376e-229,0.0
3.8657228620061765e-302,0.0,0.0,0.0,1.333248968600617e-108,0.0,0.0,1.2572789074513066e-225,0.0,9.147231073885121e-232,0.0
5.573973012172962e-305,0.0,0.0,0.0,1.379764243313379e-109,0.0,0.0,1.05601263005824e-227,0.0,7.159450070381282e-234,0.0
7.576090702389742e-308,0.0,0.0,0.0,1.399242556486731e-110,0.0,0.0,8.500977265847965e-230,0.0,5.364326138088165e-236,0.0
9.843787400301e-311,0.0,0.0,0.0,1.3902598727835855e-111,0.0,0.0,6.556393950247318e-232,0.0,3.846137257618225e-238,0.0
0.0,0.0,0.0,0.0,1.3531111947419019e-112,0.0,0.0,4.842731137806301e-234,0.0,2.6377615288566736e-240,0.0
0.0,0.0,0.0,0.0,1.2898061096204194e-113,0.0,0.0,3.424332942332916e-236,0.0,1.7297084757632815e-242,0.0
0.0,0.0,0.0,0.0,1.2038905607688235e-114,0.0,0.0,2.3171362445134508e-238,0.0,1.0840787665307212e-244,0.0
0.0,0.0,0.0,0.0,1.100116502156904e-115,0.0,0.0,1.4998410412147921e-240,0.0,6.491149618941781e-247,0.0
0.0,0.0,0.0,0.0,9.840023751004152e-117,0.0,0.0,9.282897086281553e-243,0.0,3.711726494174629e-249,0.0
0.0,0.0,0.0,0.0,8.61341485777389e-118,0.0,0.0,5.491506161726172e-245,0.0,2.0260164515371244e-251,0.0
0.0,0.0,0.0,0.0,7.377199499986011e-119,0.0,0.0,3.1037910004093773e-247,0.0,1.0552128545788698e-253,0.0
0.0,0.0,0.0,0.0,6.181004534264133e-120,0.0,0.0,1.6753607710070629e-249,0.0,5.241831836410972e-256,0.0
0.0,0.0,0.0,0.0,5.06514193647732e-121,0.0,0.0,8.632951635043235e-252,0.0,2.482482156552419e-258,0.0
0.0,0.0,0.0,0.0,4.0588413151419304e-122,0.0,0.0,4.244865738877015e-254,0.0,1.120370541643804e-260,0.0
0.0,0.0,0.0,0.0,3.179819759419475e-123,0.0,0.0,1.990853247646858e-256,0.0,4.816377057546628e-263,0.0
0.0,0.0,0.0,0.0,2.4350293599932483e-124,0.0,0.0,8.902264168815329e-259,0.0,1.9713855793667027e-265,0.0
0.0,0.0,0.0,0.0,1.8222906772964443e-125,0.0,0.0,3.79368511943199e-261,0.0,7.679311596820976e-268,0.0
0.0,0.0,0.0,0.0,1.3324549488696912e-126,0.0,0.0,1.5400457041985559e-263,0.0,2.8456284865314394e-270,0.0
0.0,0.0,0.0,0.0,9.517386449273362e-128,0.0,0.0,5.952888068338398e-266,0.0,1.0026356065950013e-272,0.0
0.0,0.0,0.0,0.0,6.639283262461157e-129,0.0,0.0,2.1900404791354088e-268,0.0,3.357523849318675e-275,0.0
0.0,0.0,0.0,0.0,4.522412988543628e-130,0.0,0.0,7.665027151202692e-271,0.0,1.0680864413088182e-277,0.0
0.0,0.0,0.0,0.0,3.007261077497176e-131,0.0,0.0,2.5510410680851094e-273,0.0,3.2262904227493613e-280,0.0
0.0,0.0,0.0,0.0,1.9517736747831057e-132,0.0,0.0,8.06987313101911e-276,0.0,9.249258180258652e-283,0.0
0.0,0.0,0.0,0.0,1.2360893100987351e-133,0.0,0.0,2.4252862215309523e-278,0.0,2.5154258420802945e-285,0.0
0.0,0.0,0.0,0.0,7.637234356175969e-135,0.0,0.0,6.921593126113181e-281,0.0,6.486497230898554e-288,0.0
0.0,0.0,0.0,0.0,4.60247234230874e-136,0.0,0.0,1.8749679091130265e-283,0.0,1.5852366923298122e-290,0.0
0.0,0.0,0.0,0.0,2.70468761599931e-137,0.0,0.0,4.818617166083265e-286,0.0,3.669883885536386e-293,0.0
0.0,0.0,0.0,0.0,1.5495837721860685e-138,0.0,0.0,1.1743189932658735e-288,0.0,8.044001085421866e-296,0.0
0.0,0.0,0.0,0.0,8.653370555367482e-140,0.0,0.0,2.7125467492925833e-291,0.0,1.6685485375691231e-298,0.0
0.0,0.0,0.0,0.0,4.7089839359725305e-141,0.0,0.0,5.935897546213376e-294,0.0,3.273677488739852e-301,0.0
0.0,0.0,0.0,0.0,2.4965441029241916e-142,0.0,0.0,1.2299918132617575e-296,0.0,6.072180877416726e-304,0.0
0.0,0.0,0.0,0.0,1.2891959861211863e-143,0.0,0.0,2.412189586184404e-299,0.0,1.0642526216625976e-306,0.0
0.0,0.0,0.0,0.0,6.482804591304386e-145,0.0,0.0,4.475059932573954e-302,0.0,1.76162491867326e-309,0.0
0.0,0.0,0.0,0.0,3.173707383384855e-146,0.0,0.0,7.849596600997061e-305,0.0,2.75249350032e-312,0.0
0.0,0.0,0.0,0.0,1.5122567627816115e-147,0.0,0.0,1.3011812278474354e-307,0.0,4.05748314e-315,0.0
0.0,0.0,0.0,0.0,7.011850946110368e-149,0.0,0.0,2.03727254672444e-310,0.0,5.639957e-318,0.0
0.0,0.0,0.0,0.0,3.1628684365083783e-150,0.0,0.0,3.01132963794e-313,0.0,7.39e-321,0.0
0.0,0.0,0.0,0.0,1.3875950620218416e-151,0.0,0.0,4.1999121e-316,0.0,1e-323,0.0
0.0,0.0,0.0,0.0,5.919273510637909e-153,0.0,0.0,5.5242e-319,0.0,0.0,0.0
0.0,0.0,0.0,0.0,2.454641111703094e-154,0.0,0.0,6.87e-322,0.0,0.0,0.0
0.0,0.0,0.0,0.0,9.892599515774783e-156,0.0,0.0,0.0,0.0,0.0,0.0
0.0,0.0,0.0,0.0,3.873678465731027e-157,0.0,0.0,0.0,0.0,0.0,0.0
0.0,0.0,0.0,0.0,1.4733784169339073e-158,0.0,0.0,0.0,0.0,0.0,0.0
0.0,0.0,0.0,0.0,5.442124629864958e-160,0.0,0.0,0.0,0.0,0.0,0.0
0.0,0.0,0.0,0.0,1.9515106604159517e-161,0.0,0.0,0.0,0.0,0.0,0.0
0.0,0.0,0.0,0.0,6.792121029360146e-163,0.0,0.0,0.0,0.0,0.0,0.0
0.0,0.0,0.0,0.0,2.293795383896195e-164,0.0,0.0,0.0,0.0,0.0,0.0
0.0,0.0,0.0,0.0,7.514504858636894e-166,0.0,0.0,0.0,0.0,0.0,0.0
0.0,0.0,0.0,0.0,2.3873885010031484e-167,0.0,0.0,0.0,0.0,0.0,0.0
0.0,0.0,0.0,0.0,7.353640170941722e-169,0.0,0.0,0.0,0.0,0.0,0.0
0.0,0.0,0.0,0.0,2.195415005832133e-170,0.0,0.0,0.0,0.0,0.0,0.0
0.0,0.0,0.0,0.0,6.351015671610838e-172,0.0,0.0,0.0,0.0,0.0,0.0
0.0,0.0,0.0,0.0,1.77974696461237e-173,0.0,0.0,0.0,0.0,0.0,0.0
0.0,0.0,0.0,0.0,4.829886842143327e-175,0.0,0.0,0.0,0.0,0.0,0.0
0.0,0.0,0.0,0.0,1.2689755016262832e-176,0.0,0.0,0.0,0.0,0.0,0.0
0.0,0.0,0.0,0.0,3.226858600519426e-178,0.0,0.0,0.0,0.0,0.0,0.0
0.0,0.0,0.0,0.0,7.939419076724557e-180,0.0,0.0,0.0,0.0,0.0,0.0
0.0,0.0,0.0,0.0,1.8895140667058383e-181,0.0,0.0,0.0,0.0,0.0,0.0
0.0,0.0,0.0,0.0,4.348440087921699e-183,0.0,0.0,0.0,0.0,0.0,0.0
0.0,0.0,0.0,0.0,9.674019885726011e-185,0.0,0.0,0.0,0.0,0.0,0.0
0.0,0.0,0.0,0.0,2.0798765437165465e-186,0.0,0.0,0.0,0.0,0.0,0.0
0.0,0.0,0.0,0.0,4.3200721929942844e-188,0.0,0.0,0.0,0.0,0.0,0.0
0.0,0.0,0.0,0.0,8.666263173008118e-190,0.0,0.0,0.0,0.0,0.0,0.0
0.0,0.0,0.0,0.0,1.6785083057757038e-191,0.0,0.0,0.0,0.0,0.0,0.0
0.0,0.0,0.0,0.0,3.137819537472137e-193,0.0,0.0,0.0,0.0,0.0,0.0
0.0,0.0,0.0,0.0,5.659865688073601e-195,0.0,0.0,0.0,0.0,0.0,0.0
0.0,0.0,0.0,0.0,9.847309111429399e-197,0.0,0.0,0.0,0.0,0.0,0.0
0.0,0.0,0.0,0.0,1.6520402283154257e-198,0.0,0.0,0.0,0.0,0.0,0.0
0.0,0.0,0.0,0.0,2.6716053578304185e-200,0.0,0.0,0.0,0.0,0.0,0.0
0.0,0.0,0.0,0.0,4.16321056739363e-202,0.0,0.0,0.0,0.0,0.0,0.0
0.0,0.0,0.0,0.0,6.2494712266004916e-204,0.0,0.0,0.0,0.0,0.0,0.0
0.0,0.0,0.0,0.0,9.03379260674316e-206,0.0,0.0,0.0,0.0,0.0,0.0
0.0,0.0,0.0,0.0,1.2570735885509347e-207,0.0,0.0,0.0,0.0,0.0,0.0
0.0,0.0,0.0,0.0,1.6833153548707592e-209,0.0,0.0,0.0,0.0,0.0,0.0
0.0,0.0,0.0,0.0,2.168370886614116e-211,0.0,0.0,0.0,0.0,0.0,0.0
0.0,0.0,0.0,0.0,2.6860413076275958e-213,0.0,0.0,0.0,0.0,0.0,0.0
0.0,0.0,0.0,0.0,3.19852098298061e-215,0.0,0.0,0.0,0.0,0.0,0.0
0.0,0.0,0.0,0.0,3.660059024182691e-217,0.0,0.0,0.0,0.0,0.0,0.0
0.0,0.0,0.0,0.0,4.023211934903398e-219,0.0,0.0,0.0,0.0,0.0,0.0
0.0,0.0,0.0,0.0,4.2466436901349874e-221,0.0,0.0,0.0,0.0,0.0,0.0
0.0,0.0,0.0,0.0,4.302764266023259e-223,0.0,0.0,0.0,0.0,0.0,0.0
0.0,0.0,0.0,0.0,4.1832843498498894e-225,0.0,0.0,0.0,0.0,0.0,0.0
0.0,0.0,0.0,0.0,3.9011545309241887e-227,0.0,0.0,0.0,0.0,0.0,0.0
0.0,0.0,0.0,0.0,3.4882790737783095e-229,0.0,0.0,0.0,0.0,0.0,0.0
0.0,0.0,0.0,0.0,2.98955452177131e-231,0.0,0.0,0.0,0.0,0.0,0.0
0.0,0.0,0.0,0.0,2.4547785119200322e-233,0.0,0.0,0.0,0.0,0.0,0.0
0.0,0.0,0.0,0.0,1.9304591343631668e-235,0.0,0.0,0.0,0.0,0.0,0.0
0.0,0.0,0.0,0.0,1.453388575365195e-237,0.0,0.0,0.0,0.0,0.0,0.0
0.0,0.0,0.0,0.0,1.0471394762600396e-239,0.0,0.0,0.0,0.0,0.0,0.0
0.0,0.0,0.0,0.0,7.2169927111884295e-242,0.0,0.0,0.0,0.0,0.0,0.0
0.0,0.0,0.0,0.0,4.7562280036154893e-244,0.0,0.0,0.0,0.0,0.0,0.0
0.0,0.0,0.0,0.0,2.996041838876106e-246,0.0,0.0,0.0,0.0,0.0,0.0
0.0,0.0,0.0,0.0,1.80316075109976e-248,0.0,0.0,0.0,0.0,0.0,0.0
0.0,0.0,0.0,0.0,1.0364380063913777e-250,0.0,0.0,0.0,0.0,0.0,0.0
0.0,0.0,0.0,0.0,5.68713919323766e-253,0.0,0.0,0.0,0.0,0.0,0.0
0.0,0.0,0.0,0.0,2.977856215248059e-255,0.0,0.0,0.0,0.0,0.0,0.0
0.0,0.0,0.0,0.0,1.4872671195109943e-257,0.0,0.0,0.0,0.0,0.0,0.0
0.0,0.0,0.0,0.0,7.082131702585283e-260,0.0,0.0,0.0,0.0,0.0,0.0
0.0,0.0,0.0,0.0,3.2139676086711186e-262,0.0,0.0,0.0,0.0,0.0,0.0
0.0,0.0,0.0,0.0,1.3894165816904813e-264,0.0,0.0,0.0,0.0,0.0,0.0
0.0,0.0,0.0,0.0,5.719344368315237e-267,0.0,0.0,0.0,0.0,0.0,0.0
0.0,0.0,0.0,0.0,2.2407343915929997e-269,0.0,0.0,0.0,0.0,0.0,0.0
0.0,0.0,0.0,0.0,8.35161977417166e-272,0.0,0.0,0.0,0.0,0.0,0.0
0.0,0.0,0.0,0.0,2.959997398239746e-274,0.0,0.0,0.0,0.0,0.0,0.0
0.0,0.0,0.0,0.0,9.971363189588499e-277,0.0,0.0,0.0,0.0,0.0,0.0
0.0,0.0,0.0,0.0,3.1912501752027174e-279,0.0,0.0,0.0,0.0,0.0,0.0
0.0,0.0,0.0,0.0,9.698598840131774e-282,0.0,0.0,0.0,0.0,0.0,0.0
0.0,0.0,0.0,0.0,2.797665998655893e-284,0.0,0.0,0.0,0.0,0.0,0.0
0.0,0.0,0.0,0.0,7.656257241173753e-287,0.0,0.0,0.0,0.0,0.0,0.0
0.0,0.0,0.0,0.0,1.9868457804925766e-289,0.0,0.0,0.0,0.0,0.0,0.0
0.0,0.0,0.0,0.0,4.886862561672381e-292,0.0,0.0,0.0,0.0,0.0,0.0
0.0,0.0,0.0,0.0,1.1386856968560226e-294,0.0,0.0,0.0,0.0,0.0,0.0
0.0,0.0,0.0,0.0,2.5123082458831836e-297,0.0,0.0,0.0,0.0,0.0,0.0
0.0,0.0,0.0,0.0,5.245935213996477e-300,0.0,0.0,0.0,0.0,0.0,0.0
0.0,0.0,0.0,0.0,1.0361855859290512e-302,0.0,0.0,0.0,0.0,0.0,0.0
0.0,0.0,0.0,0.0,1.9350782108654694e-305,0.0,0.0,0.0,0.0,0.0,0.0
0.0,0.0,0.0,0.0,3.4149598716206814e-308,0.0,0.0,0.0,0.0,0.0,0.0
0.0,0.0,0.0,0.0,5.692152858561e-311,0.0,0.0,0.0,0.0,0.0,0.0
0.0,0.0,0.0,0.0,8.956681333e-314,0.0,0.0,0.0,0.0,0.0,0.0
0.0,0.0,0.0,0.0,1.3297532e-316,0.0,0.0,0.0,0.0,0.0,0.0
0.0,0.0,0.0,0.0,1.86174e-319,0.0,0.0,0.0,0.0,0.0,0.0
0.0,0.0,0.0,0.0,2.47e-322,0.0,0.0,0.0,0.0,0.0,0.0
0.0,0.0,0.0,0.0,0.0,0.0,0.0,0.0,0.0,0.0,0.0
0.0,0.0,0.0,0.0,0.0,0.0,0.0,0.0,0.0,0.0,0.0
0.0,0.0,0.0,0.0,0.0,0.0,0.0,0.0,0.0,0.0,0.0
0.0,0.0,0.0,0.0,0.0,0.0,0.0,0.0,0.0,0.0,0.0
